event_id,lot_id,station_id,event_type,start_time,end_time,shift,param_temp,param_force,param_vibration,qty_in,qty_out,qty_ng,is_physical_anomaly,anomaly_type,fmea_code
EVT-000001,LOT-0001,STN-INB,START,2026-09-29T06:00:00,2026-09-29T06:02:00,CA1,,,,200,200,0,False,,
EVT-000002,LOT-0001,STN-M1,START,2026-09-29T06:02:30,2026-09-29T06:04:30,CA1,,,4.1,200,200,0,False,,
EVT-000003,LOT-0001,STN-M2,START,2026-09-29T06:05:00,2026-09-29T06:07:00,CA1,182.6,45.6,,200,200,0,False,,
EVT-000004,LOT-0001,STN-HT,START,2026-09-29T06:07:30,2026-09-29T06:17:30,CA1,181.0,,,200,200,0,False,,
EVT-000005,LOT-0001,STN-AS1,START,2026-09-29T06:18:00,2026-09-29T06:20:00,CA1,,,,200,198,2,True,TOOL_VIBRATION,FMEA-M2-001
EVT-000006,LOT-0001,STN-T1,START,2026-09-29T06:20:30,2026-09-29T06:22:30,CA1,,,,200,200,0,False,,
EVT-000007,LOT-0001,STN-PK,START,2026-09-29T06:23:00,2026-09-29T06:25:00,CA1,,,,200,200,0,False,,
EVT-000008,LOT-0001,STN-SHP,START,2026-09-29T06:25:30,2026-09-29T06:27:30,CA1,,,,200,198,2,True,TEMP_SPIKE,FMEA-M2-001
EVT-000009,LOT-0002,STN-INB,START,2026-09-29T14:48:00,2026-09-29T14:50:00,CA2,,,,200,200,0,False,,
EVT-000010,LOT-0002,STN-M1,START,2026-09-29T14:50:30,2026-09-29T14:52:30,CA2,,,1.1,200,200,0,False,,
EVT-000011,LOT-0002,STN-M2,START,2026-09-29T14:53:00,2026-09-29T14:55:00,CA2,179.8,45.4,,200,200,0,False,,
EVT-000012,LOT-0002,STN-HT,START,2026-09-29T14:55:30,2026-09-29T15:05:30,CA2,175.7,,,200,200,0,False,,
EVT-000013,LOT-0002,STN-AS1,START,2026-09-29T15:06:00,2026-09-29T15:08:00,CA2,,,,200,200,0,False,,
EVT-000014,LOT-0002,STN-T1,START,2026-09-29T15:08:30,2026-09-29T15:10:30,CA2,,,,200,200,0,False,,
EVT-000015,LOT-0002,STN-PK,START,2026-09-29T15:11:00,2026-09-29T15:13:00,CA2,,,,200,200,0,False,,
EVT-000016,LOT-0002,STN-SHP,START,2026-09-29T15:13:30,2026-09-29T15:15:30,CA2,,,,200,200,0,False,,
EVT-000017,LOT-0003,STN-INB,START,2026-09-29T07:36:00,2026-09-29T07:38:00,CA1,,,,200,200,0,False,,
EVT-000018,LOT-0003,STN-M1,START,2026-09-29T07:38:30,2026-09-29T07:40:30,CA1,,,2.9,200,198,2,True,TEMP_SPIKE,FMEA-M2-001
EVT-000019,LOT-0003,STN-HT,START,2026-09-29T07:41:00,2026-09-29T07:51:00,CA1,177.1,,,200,200,0,False,,
EVT-000020,LOT-0003,STN-AS2,START,2026-09-29T07:51:30,2026-09-29T07:53:30,CA1,,,,200,200,0,False,,
EVT-000021,LOT-0003,STN-T1,START,2026-09-29T07:54:00,2026-09-29T07:56:00,CA1,,,,200,200,0,False,,
EVT-000022,LOT-0003,STN-PK,START,2026-09-29T07:56:30,2026-09-29T07:58:30,CA1,,,,200,200,0,False,,
EVT-000023,LOT-0003,STN-SHP,START,2026-09-29T07:59:00,2026-09-29T08:01:00,CA1,,,,200,198,2,True,TOOL_VIBRATION,FMEA-M2-001
EVT-000024,LOT-0004,STN-INB,START,2026-09-29T16:24:00,2026-09-29T16:26:00,CA2,,,,200,200,0,False,,
EVT-000025,LOT-0004,STN-M1,START,2026-09-29T16:26:30,2026-09-29T16:28:30,CA2,,,3.1,200,200,0,False,,
EVT-000026,LOT-0004,STN-HT,START,2026-09-29T16:29:00,2026-09-29T16:39:00,CA2,182.6,,,200,200,0,False,,
EVT-000027,LOT-0004,STN-AS2,START,2026-09-29T16:39:30,2026-09-29T16:41:30,CA2,,,,200,200,0,False,,
EVT-000028,LOT-0004,STN-T1,START,2026-09-29T16:42:00,2026-09-29T16:44:00,CA2,,,,200,198,2,True,TOOL_VIBRATION,FMEA-M2-001
EVT-000029,LOT-0004,STN-PK,START,2026-09-29T16:44:30,2026-09-29T16:46:30,CA2,,,,200,200,0,False,,
EVT-000030,LOT-0004,STN-SHP,START,2026-09-29T16:47:00,2026-09-29T16:49:00,CA2,,,,200,200,0,False,,
EVT-000031,LOT-0005,STN-INB,START,2026-09-29T09:12:00,2026-09-29T09:14:00,CA1,,,,200,200,0,False,,
EVT-000032,LOT-0005,STN-M1,START,2026-09-29T09:14:30,2026-09-29T09:16:30,CA1,,,2.5,200,200,0,False,,
EVT-000033,LOT-0005,STN-M2,START,2026-09-29T09:17:00,2026-09-29T09:19:00,CA1,173.3,44.1,,200,200,0,False,,
EVT-000034,LOT-0005,STN-HT,START,2026-09-29T09:19:30,2026-09-29T09:29:30,CA1,181.2,,,200,200,0,False,,
EVT-000035,LOT-0005,STN-AS1,START,2026-09-29T09:30:00,2026-09-29T09:32:00,CA1,,,,200,200,0,False,,
EVT-000036,LOT-0005,STN-T1,START,2026-09-29T09:32:30,2026-09-29T09:34:30,CA1,,,,200,200,0,False,,
EVT-000037,LOT-0005,STN-PK,START,2026-09-29T09:35:00,2026-09-29T09:37:00,CA1,,,,200,200,0,False,,
EVT-000038,LOT-0005,STN-SHP,START,2026-09-29T09:37:30,2026-09-29T09:39:30,CA1,,,,200,200,0,False,,
EVT-000039,LOT-0006,STN-INB,START,2026-09-29T18:00:00,2026-09-29T18:02:00,CA2,,,,200,200,0,False,,
EVT-000040,LOT-0006,STN-M1,START,2026-09-29T18:02:30,2026-09-29T18:04:30,CA2,,,4.1,200,200,0,False,,
EVT-000041,LOT-0006,STN-M2,START,2026-09-29T18:05:00,2026-09-29T18:07:00,CA2,180.7,43.3,,200,200,0,False,,
EVT-000042,LOT-0006,STN-HT,START,2026-09-29T18:07:30,2026-09-29T18:17:30,CA2,177.1,,,200,200,0,False,,
EVT-000043,LOT-0006,STN-AS1,START,2026-09-29T18:18:00,2026-09-29T18:20:00,CA2,,,,200,200,0,False,,
EVT-000044,LOT-0006,STN-T1,START,2026-09-29T18:20:30,2026-09-29T18:22:30,CA2,,,,200,200,0,False,,
EVT-000045,LOT-0006,STN-PK,START,2026-09-29T18:23:00,2026-09-29T18:25:00,CA2,,,,200,200,0,False,,
EVT-000046,LOT-0006,STN-SHP,START,2026-09-29T18:25:30,2026-09-29T18:27:30,CA2,,,,200,200,0,False,,
EVT-000047,LOT-0007,STN-INB,START,2026-09-29T10:48:00,2026-09-29T10:50:00,CA1,,,,200,200,0,False,,
EVT-000048,LOT-0007,STN-M1,START,2026-09-29T10:50:30,2026-09-29T10:52:30,CA1,,,4.3,200,200,0,False,,
EVT-000049,LOT-0007,STN-HT,START,2026-09-29T10:53:00,2026-09-29T11:03:00,CA1,178.9,,,200,200,0,False,,
EVT-000050,LOT-0007,STN-AS2,START,2026-09-29T11:03:30,2026-09-29T11:05:30,CA1,,,,200,200,0,False,,
EVT-000051,LOT-0007,STN-T1,START,2026-09-29T11:06:00,2026-09-29T11:08:00,CA1,,,,200,200,0,False,,
EVT-000052,LOT-0007,STN-PK,START,2026-09-29T11:08:30,2026-09-29T11:10:30,CA1,,,,200,200,0,False,,
EVT-000053,LOT-0007,STN-SHP,START,2026-09-29T11:11:00,2026-09-29T11:13:00,CA1,,,,200,200,0,False,,
EVT-000054,LOT-0008,STN-INB,START,2026-09-29T19:36:00,2026-09-29T19:38:00,CA2,,,,200,200,0,False,,
EVT-000055,LOT-0008,STN-M1,START,2026-09-29T19:38:30,2026-09-29T19:40:30,CA2,,,0.9,200,200,0,False,,
EVT-000056,LOT-0008,STN-HT,START,2026-09-29T19:41:00,2026-09-29T19:51:00,CA2,195.5,,,200,198,2,True,TEMP_SPIKE,FMEA-M2-001
EVT-000057,LOT-0008,STN-AS2,START,2026-09-29T19:51:30,2026-09-29T19:53:30,CA2,,,,200,200,0,False,,
EVT-000058,LOT-0008,STN-T1,START,2026-09-29T19:54:00,2026-09-29T19:56:00,CA2,,,,200,200,0,False,,
EVT-000059,LOT-0008,STN-PK,START,2026-09-29T19:56:30,2026-09-29T19:58:30,CA2,,,,200,200,0,False,,
EVT-000060,LOT-0008,STN-SHP,START,2026-09-29T19:59:00,2026-09-29T20:01:00,CA2,,,,200,200,0,False,,
EVT-000061,LOT-0009,STN-INB,START,2026-09-29T06:00:00,2026-09-29T06:02:00,CA1,,,,200,200,0,False,,
EVT-000062,LOT-0009,STN-M1,START,2026-09-29T06:02:30,2026-09-29T06:04:30,CA1,,,4.4,200,200,0,False,,
EVT-000063,LOT-0009,STN-M2,START,2026-09-29T06:05:00,2026-09-29T06:07:00,CA1,184.9,45.3,,200,200,0,False,,
EVT-000064,LOT-0009,STN-HT,START,2026-09-29T06:07:30,2026-09-29T06:17:30,CA1,179.8,,,200,200,0,False,,
EVT-000065,LOT-0009,STN-AS1,START,2026-09-29T06:18:00,2026-09-29T06:20:00,CA1,,,,200,200,0,False,,
EVT-000066,LOT-0009,STN-T1,START,2026-09-29T06:20:30,2026-09-29T06:22:30,CA1,,,,200,200,0,False,,
EVT-000067,LOT-0009,STN-PK,START,2026-09-29T06:23:00,2026-09-29T06:25:00,CA1,,,,200,200,0,False,,
EVT-000068,LOT-0009,STN-SHP,START,2026-09-29T06:25:30,2026-09-29T06:27:30,CA1,,,,200,200,0,False,,
EVT-000069,LOT-0010,STN-INB,START,2026-09-29T14:48:00,2026-09-29T14:50:00,CA2,,,,200,200,0,False,,
EVT-000070,LOT-0010,STN-M1,START,2026-09-29T14:50:30,2026-09-29T14:52:30,CA2,,,4.5,200,200,0,False,,
EVT-000071,LOT-0010,STN-M2,START,2026-09-29T14:53:00,2026-09-29T14:55:00,CA2,177.4,44.3,,200,200,0,False,,
EVT-000072,LOT-0010,STN-HT,START,2026-09-29T14:55:30,2026-09-29T15:05:30,CA2,175.4,,,200,200,0,False,,
EVT-000073,LOT-0010,STN-AS1,START,2026-09-29T15:06:00,2026-09-29T15:08:00,CA2,,,,200,200,0,False,,
EVT-000074,LOT-0010,STN-T1,START,2026-09-29T15:08:30,2026-09-29T15:10:30,CA2,,,,200,200,0,False,,
EVT-000075,LOT-0010,STN-PK,START,2026-09-29T15:11:00,2026-09-29T15:13:00,CA2,,,,200,198,2,True,TEMP_SPIKE,FMEA-M2-001
EVT-000076,LOT-0010,STN-SHP,START,2026-09-29T15:13:30,2026-09-29T15:15:30,CA2,,,,200,200,0,False,,
EVT-000077,LOT-0011,STN-INB,START,2026-09-29T07:36:00,2026-09-29T07:38:00,CA1,,,,200,198,2,True,FORCE_DROP,FMEA-M2-001
EVT-000078,LOT-0011,STN-M1,START,2026-09-29T07:38:30,2026-09-29T07:40:30,CA1,,,3.1,200,200,0,False,,
EVT-000079,LOT-0011,STN-HT,START,2026-09-29T07:41:00,2026-09-29T07:51:00,CA1,177.1,,,200,200,0,False,,
EVT-000080,LOT-0011,STN-AS2,START,2026-09-29T07:51:30,2026-09-29T07:53:30,CA1,,,,200,200,0,False,,
EVT-000081,LOT-0011,STN-T1,START,2026-09-29T07:54:00,2026-09-29T07:56:00,CA1,,,,200,200,0,False,,
EVT-000082,LOT-0011,STN-PK,START,2026-09-29T07:56:30,2026-09-29T07:58:30,CA1,,,,200,200,0,False,,
EVT-000083,LOT-0011,STN-SHP,START,2026-09-29T07:59:00,2026-09-29T08:01:00,CA1,,,,200,200,0,False,,
EVT-000084,LOT-0012,STN-INB,START,2026-09-29T16:24:00,2026-09-29T16:26:00,CA2,,,,200,200,0,False,,
EVT-000085,LOT-0012,STN-M1,START,2026-09-29T16:26:30,2026-09-29T16:28:30,CA2,,,1.6,200,200,0,False,,
EVT-000086,LOT-0012,STN-HT,START,2026-09-29T16:29:00,2026-09-29T16:39:00,CA2,177.9,,,200,200,0,False,,
EVT-000087,LOT-0012,STN-AS2,START,2026-09-29T16:39:30,2026-09-29T16:41:30,CA2,,,,200,198,2,True,TEMP_SPIKE,FMEA-M2-001
EVT-000088,LOT-0012,STN-T1,START,2026-09-29T16:42:00,2026-09-29T16:44:00,CA2,,,,200,200,0,False,,
EVT-000089,LOT-0012,STN-PK,START,2026-09-29T16:44:30,2026-09-29T16:46:30,CA2,,,,200,200,0,False,,
EVT-000090,LOT-0012,STN-SHP,START,2026-09-29T16:47:00,2026-09-29T16:49:00,CA2,,,,200,198,2,True,TEMP_SPIKE,FMEA-M2-001
EVT-000091,LOT-0013,STN-INB,START,2026-09-29T09:12:00,2026-09-29T09:14:00,CA1,,,,200,200,0,False,,
EVT-000092,LOT-0013,STN-M1,START,2026-09-29T09:14:30,2026-09-29T09:16:30,CA1,,,1.0,200,200,0,False,,
EVT-000093,LOT-0013,STN-M2,START,2026-09-29T09:17:00,2026-09-29T09:19:00,CA1,182.4,43.5,,200,200,0,False,,
EVT-000094,LOT-0013,STN-HT,START,2026-09-29T09:19:30,2026-09-29T09:29:30,CA1,178.5,,,200,200,0,False,,
EVT-000095,LOT-0013,STN-AS1,START,2026-09-29T09:30:00,2026-09-29T09:32:00,CA1,,,,200,200,0,False,,
EVT-000096,LOT-0013,STN-T1,START,2026-09-29T09:32:30,2026-09-29T09:34:30,CA1,,,,200,200,0,False,,
EVT-000097,LOT-0013,STN-PK,START,2026-09-29T09:35:00,2026-09-29T09:37:00,CA1,,,,200,200,0,False,,
EVT-000098,LOT-0013,STN-SHP,START,2026-09-29T09:37:30,2026-09-29T09:39:30,CA1,,,,200,200,0,False,,
EVT-000099,LOT-0014,STN-INB,START,2026-09-29T18:00:00,2026-09-29T18:02:00,CA2,,,,200,200,0,False,,
EVT-000100,LOT-0014,STN-M1,START,2026-09-29T18:02:30,2026-09-29T18:04:30,CA2,,,3.1,200,200,0,False,,
EVT-000101,LOT-0014,STN-M2,START,2026-09-29T18:05:00,2026-09-29T18:07:00,CA2,179.1,46.6,,200,200,0,False,,
EVT-000102,LOT-0014,STN-HT,START,2026-09-29T18:07:30,2026-09-29T18:17:30,CA2,179.3,,,200,200,0,False,,
EVT-000103,LOT-0014,STN-AS1,START,2026-09-29T18:18:00,2026-09-29T18:20:00,CA2,,,,200,200,0,False,,
EVT-000104,LOT-0014,STN-T1,START,2026-09-29T18:20:30,2026-09-29T18:22:30,CA2,,,,200,200,0,False,,
EVT-000105,LOT-0014,STN-PK,START,2026-09-29T18:23:00,2026-09-29T18:25:00,CA2,,,,200,200,0,False,,
EVT-000106,LOT-0014,STN-SHP,START,2026-09-29T18:25:30,2026-09-29T18:27:30,CA2,,,,200,200,0,False,,
EVT-000107,LOT-0015,STN-INB,START,2026-09-29T10:48:00,2026-09-29T10:50:00,CA1,,,,200,200,0,False,,
EVT-000108,LOT-0015,STN-M1,START,2026-09-29T10:50:30,2026-09-29T10:52:30,CA1,,,3.9,200,200,0,False,,
EVT-000109,LOT-0015,STN-HT,START,2026-09-29T10:53:00,2026-09-29T11:03:00,CA1,170.6,,,200,200,0,False,,
EVT-000110,LOT-0015,STN-AS2,START,2026-09-29T11:03:30,2026-09-29T11:05:30,CA1,,,,200,200,0,False,,
EVT-000111,LOT-0015,STN-T1,START,2026-09-29T11:06:00,2026-09-29T11:08:00,CA1,,,,200,200,0,False,,
EVT-000112,LOT-0015,STN-PK,START,2026-09-29T11:08:30,2026-09-29T11:10:30,CA1,,,,200,200,0,False,,
EVT-000113,LOT-0015,STN-SHP,START,2026-09-29T11:11:00,2026-09-29T11:13:00,CA1,,,,200,200,0,False,,
EVT-000114,LOT-0016,STN-INB,START,2026-09-29T19:36:00,2026-09-29T19:38:00,CA2,,,,200,200,0,False,,
EVT-000115,LOT-0016,STN-M1,START,2026-09-29T19:38:30,2026-09-29T19:40:30,CA2,,,1.8,200,200,0,False,,
EVT-000116,LOT-0016,STN-HT,START,2026-09-29T19:41:00,2026-09-29T19:51:00,CA2,178.4,,,200,200,0,False,,
EVT-000117,LOT-0016,STN-AS2,START,2026-09-29T19:51:30,2026-09-29T19:53:30,CA2,,,,200,200,0,False,,
EVT-000118,LOT-0016,STN-T1,START,2026-09-29T19:54:00,2026-09-29T19:56:00,CA2,,,,200,200,0,False,,
EVT-000119,LOT-0016,STN-PK,START,2026-09-29T19:56:30,2026-09-29T19:58:30,CA2,,,,200,200,0,False,,
EVT-000120,LOT-0016,STN-SHP,START,2026-09-29T19:59:00,2026-09-29T20:01:00,CA2,,,,200,200,0,False,,
EVT-000121,LOT-0017,STN-INB,START,2026-09-29T06:00:00,2026-09-29T06:02:00,CA1,,,,200,200,0,False,,
EVT-000122,LOT-0017,STN-M1,START,2026-09-29T06:02:30,2026-09-29T06:04:30,CA1,,,3.6,200,200,0,False,,
EVT-000123,LOT-0017,STN-M2,START,2026-09-29T06:05:00,2026-09-29T06:07:00,CA1,178.3,46.7,,200,200,0,False,,
EVT-000124,LOT-0017,STN-HT,START,2026-09-29T06:07:30,2026-09-29T06:17:30,CA1,183.4,,,200,200,0,False,,
EVT-000125,LOT-0017,STN-AS1,START,2026-09-29T06:18:00,2026-09-29T06:20:00,CA1,,,,200,200,0,False,,
EVT-000126,LOT-0017,STN-T1,START,2026-09-29T06:20:30,2026-09-29T06:22:30,CA1,,,,200,200,0,False,,
EVT-000127,LOT-0017,STN-PK,START,2026-09-29T06:23:00,2026-09-29T06:25:00,CA1,,,,200,200,0,False,,
EVT-000128,LOT-0017,STN-SHP,START,2026-09-29T06:25:30,2026-09-29T06:27:30,CA1,,,,200,200,0,False,,
EVT-000129,LOT-0018,STN-INB,START,2026-09-29T14:48:00,2026-09-29T14:50:00,CA2,,,,200,200,0,False,,
EVT-000130,LOT-0018,STN-M1,START,2026-09-29T14:50:30,2026-09-29T14:52:30,CA2,,,3.5,200,200,0,False,,
EVT-000131,LOT-0018,STN-M2,START,2026-09-29T14:53:00,2026-09-29T14:55:00,CA2,176.9,47.7,,200,200,0,False,,
EVT-000132,LOT-0018,STN-HT,START,2026-09-29T14:55:30,2026-09-29T15:05:30,CA2,175.8,,,200,200,0,False,,
EVT-000133,LOT-0018,STN-AS1,START,2026-09-29T15:06:00,2026-09-29T15:08:00,CA2,,,,200,200,0,False,,
EVT-000134,LOT-0018,STN-T1,START,2026-09-29T15:08:30,2026-09-29T15:10:30,CA2,,,,200,200,0,False,,
EVT-000135,LOT-0018,STN-PK,START,2026-09-29T15:11:00,2026-09-29T15:13:00,CA2,,,,200,200,0,False,,
EVT-000136,LOT-0018,STN-SHP,START,2026-09-29T15:13:30,2026-09-29T15:15:30,CA2,,,,200,200,0,False,,
EVT-000137,LOT-0019,STN-INB,START,2026-09-29T07:36:00,2026-09-29T07:38:00,CA1,,,,200,200,0,False,,
EVT-000138,LOT-0019,STN-M1,START,2026-09-29T07:38:30,2026-09-29T07:40:30,CA1,,,3.5,200,200,0,False,,
EVT-000139,LOT-0019,STN-HT,START,2026-09-29T07:41:00,2026-09-29T07:51:00,CA1,179.2,,,200,200,0,False,,
EVT-000140,LOT-0019,STN-AS2,START,2026-09-29T07:51:30,2026-09-29T07:53:30,CA1,,,,200,200,0,False,,
EVT-000141,LOT-0019,STN-T1,START,2026-09-29T07:54:00,2026-09-29T07:56:00,CA1,,,,200,200,0,False,,
EVT-000142,LOT-0019,STN-PK,START,2026-09-29T07:56:30,2026-09-29T07:58:30,CA1,,,,200,200,0,False,,
EVT-000143,LOT-0019,STN-SHP,START,2026-09-29T07:59:00,2026-09-29T08:01:00,CA1,,,,200,200,0,False,,
EVT-000144,LOT-0020,STN-INB,START,2026-09-29T16:24:00,2026-09-29T16:26:00,CA2,,,,200,200,0,False,,
EVT-000145,LOT-0020,STN-M1,START,2026-09-29T16:26:30,2026-09-29T16:28:30,CA2,,,6.3,200,200,0,False,,
EVT-000146,LOT-0020,STN-HT,START,2026-09-29T16:29:00,2026-09-29T16:39:00,CA2,177.9,,,200,200,0,False,,
EVT-000147,LOT-0020,STN-AS2,START,2026-09-29T16:39:30,2026-09-29T16:41:30,CA2,,,,200,200,0,False,,
EVT-000148,LOT-0020,STN-T1,START,2026-09-29T16:42:00,2026-09-29T16:44:00,CA2,,,,200,200,0,False,,
EVT-000149,LOT-0020,STN-PK,START,2026-09-29T16:44:30,2026-09-29T16:46:30,CA2,,,,200,200,0,False,,
EVT-000150,LOT-0020,STN-SHP,START,2026-09-29T16:47:00,2026-09-29T16:49:00,CA2,,,,200,200,0,False,,
EVT-000151,LOT-0021,STN-INB,START,2026-09-29T09:12:00,2026-09-29T09:14:00,CA1,,,,200,200,0,False,,
EVT-000152,LOT-0021,STN-M1,START,2026-09-29T09:14:30,2026-09-29T09:16:30,CA1,,,3.4,200,200,0,False,,
EVT-000153,LOT-0021,STN-M2,START,2026-09-29T09:17:00,2026-09-29T09:19:00,CA1,179.0,45.7,,200,200,0,False,,
EVT-000154,LOT-0021,STN-HT,START,2026-09-29T09:19:30,2026-09-29T09:29:30,CA1,178.2,,,200,200,0,False,,
EVT-000155,LOT-0021,STN-AS1,START,2026-09-29T09:30:00,2026-09-29T09:32:00,CA1,,,,200,200,0,False,,
EVT-000156,LOT-0021,STN-T1,START,2026-09-29T09:32:30,2026-09-29T09:34:30,CA1,,,,200,200,0,False,,
EVT-000157,LOT-0021,STN-PK,START,2026-09-29T09:35:00,2026-09-29T09:37:00,CA1,,,,200,200,0,False,,
EVT-000158,LOT-0021,STN-SHP,START,2026-09-29T09:37:30,2026-09-29T09:39:30,CA1,,,,200,200,0,False,,
EVT-000159,LOT-0022,STN-INB,START,2026-09-29T18:00:00,2026-09-29T18:02:00,CA2,,,,200,200,0,False,,
EVT-000160,LOT-0022,STN-M1,START,2026-09-29T18:02:30,2026-09-29T18:04:30,CA2,,,2.4,200,200,0,False,,
EVT-000161,LOT-0022,STN-M2,START,2026-09-29T18:05:00,2026-09-29T18:07:00,CA2,182.2,42.9,,200,200,0,False,,
EVT-000162,LOT-0022,STN-HT,START,2026-09-29T18:07:30,2026-09-29T18:17:30,CA2,174.5,,,200,200,0,False,,
EVT-000163,LOT-0022,STN-AS1,START,2026-09-29T18:18:00,2026-09-29T18:20:00,CA2,,,,200,200,0,False,,
EVT-000164,LOT-0022,STN-T1,START,2026-09-29T18:20:30,2026-09-29T18:22:30,CA2,,,,200,200,0,False,,
EVT-000165,LOT-0022,STN-PK,START,2026-09-29T18:23:00,2026-09-29T18:25:00,CA2,,,,200,200,0,False,,
EVT-000166,LOT-0022,STN-SHP,START,2026-09-29T18:25:30,2026-09-29T18:27:30,CA2,,,,200,200,0,False,,
EVT-000167,LOT-0023,STN-INB,START,2026-09-29T10:48:00,2026-09-29T10:50:00,CA1,,,,200,200,0,False,,
EVT-000168,LOT-0023,STN-M1,START,2026-09-29T10:50:30,2026-09-29T10:52:30,CA1,,,2.8,200,200,0,False,,
EVT-000169,LOT-0023,STN-HT,START,2026-09-29T10:53:00,2026-09-29T11:03:00,CA1,193.6,,,200,198,2,True,TEMP_SPIKE,FMEA-M2-001
EVT-000170,LOT-0023,STN-AS2,START,2026-09-29T11:03:30,2026-09-29T11:05:30,CA1,,,,200,200,0,False,,
EVT-000171,LOT-0023,STN-T1,START,2026-09-29T11:06:00,2026-09-29T11:08:00,CA1,,,,200,200,0,False,,
EVT-000172,LOT-0023,STN-PK,START,2026-09-29T11:08:30,2026-09-29T11:10:30,CA1,,,,200,200,0,False,,
EVT-000173,LOT-0023,STN-SHP,START,2026-09-29T11:11:00,2026-09-29T11:13:00,CA1,,,,200,200,0,False,,
EVT-000174,LOT-0024,STN-INB,START,2026-09-29T19:36:00,2026-09-29T19:38:00,CA2,,,,200,200,0,False,,
EVT-000175,LOT-0024,STN-M1,START,2026-09-29T19:38:30,2026-09-29T19:40:30,CA2,,,3.7,200,198,2,True,TOOL_VIBRATION,FMEA-M2-001
EVT-000176,LOT-0024,STN-HT,START,2026-09-29T19:41:00,2026-09-29T19:51:00,CA2,190.4,,,200,198,2,True,TEMP_SPIKE,FMEA-M2-001
EVT-000177,LOT-0024,STN-AS2,START,2026-09-29T19:51:30,2026-09-29T19:53:30,CA2,,,,200,200,0,False,,
EVT-000178,LOT-0024,STN-T1,START,2026-09-29T19:54:00,2026-09-29T19:56:00,CA2,,,,200,200,0,False,,
EVT-000179,LOT-0024,STN-PK,START,2026-09-29T19:56:30,2026-09-29T19:58:30,CA2,,,,200,200,0,False,,
EVT-000180,LOT-0024,STN-SHP,START,2026-09-29T19:59:00,2026-09-29T20:01:00,CA2,,,,200,200,0,False,,
EVT-000181,LOT-0025,STN-INB,START,2026-09-29T06:00:00,2026-09-29T06:02:00,CA1,,,,200,200,0,False,,
EVT-000182,LOT-0025,STN-M1,START,2026-09-29T06:02:30,2026-09-29T06:04:30,CA1,,,2.6,200,198,2,True,FORCE_DROP,FMEA-M2-001
EVT-000183,LOT-0025,STN-M2,START,2026-09-29T06:05:00,2026-09-29T06:07:00,CA1,177.0,43.6,,200,200,0,False,,
EVT-000184,LOT-0025,STN-HT,START,2026-09-29T06:07:30,2026-09-29T06:17:30,CA1,180.0,,,200,200,0,False,,
EVT-000185,LOT-0025,STN-AS1,START,2026-09-29T06:18:00,2026-09-29T06:20:00,CA1,,,,200,200,0,False,,
EVT-000186,LOT-0025,STN-T1,START,2026-09-29T06:20:30,2026-09-29T06:22:30,CA1,,,,200,200,0,False,,
EVT-000187,LOT-0025,STN-PK,START,2026-09-29T06:23:00,2026-09-29T06:25:00,CA1,,,,200,200,0,False,,
EVT-000188,LOT-0025,STN-SHP,START,2026-09-29T06:25:30,2026-09-29T06:27:30,CA1,,,,200,200,0,False,,
EVT-000189,LOT-0026,STN-INB,START,2026-09-29T14:48:00,2026-09-29T14:50:00,CA2,,,,200,200,0,False,,
EVT-000190,LOT-0026,STN-M1,START,2026-09-29T14:50:30,2026-09-29T14:52:30,CA2,,,3.5,200,200,0,False,,
EVT-000191,LOT-0026,STN-M2,START,2026-09-29T14:53:00,2026-09-29T14:55:00,CA2,179.3,43.7,,200,200,0,False,,
EVT-000192,LOT-0026,STN-HT,START,2026-09-29T14:55:30,2026-09-29T15:05:30,CA2,180.6,,,200,200,0,False,,
EVT-000193,LOT-0026,STN-AS1,START,2026-09-29T15:06:00,2026-09-29T15:08:00,CA2,,,,200,200,0,False,,
EVT-000194,LOT-0026,STN-T1,START,2026-09-29T15:08:30,2026-09-29T15:10:30,CA2,,,,200,198,2,True,TEMP_SPIKE,FMEA-M2-001
EVT-000195,LOT-0026,STN-PK,START,2026-09-29T15:11:00,2026-09-29T15:13:00,CA2,,,,200,200,0,False,,
EVT-000196,LOT-0026,STN-SHP,START,2026-09-29T15:13:30,2026-09-29T15:15:30,CA2,,,,200,200,0,False,,
EVT-000197,LOT-0027,STN-INB,START,2026-09-29T07:36:00,2026-09-29T07:38:00,CA1,,,,200,200,0,False,,
EVT-000198,LOT-0027,STN-M1,START,2026-09-29T07:38:30,2026-09-29T07:40:30,CA1,,,3.4,200,200,0,False,,
EVT-000199,LOT-0027,STN-HT,START,2026-09-29T07:41:00,2026-09-29T07:51:00,CA1,180.5,,,200,200,0,False,,
EVT-000200,LOT-0027,STN-AS2,START,2026-09-29T07:51:30,2026-09-29T07:53:30,CA1,,,,200,200,0,False,,
EVT-000201,LOT-0027,STN-T1,START,2026-09-29T07:54:00,2026-09-29T07:56:00,CA1,,,,200,200,0,False,,
EVT-000202,LOT-0027,STN-PK,START,2026-09-29T07:56:30,2026-09-29T07:58:30,CA1,,,,200,200,0,False,,
EVT-000203,LOT-0027,STN-SHP,START,2026-09-29T07:59:00,2026-09-29T08:01:00,CA1,,,,200,200,0,False,,
EVT-000204,LOT-0028,STN-INB,START,2026-09-29T16:24:00,2026-09-29T16:26:00,CA2,,,,200,200,0,False,,
EVT-000205,LOT-0028,STN-M1,START,2026-09-29T16:26:30,2026-09-29T16:28:30,CA2,,,5.2,200,200,0,False,,
EVT-000206,LOT-0028,STN-HT,START,2026-09-29T16:29:00,2026-09-29T16:39:00,CA2,176.6,,,200,200,0,False,,
EVT-000207,LOT-0028,STN-AS2,START,2026-09-29T16:39:30,2026-09-29T16:41:30,CA2,,,,200,200,0,False,,
EVT-000208,LOT-0028,STN-T1,START,2026-09-29T16:42:00,2026-09-29T16:44:00,CA2,,,,200,200,0,False,,
EVT-000209,LOT-0028,STN-PK,START,2026-09-29T16:44:30,2026-09-29T16:46:30,CA2,,,,200,200,0,False,,
EVT-000210,LOT-0028,STN-SHP,START,2026-09-29T16:47:00,2026-09-29T16:49:00,CA2,,,,200,200,0,False,,
EVT-000211,LOT-0029,STN-INB,START,2026-09-29T09:12:00,2026-09-29T09:14:00,CA1,,,,200,200,0,False,,
EVT-000212,LOT-0029,STN-M1,START,2026-09-29T09:14:30,2026-09-29T09:16:30,CA1,,,4.2,200,200,0,False,,
EVT-000213,LOT-0029,STN-M2,START,2026-09-29T09:17:00,2026-09-29T09:19:00,CA1,179.8,49.2,,200,200,0,False,,
EVT-000214,LOT-0029,STN-HT,START,2026-09-29T09:19:30,2026-09-29T09:29:30,CA1,176.5,,,200,200,0,False,,
EVT-000215,LOT-0029,STN-AS1,START,2026-09-29T09:30:00,2026-09-29T09:32:00,CA1,,,,200,200,0,False,,
EVT-000216,LOT-0029,STN-T1,START,2026-09-29T09:32:30,2026-09-29T09:34:30,CA1,,,,200,200,0,False,,
EVT-000217,LOT-0029,STN-PK,START,2026-09-29T09:35:00,2026-09-29T09:37:00,CA1,,,,200,200,0,False,,
EVT-000218,LOT-0029,STN-SHP,START,2026-09-29T09:37:30,2026-09-29T09:39:30,CA1,,,,200,198,2,True,FORCE_DROP,FMEA-M2-001
EVT-000219,LOT-0030,STN-INB,START,2026-09-30T06:00:00,2026-09-30T06:02:00,CA1,,,,200,200,0,False,,
EVT-000220,LOT-0030,STN-M1,START,2026-09-30T06:02:30,2026-09-30T06:04:30,CA1,,,2.5,200,200,0,False,,
EVT-000221,LOT-0030,STN-M2,START,2026-09-30T06:05:00,2026-09-30T06:07:00,CA1,179.4,44.6,,200,200,0,False,,
EVT-000222,LOT-0030,STN-HT,START,2026-09-30T06:07:30,2026-09-30T06:17:30,CA1,178.2,,,200,200,0,False,,
EVT-000223,LOT-0030,STN-AS1,START,2026-09-30T06:18:00,2026-09-30T06:20:00,CA1,,,,200,200,0,False,,
EVT-000224,LOT-0030,STN-T1,START,2026-09-30T06:20:30,2026-09-30T06:22:30,CA1,,,,200,200,0,False,,
EVT-000225,LOT-0030,STN-PK,START,2026-09-30T06:23:00,2026-09-30T06:25:00,CA1,,,,200,200,0,False,,
EVT-000226,LOT-0030,STN-SHP,START,2026-09-30T06:25:30,2026-09-30T06:27:30,CA1,,,,200,200,0,False,,
EVT-000227,LOT-0031,STN-INB,START,2026-09-30T14:48:00,2026-09-30T14:50:00,CA2,,,,200,200,0,False,,
EVT-000228,LOT-0031,STN-M1,START,2026-09-30T14:50:30,2026-09-30T14:52:30,CA2,,,3.3,200,200,0,False,,
EVT-000229,LOT-0031,STN-HT,START,2026-09-30T14:53:00,2026-09-30T15:03:00,CA2,179.8,,,200,200,0,False,,
EVT-000230,LOT-0031,STN-AS2,START,2026-09-30T15:03:30,2026-09-30T15:05:30,CA2,,,,200,200,0,False,,
EVT-000231,LOT-0031,STN-T1,START,2026-09-30T15:06:00,2026-09-30T15:08:00,CA2,,,,200,200,0,False,,
EVT-000232,LOT-0031,STN-PK,START,2026-09-30T15:08:30,2026-09-30T15:10:30,CA2,,,,200,200,0,False,,
EVT-000233,LOT-0031,STN-SHP,START,2026-09-30T15:11:00,2026-09-30T15:13:00,CA2,,,,200,200,0,False,,
EVT-000234,LOT-0032,STN-INB,START,2026-09-30T07:36:00,2026-09-30T07:38:00,CA1,,,,200,198,2,True,FORCE_DROP,FMEA-M2-001
EVT-000235,LOT-0032,STN-M1,START,2026-09-30T07:38:30,2026-09-30T07:40:30,CA1,,,4.7,200,200,0,False,,
EVT-000236,LOT-0032,STN-HT,START,2026-09-30T07:41:00,2026-09-30T07:51:00,CA1,174.1,,,200,200,0,False,,
EVT-000237,LOT-0032,STN-AS2,START,2026-09-30T07:51:30,2026-09-30T07:53:30,CA1,,,,200,200,0,False,,
EVT-000238,LOT-0032,STN-T1,START,2026-09-30T07:54:00,2026-09-30T07:56:00,CA1,,,,200,200,0,False,,
EVT-000239,LOT-0032,STN-PK,START,2026-09-30T07:56:30,2026-09-30T07:58:30,CA1,,,,200,200,0,False,,
EVT-000240,LOT-0032,STN-SHP,START,2026-09-30T07:59:00,2026-09-30T08:01:00,CA1,,,,200,200,0,False,,
EVT-000241,LOT-0033,STN-INB,START,2026-09-30T16:24:00,2026-09-30T16:26:00,CA2,,,,200,200,0,False,,
EVT-000242,LOT-0033,STN-M1,START,2026-09-30T16:26:30,2026-09-30T16:28:30,CA2,,,3.9,200,200,0,False,,
EVT-000243,LOT-0033,STN-M2,START,2026-09-30T16:29:00,2026-09-30T16:31:00,CA2,177.8,48.4,,200,200,0,False,,
EVT-000244,LOT-0033,STN-HT,START,2026-09-30T16:31:30,2026-09-30T16:41:30,CA2,172.4,,,200,200,0,False,,
EVT-000245,LOT-0033,STN-AS1,START,2026-09-30T16:42:00,2026-09-30T16:44:00,CA2,,,,200,200,0,False,,
EVT-000246,LOT-0033,STN-T1,START,2026-09-30T16:44:30,2026-09-30T16:46:30,CA2,,,,200,200,0,False,,
EVT-000247,LOT-0033,STN-PK,START,2026-09-30T16:47:00,2026-09-30T16:49:00,CA2,,,,200,200,0,False,,
EVT-000248,LOT-0033,STN-SHP,START,2026-09-30T16:49:30,2026-09-30T16:51:30,CA2,,,,200,200,0,False,,
EVT-000249,LOT-0034,STN-INB,START,2026-09-30T09:12:00,2026-09-30T09:14:00,CA1,,,,200,200,0,False,,
EVT-000250,LOT-0034,STN-M1,START,2026-09-30T09:14:30,2026-09-30T09:16:30,CA1,,,4.3,200,200,0,False,,
EVT-000251,LOT-0034,STN-M2,START,2026-09-30T09:17:00,2026-09-30T09:19:00,CA1,174.7,43.7,,200,200,0,False,,
EVT-000252,LOT-0034,STN-HT,START,2026-09-30T09:19:30,2026-09-30T09:29:30,CA1,174.0,,,200,200,0,False,,
EVT-000253,LOT-0034,STN-AS1,START,2026-09-30T09:30:00,2026-09-30T09:32:00,CA1,,,,200,200,0,False,,
EVT-000254,LOT-0034,STN-T1,START,2026-09-30T09:32:30,2026-09-30T09:34:30,CA1,,,,200,200,0,False,,
EVT-000255,LOT-0034,STN-PK,START,2026-09-30T09:35:00,2026-09-30T09:37:00,CA1,,,,200,200,0,False,,
EVT-000256,LOT-0034,STN-SHP,START,2026-09-30T09:37:30,2026-09-30T09:39:30,CA1,,,,200,200,0,False,,
EVT-000257,LOT-0035,STN-INB,START,2026-09-30T18:00:00,2026-09-30T18:02:00,CA2,,,,200,200,0,False,,
EVT-000258,LOT-0035,STN-M1,START,2026-09-30T18:02:30,2026-09-30T18:04:30,CA2,,,3.1,200,200,0,False,,
EVT-000259,LOT-0035,STN-HT,START,2026-09-30T18:05:00,2026-09-30T18:15:00,CA2,181.0,,,200,200,0,False,,
EVT-000260,LOT-0035,STN-AS2,START,2026-09-30T18:15:30,2026-09-30T18:17:30,CA2,,,,200,200,0,False,,
EVT-000261,LOT-0035,STN-T1,START,2026-09-30T18:18:00,2026-09-30T18:20:00,CA2,,,,200,200,0,False,,
EVT-000262,LOT-0035,STN-PK,START,2026-09-30T18:20:30,2026-09-30T18:22:30,CA2,,,,200,200,0,False,,
EVT-000263,LOT-0035,STN-SHP,START,2026-09-30T18:23:00,2026-09-30T18:25:00,CA2,,,,200,200,0,False,,
EVT-000264,LOT-0036,STN-INB,START,2026-09-30T10:48:00,2026-09-30T10:50:00,CA1,,,,200,200,0,False,,
EVT-000265,LOT-0036,STN-M1,START,2026-09-30T10:50:30,2026-09-30T10:52:30,CA1,,,2.1,200,200,0,False,,
EVT-000266,LOT-0036,STN-HT,START,2026-09-30T10:53:00,2026-09-30T11:03:00,CA1,178.8,,,200,200,0,False,,
EVT-000267,LOT-0036,STN-AS2,START,2026-09-30T11:03:30,2026-09-30T11:05:30,CA1,,,,200,200,0,False,,
EVT-000268,LOT-0036,STN-T1,START,2026-09-30T11:06:00,2026-09-30T11:08:00,CA1,,,,200,200,0,False,,
EVT-000269,LOT-0036,STN-PK,START,2026-09-30T11:08:30,2026-09-30T11:10:30,CA1,,,,200,200,0,False,,
EVT-000270,LOT-0036,STN-SHP,START,2026-09-30T11:11:00,2026-09-30T11:13:00,CA1,,,,200,200,0,False,,
EVT-000271,LOT-0037,STN-INB,START,2026-09-30T19:36:00,2026-09-30T19:38:00,CA2,,,,200,200,0,False,,
EVT-000272,LOT-0037,STN-M1,START,2026-09-30T19:38:30,2026-09-30T19:40:30,CA2,,,3.8,200,200,0,False,,
EVT-000273,LOT-0037,STN-M2,START,2026-09-30T19:41:00,2026-09-30T19:43:00,CA2,183.0,45.2,,200,200,0,False,,
EVT-000274,LOT-0037,STN-HT,START,2026-09-30T19:43:30,2026-09-30T19:53:30,CA2,178.2,,,200,200,0,False,,
EVT-000275,LOT-0037,STN-AS1,START,2026-09-30T19:54:00,2026-09-30T19:56:00,CA2,,,,200,200,0,False,,
EVT-000276,LOT-0037,STN-T1,START,2026-09-30T19:56:30,2026-09-30T19:58:30,CA2,,,,200,200,0,False,,
EVT-000277,LOT-0037,STN-PK,START,2026-09-30T19:59:00,2026-09-30T20:01:00,CA2,,,,200,200,0,False,,
EVT-000278,LOT-0037,STN-SHP,START,2026-09-30T20:01:30,2026-09-30T20:03:30,CA2,,,,200,200,0,False,,
EVT-000279,LOT-0038,STN-INB,START,2026-09-30T06:00:00,2026-09-30T06:02:00,CA1,,,,200,200,0,False,,
EVT-000280,LOT-0038,STN-M1,START,2026-09-30T06:02:30,2026-09-30T06:04:30,CA1,,,3.9,200,200,0,False,,
EVT-000281,LOT-0038,STN-M2,START,2026-09-30T06:05:00,2026-09-30T06:07:00,CA1,173.6,44.4,,200,200,0,False,,
EVT-000282,LOT-0038,STN-HT,START,2026-09-30T06:07:30,2026-09-30T06:17:30,CA1,179.4,,,200,200,0,False,,
EVT-000283,LOT-0038,STN-AS1,START,2026-09-30T06:18:00,2026-09-30T06:20:00,CA1,,,,200,200,0,False,,
EVT-000284,LOT-0038,STN-T1,START,2026-09-30T06:20:30,2026-09-30T06:22:30,CA1,,,,200,200,0,False,,
EVT-000285,LOT-0038,STN-PK,START,2026-09-30T06:23:00,2026-09-30T06:25:00,CA1,,,,200,200,0,False,,
EVT-000286,LOT-0038,STN-SHP,START,2026-09-30T06:25:30,2026-09-30T06:27:30,CA1,,,,200,200,0,False,,
EVT-000287,LOT-0039,STN-INB,START,2026-09-30T14:48:00,2026-09-30T14:50:00,CA2,,,,200,200,0,False,,
EVT-000288,LOT-0039,STN-M1,START,2026-09-30T14:50:30,2026-09-30T14:52:30,CA2,,,2.7,200,200,0,False,,
EVT-000289,LOT-0039,STN-HT,START,2026-09-30T14:53:00,2026-09-30T15:03:00,CA2,174.5,,,200,200,0,False,,
EVT-000290,LOT-0039,STN-AS2,START,2026-09-30T15:03:30,2026-09-30T15:05:30,CA2,,,,200,200,0,False,,
EVT-000291,LOT-0039,STN-T1,START,2026-09-30T15:06:00,2026-09-30T15:08:00,CA2,,,,200,200,0,False,,
EVT-000292,LOT-0039,STN-PK,START,2026-09-30T15:08:30,2026-09-30T15:10:30,CA2,,,,200,200,0,False,,
EVT-000293,LOT-0039,STN-SHP,START,2026-09-30T15:11:00,2026-09-30T15:13:00,CA2,,,,200,200,0,False,,
EVT-000294,LOT-0040,STN-INB,START,2026-09-30T07:36:00,2026-09-30T07:38:00,CA1,,,,200,200,0,False,,
EVT-000295,LOT-0040,STN-M1,START,2026-09-30T07:38:30,2026-09-30T07:40:30,CA1,,,4.3,200,200,0,False,,
EVT-000296,LOT-0040,STN-HT,START,2026-09-30T07:41:00,2026-09-30T07:51:00,CA1,181.4,,,200,200,0,False,,
EVT-000297,LOT-0040,STN-AS2,START,2026-09-30T07:51:30,2026-09-30T07:53:30,CA1,,,,200,200,0,False,,
EVT-000298,LOT-0040,STN-T1,START,2026-09-30T07:54:00,2026-09-30T07:56:00,CA1,,,,200,200,0,False,,
EVT-000299,LOT-0040,STN-PK,START,2026-09-30T07:56:30,2026-09-30T07:58:30,CA1,,,,200,200,0,False,,
EVT-000300,LOT-0040,STN-SHP,START,2026-09-30T07:59:00,2026-09-30T08:01:00,CA1,,,,200,200,0,False,,
EVT-000301,LOT-0041,STN-INB,START,2026-09-30T16:24:00,2026-09-30T16:26:00,CA2,,,,200,200,0,False,,
EVT-000302,LOT-0041,STN-M1,START,2026-09-30T16:26:30,2026-09-30T16:28:30,CA2,,,3.5,200,200,0,False,,
EVT-000303,LOT-0041,STN-M2,START,2026-09-30T16:29:00,2026-09-30T16:31:00,CA2,179.2,44.7,,200,200,0,False,,
EVT-000304,LOT-0041,STN-HT,START,2026-09-30T16:31:30,2026-09-30T16:41:30,CA2,178.9,,,200,200,0,False,,
EVT-000305,LOT-0041,STN-AS1,START,2026-09-30T16:42:00,2026-09-30T16:44:00,CA2,,,,200,200,0,False,,
EVT-000306,LOT-0041,STN-T1,START,2026-09-30T16:44:30,2026-09-30T16:46:30,CA2,,,,200,200,0,False,,
EVT-000307,LOT-0041,STN-PK,START,2026-09-30T16:47:00,2026-09-30T16:49:00,CA2,,,,200,200,0,False,,
EVT-000308,LOT-0041,STN-SHP,START,2026-09-30T16:49:30,2026-09-30T16:51:30,CA2,,,,200,200,0,False,,
EVT-000309,LOT-0042,STN-INB,START,2026-09-30T09:12:00,2026-09-30T09:14:00,CA1,,,,200,200,0,False,,
EVT-000310,LOT-0042,STN-M1,START,2026-09-30T09:14:30,2026-09-30T09:16:30,CA1,,,4.9,200,200,0,False,,
EVT-000311,LOT-0042,STN-M2,START,2026-09-30T09:17:00,2026-09-30T09:19:00,CA1,175.9,43.2,,200,200,0,False,,
EVT-000312,LOT-0042,STN-HT,START,2026-09-30T09:19:30,2026-09-30T09:29:30,CA1,177.3,,,200,200,0,False,,
EVT-000313,LOT-0042,STN-AS1,START,2026-09-30T09:30:00,2026-09-30T09:32:00,CA1,,,,200,200,0,False,,
EVT-000314,LOT-0042,STN-T1,START,2026-09-30T09:32:30,2026-09-30T09:34:30,CA1,,,,200,200,0,False,,
EVT-000315,LOT-0042,STN-PK,START,2026-09-30T09:35:00,2026-09-30T09:37:00,CA1,,,,200,200,0,False,,
EVT-000316,LOT-0042,STN-SHP,START,2026-09-30T09:37:30,2026-09-30T09:39:30,CA1,,,,200,200,0,False,,
EVT-000317,LOT-0043,STN-INB,START,2026-09-30T18:00:00,2026-09-30T18:02:00,CA2,,,,200,200,0,False,,
EVT-000318,LOT-0043,STN-M1,START,2026-09-30T18:02:30,2026-09-30T18:04:30,CA2,,,3.2,200,200,0,False,,
EVT-000319,LOT-0043,STN-HT,START,2026-09-30T18:05:00,2026-09-30T18:15:00,CA2,188.0,,,200,198,2,True,TEMP_SPIKE,FMEA-M2-001
EVT-000320,LOT-0043,STN-AS2,START,2026-09-30T18:15:30,2026-09-30T18:17:30,CA2,,,,200,200,0,False,,
EVT-000321,LOT-0043,STN-T1,START,2026-09-30T18:18:00,2026-09-30T18:20:00,CA2,,,,200,200,0,False,,
EVT-000322,LOT-0043,STN-PK,START,2026-09-30T18:20:30,2026-09-30T18:22:30,CA2,,,,200,200,0,False,,
EVT-000323,LOT-0043,STN-SHP,START,2026-09-30T18:23:00,2026-09-30T18:25:00,CA2,,,,200,200,0,False,,
EVT-000324,LOT-0044,STN-INB,START,2026-09-30T10:48:00,2026-09-30T10:50:00,CA1,,,,200,200,0,False,,
EVT-000325,LOT-0044,STN-M1,START,2026-09-30T10:50:30,2026-09-30T10:52:30,CA1,,,2.2,200,200,0,False,,
EVT-000326,LOT-0044,STN-HT,START,2026-09-30T10:53:00,2026-09-30T11:03:00,CA1,183.5,,,200,200,0,False,,
EVT-000327,LOT-0044,STN-AS2,START,2026-09-30T11:03:30,2026-09-30T11:05:30,CA1,,,,200,200,0,False,,
EVT-000328,LOT-0044,STN-T1,START,2026-09-30T11:06:00,2026-09-30T11:08:00,CA1,,,,200,200,0,False,,
EVT-000329,LOT-0044,STN-PK,START,2026-09-30T11:08:30,2026-09-30T11:10:30,CA1,,,,200,198,2,True,TEMP_SPIKE,FMEA-M2-001
EVT-000330,LOT-0044,STN-SHP,START,2026-09-30T11:11:00,2026-09-30T11:13:00,CA1,,,,200,200,0,False,,
EVT-000331,LOT-0045,STN-INB,START,2026-09-30T19:36:00,2026-09-30T19:38:00,CA2,,,,200,200,0,False,,
EVT-000332,LOT-0045,STN-M1,START,2026-09-30T19:38:30,2026-09-30T19:40:30,CA2,,,4.9,200,200,0,False,,
EVT-000333,LOT-0045,STN-M2,START,2026-09-30T19:41:00,2026-09-30T19:43:00,CA2,176.0,45.5,,200,200,0,False,,
EVT-000334,LOT-0045,STN-HT,START,2026-09-30T19:43:30,2026-09-30T19:53:30,CA2,181.7,,,200,200,0,False,,
EVT-000335,LOT-0045,STN-AS1,START,2026-09-30T19:54:00,2026-09-30T19:56:00,CA2,,,,200,198,2,True,FORCE_DROP,FMEA-M2-001
EVT-000336,LOT-0045,STN-T1,START,2026-09-30T19:56:30,2026-09-30T19:58:30,CA2,,,,200,200,0,False,,
EVT-000337,LOT-0045,STN-PK,START,2026-09-30T19:59:00,2026-09-30T20:01:00,CA2,,,,200,200,0,False,,
EVT-000338,LOT-0045,STN-SHP,START,2026-09-30T20:01:30,2026-09-30T20:03:30,CA2,,,,200,200,0,False,,
EVT-000339,LOT-0046,STN-INB,START,2026-09-30T06:00:00,2026-09-30T06:02:00,CA1,,,,200,200,0,False,,
EVT-000340,LOT-0046,STN-M1,START,2026-09-30T06:02:30,2026-09-30T06:04:30,CA1,,,3.5,200,200,0,False,,
EVT-000341,LOT-0046,STN-M2,START,2026-09-30T06:05:00,2026-09-30T06:07:00,CA1,178.1,44.4,,200,200,0,False,,
EVT-000342,LOT-0046,STN-HT,START,2026-09-30T06:07:30,2026-09-30T06:17:30,CA1,173.2,,,200,200,0,False,,
EVT-000343,LOT-0046,STN-AS1,START,2026-09-30T06:18:00,2026-09-30T06:20:00,CA1,,,,200,200,0,False,,
EVT-000344,LOT-0046,STN-T1,START,2026-09-30T06:20:30,2026-09-30T06:22:30,CA1,,,,200,200,0,False,,
EVT-000345,LOT-0046,STN-PK,START,2026-09-30T06:23:00,2026-09-30T06:25:00,CA1,,,,200,200,0,False,,
EVT-000346,LOT-0046,STN-SHP,START,2026-09-30T06:25:30,2026-09-30T06:27:30,CA1,,,,200,200,0,False,,
EVT-000347,LOT-0047,STN-INB,START,2026-09-30T14:48:00,2026-09-30T14:50:00,CA2,,,,200,200,0,False,,
EVT-000348,LOT-0047,STN-M1,START,2026-09-30T14:50:30,2026-09-30T14:52:30,CA2,,,3.8,200,200,0,False,,
EVT-000349,LOT-0047,STN-HT,START,2026-09-30T14:53:00,2026-09-30T15:03:00,CA2,175.8,,,200,200,0,False,,
EVT-000350,LOT-0047,STN-AS2,START,2026-09-30T15:03:30,2026-09-30T15:05:30,CA2,,,,200,200,0,False,,
EVT-000351,LOT-0047,STN-T1,START,2026-09-30T15:06:00,2026-09-30T15:08:00,CA2,,,,200,200,0,False,,
EVT-000352,LOT-0047,STN-PK,START,2026-09-30T15:08:30,2026-09-30T15:10:30,CA2,,,,200,200,0,False,,
EVT-000353,LOT-0047,STN-SHP,START,2026-09-30T15:11:00,2026-09-30T15:13:00,CA2,,,,200,200,0,False,,
EVT-000354,LOT-0048,STN-INB,START,2026-09-30T07:36:00,2026-09-30T07:38:00,CA1,,,,200,200,0,False,,
EVT-000355,LOT-0048,STN-M1,START,2026-09-30T07:38:30,2026-09-30T07:40:30,CA1,,,2.5,200,200,0,False,,
EVT-000356,LOT-0048,STN-HT,START,2026-09-30T07:41:00,2026-09-30T07:51:00,CA1,177.2,,,200,198,2,True,FORCE_DROP,FMEA-M2-001
EVT-000357,LOT-0048,STN-AS2,START,2026-09-30T07:51:30,2026-09-30T07:53:30,CA1,,,,200,200,0,False,,
EVT-000358,LOT-0048,STN-T1,START,2026-09-30T07:54:00,2026-09-30T07:56:00,CA1,,,,200,200,0,False,,
EVT-000359,LOT-0048,STN-PK,START,2026-09-30T07:56:30,2026-09-30T07:58:30,CA1,,,,200,200,0,False,,
EVT-000360,LOT-0048,STN-SHP,START,2026-09-30T07:59:00,2026-09-30T08:01:00,CA1,,,,200,200,0,False,,
EVT-000361,LOT-0049,STN-INB,START,2026-09-30T16:24:00,2026-09-30T16:26:00,CA2,,,,200,200,0,False,,
EVT-000362,LOT-0049,STN-M1,START,2026-09-30T16:26:30,2026-09-30T16:28:30,CA2,,,5.1,200,200,0,False,,
EVT-000363,LOT-0049,STN-M2,START,2026-09-30T16:29:00,2026-09-30T16:31:00,CA2,181.8,45.5,,200,200,0,False,,
EVT-000364,LOT-0049,STN-HT,START,2026-09-30T16:31:30,2026-09-30T16:41:30,CA2,176.6,,,200,200,0,False,,
EVT-000365,LOT-0049,STN-AS1,START,2026-09-30T16:42:00,2026-09-30T16:44:00,CA2,,,,200,200,0,False,,
EVT-000366,LOT-0049,STN-T1,START,2026-09-30T16:44:30,2026-09-30T16:46:30,CA2,,,,200,200,0,False,,
EVT-000367,LOT-0049,STN-PK,START,2026-09-30T16:47:00,2026-09-30T16:49:00,CA2,,,,200,200,0,False,,
EVT-000368,LOT-0049,STN-SHP,START,2026-09-30T16:49:30,2026-09-30T16:51:30,CA2,,,,200,200,0,False,,
EVT-000369,LOT-0050,STN-INB,START,2026-09-30T09:12:00,2026-09-30T09:14:00,CA1,,,,200,200,0,False,,
EVT-000370,LOT-0050,STN-M1,START,2026-09-30T09:14:30,2026-09-30T09:16:30,CA1,,,4.7,200,200,0,False,,
EVT-000371,LOT-0050,STN-M2,START,2026-09-30T09:17:00,2026-09-30T09:19:00,CA1,177.6,42.0,,200,200,0,False,,
EVT-000372,LOT-0050,STN-HT,START,2026-09-30T09:19:30,2026-09-30T09:29:30,CA1,181.6,,,200,200,0,False,,
EVT-000373,LOT-0050,STN-AS1,START,2026-09-30T09:30:00,2026-09-30T09:32:00,CA1,,,,200,200,0,False,,
EVT-000374,LOT-0050,STN-T1,START,2026-09-30T09:32:30,2026-09-30T09:34:30,CA1,,,,200,200,0,False,,
EVT-000375,LOT-0050,STN-PK,START,2026-09-30T09:35:00,2026-09-30T09:37:00,CA1,,,,200,200,0,False,,
EVT-000376,LOT-0050,STN-SHP,START,2026-09-30T09:37:30,2026-09-30T09:39:30,CA1,,,,200,200,0,False,,
EVT-000377,LOT-0051,STN-INB,START,2026-09-30T18:00:00,2026-09-30T18:02:00,CA2,,,,200,200,0,False,,
EVT-000378,LOT-0051,STN-M1,START,2026-09-30T18:02:30,2026-09-30T18:04:30,CA2,,,2.6,200,200,0,False,,
EVT-000379,LOT-0051,STN-HT,START,2026-09-30T18:05:00,2026-09-30T18:15:00,CA2,179.7,,,200,200,0,False,,
EVT-000380,LOT-0051,STN-AS2,START,2026-09-30T18:15:30,2026-09-30T18:17:30,CA2,,,,200,200,0,False,,
EVT-000381,LOT-0051,STN-T1,START,2026-09-30T18:18:00,2026-09-30T18:20:00,CA2,,,,200,200,0,False,,
EVT-000382,LOT-0051,STN-PK,START,2026-09-30T18:20:30,2026-09-30T18:22:30,CA2,,,,200,200,0,False,,
EVT-000383,LOT-0051,STN-SHP,START,2026-09-30T18:23:00,2026-09-30T18:25:00,CA2,,,,200,200,0,False,,
EVT-000384,LOT-0052,STN-INB,START,2026-09-30T10:48:00,2026-09-30T10:50:00,CA1,,,,200,200,0,False,,
EVT-000385,LOT-0052,STN-M1,START,2026-09-30T10:50:30,2026-09-30T10:52:30,CA1,,,3.0,200,200,0,False,,
EVT-000386,LOT-0052,STN-HT,START,2026-09-30T10:53:00,2026-09-30T11:03:00,CA1,181.1,,,200,200,0,False,,
EVT-000387,LOT-0052,STN-AS2,START,2026-09-30T11:03:30,2026-09-30T11:05:30,CA1,,,,200,198,2,True,TOOL_VIBRATION,FMEA-M2-001
EVT-000388,LOT-0052,STN-T1,START,2026-09-30T11:06:00,2026-09-30T11:08:00,CA1,,,,200,200,0,False,,
EVT-000389,LOT-0052,STN-PK,START,2026-09-30T11:08:30,2026-09-30T11:10:30,CA1,,,,200,200,0,False,,
EVT-000390,LOT-0052,STN-SHP,START,2026-09-30T11:11:00,2026-09-30T11:13:00,CA1,,,,200,200,0,False,,
EVT-000391,LOT-0053,STN-INB,START,2026-09-30T19:36:00,2026-09-30T19:38:00,CA2,,,,200,200,0,False,,
EVT-000392,LOT-0053,STN-M1,START,2026-09-30T19:38:30,2026-09-30T19:40:30,CA2,,,3.4,200,200,0,False,,
EVT-000393,LOT-0053,STN-M2,START,2026-09-30T19:41:00,2026-09-30T19:43:00,CA2,178.1,43.6,,200,200,0,False,,
EVT-000394,LOT-0053,STN-HT,START,2026-09-30T19:43:30,2026-09-30T19:53:30,CA2,178.6,,,200,200,0,False,,
EVT-000395,LOT-0053,STN-AS1,START,2026-09-30T19:54:00,2026-09-30T19:56:00,CA2,,,,200,200,0,False,,
EVT-000396,LOT-0053,STN-T1,START,2026-09-30T19:56:30,2026-09-30T19:58:30,CA2,,,,200,200,0,False,,
EVT-000397,LOT-0053,STN-PK,START,2026-09-30T19:59:00,2026-09-30T20:01:00,CA2,,,,200,200,0,False,,
EVT-000398,LOT-0053,STN-SHP,START,2026-09-30T20:01:30,2026-09-30T20:03:30,CA2,,,,200,200,0,False,,
EVT-000399,LOT-0054,STN-INB,START,2026-09-30T06:00:00,2026-09-30T06:02:00,CA1,,,,200,200,0,False,,
EVT-000400,LOT-0054,STN-M1,START,2026-09-30T06:02:30,2026-09-30T06:04:30,CA1,,,3.0,200,200,0,False,,
EVT-000401,LOT-0054,STN-M2,START,2026-09-30T06:05:00,2026-09-30T06:07:00,CA1,174.3,42.0,,200,200,0,False,,
EVT-000402,LOT-0054,STN-HT,START,2026-09-30T06:07:30,2026-09-30T06:17:30,CA1,182.1,,,200,200,0,False,,
EVT-000403,LOT-0054,STN-AS1,START,2026-09-30T06:18:00,2026-09-30T06:20:00,CA1,,,,200,200,0,False,,
EVT-000404,LOT-0054,STN-T1,START,2026-09-30T06:20:30,2026-09-30T06:22:30,CA1,,,,200,198,2,True,FORCE_DROP,FMEA-M2-001
EVT-000405,LOT-0054,STN-PK,START,2026-09-30T06:23:00,2026-09-30T06:25:00,CA1,,,,200,200,0,False,,
EVT-000406,LOT-0054,STN-SHP,START,2026-09-30T06:25:30,2026-09-30T06:27:30,CA1,,,,200,200,0,False,,
EVT-000407,LOT-0055,STN-INB,START,2026-09-30T14:48:00,2026-09-30T14:50:00,CA2,,,,200,200,0,False,,
EVT-000408,LOT-0055,STN-M1,START,2026-09-30T14:50:30,2026-09-30T14:52:30,CA2,,,3.4,200,200,0,False,,
EVT-000409,LOT-0055,STN-HT,START,2026-09-30T14:53:00,2026-09-30T15:03:00,CA2,175.1,,,200,200,0,False,,
EVT-000410,LOT-0055,STN-AS2,START,2026-09-30T15:03:30,2026-09-30T15:05:30,CA2,,,,200,200,0,False,,
EVT-000411,LOT-0055,STN-T1,START,2026-09-30T15:06:00,2026-09-30T15:08:00,CA2,,,,200,200,0,False,,
EVT-000412,LOT-0055,STN-PK,START,2026-09-30T15:08:30,2026-09-30T15:10:30,CA2,,,,200,200,0,False,,
EVT-000413,LOT-0055,STN-SHP,START,2026-09-30T15:11:00,2026-09-30T15:13:00,CA2,,,,200,198,2,True,TEMP_SPIKE,FMEA-M2-001
EVT-000414,LOT-0056,STN-INB,START,2026-09-30T07:36:00,2026-09-30T07:38:00,CA1,,,,200,200,0,False,,
EVT-000415,LOT-0056,STN-M1,START,2026-09-30T07:38:30,2026-09-30T07:40:30,CA1,,,1.9,200,200,0,False,,
EVT-000416,LOT-0056,STN-HT,START,2026-09-30T07:41:00,2026-09-30T07:51:00,CA1,178.6,,,200,200,0,False,,
EVT-000417,LOT-0056,STN-AS2,START,2026-09-30T07:51:30,2026-09-30T07:53:30,CA1,,,,200,200,0,False,,
EVT-000418,LOT-0056,STN-T1,START,2026-09-30T07:54:00,2026-09-30T07:56:00,CA1,,,,200,200,0,False,,
EVT-000419,LOT-0056,STN-PK,START,2026-09-30T07:56:30,2026-09-30T07:58:30,CA1,,,,200,200,0,False,,
EVT-000420,LOT-0056,STN-SHP,START,2026-09-30T07:59:00,2026-09-30T08:01:00,CA1,,,,200,200,0,False,,
EVT-000421,LOT-0057,STN-INB,START,2026-09-30T16:24:00,2026-09-30T16:26:00,CA2,,,,200,200,0,False,,
EVT-000422,LOT-0057,STN-M1,START,2026-09-30T16:26:30,2026-09-30T16:28:30,CA2,,,5.6,200,200,0,False,,
EVT-000423,LOT-0057,STN-M2,START,2026-09-30T16:29:00,2026-09-30T16:31:00,CA2,182.2,42.0,,200,200,0,False,,
EVT-000424,LOT-0057,STN-HT,START,2026-09-30T16:31:30,2026-09-30T16:41:30,CA2,174.6,,,200,200,0,False,,
EVT-000425,LOT-0057,STN-AS1,START,2026-09-30T16:42:00,2026-09-30T16:44:00,CA2,,,,200,200,0,False,,
EVT-000426,LOT-0057,STN-T1,START,2026-09-30T16:44:30,2026-09-30T16:46:30,CA2,,,,200,200,0,False,,
EVT-000427,LOT-0057,STN-PK,START,2026-09-30T16:47:00,2026-09-30T16:49:00,CA2,,,,200,200,0,False,,
EVT-000428,LOT-0057,STN-SHP,START,2026-09-30T16:49:30,2026-09-30T16:51:30,CA2,,,,200,200,0,False,,
EVT-000429,LOT-0058,STN-INB,START,2026-09-30T09:12:00,2026-09-30T09:14:00,CA1,,,,200,200,0,False,,
EVT-000430,LOT-0058,STN-M1,START,2026-09-30T09:14:30,2026-09-30T09:16:30,CA1,,,3.0,200,198,2,True,TEMP_SPIKE,FMEA-M2-001
EVT-000431,LOT-0058,STN-M2,START,2026-09-30T09:17:00,2026-09-30T09:19:00,CA1,176.1,43.8,,200,200,0,False,,
EVT-000432,LOT-0058,STN-HT,START,2026-09-30T09:19:30,2026-09-30T09:29:30,CA1,175.4,,,200,200,0,False,,
EVT-000433,LOT-0058,STN-AS1,START,2026-09-30T09:30:00,2026-09-30T09:32:00,CA1,,,,200,200,0,False,,
EVT-000434,LOT-0058,STN-T1,START,2026-09-30T09:32:30,2026-09-30T09:34:30,CA1,,,,200,200,0,False,,
EVT-000435,LOT-0058,STN-PK,START,2026-09-30T09:35:00,2026-09-30T09:37:00,CA1,,,,200,200,0,False,,
EVT-000436,LOT-0058,STN-SHP,START,2026-09-30T09:37:30,2026-09-30T09:39:30,CA1,,,,200,200,0,False,,
EVT-000437,LOT-0401,STN-INB,START,2026-09-30T10:00:00,2026-09-30T10:02:00,CA1,,,,200,200,0,False,,
EVT-000438,LOT-0401,STN-M1,START,2026-09-30T10:02:30,2026-09-30T10:04:30,CA1,,,3.9,200,200,0,False,,
EVT-000439,LOT-0401,STN-M2,START,2026-09-30T10:05:00,2026-09-30T10:07:00,CA1,177.7,43.8,,200,200,0,False,,
EVT-000440,LOT-0401,STN-HT,START,2026-09-30T10:07:30,2026-09-30T10:17:30,CA1,180.3,,,200,200,0,False,,
EVT-000441,LOT-0401,STN-AS1,START,2026-09-30T10:18:00,2026-09-30T10:20:00,CA1,,,,200,200,0,False,,
EVT-000442,LOT-0401,STN-T1,START,2026-09-30T10:20:30,2026-09-30T10:22:30,CA1,,,,200,200,0,False,,
EVT-000443,LOT-0401,STN-PK,START,2026-09-30T10:23:00,2026-09-30T10:25:00,CA1,,,,200,200,0,False,,
EVT-000444,LOT-0401,STN-SHP,START,2026-09-30T10:25:30,2026-09-30T10:27:30,CA1,,,,200,200,0,False,,
EVT-000445,LOT-0402,STN-INB,START,2026-09-30T10:05:00,2026-09-30T10:07:00,CA1,,,,200,200,0,False,,
EVT-000446,LOT-0402,STN-M1,START,2026-09-30T10:07:30,2026-09-30T10:09:30,CA1,,,2.9,200,200,0,False,,
EVT-000447,LOT-0402,STN-M2,START,2026-09-30T10:10:00,2026-09-30T10:12:00,CA1,175.0,41.7,,200,200,0,False,,
EVT-000448,LOT-0402,STN-HT,START,2026-09-30T10:12:30,2026-09-30T10:22:30,CA1,178.1,,,200,200,0,False,,
EVT-000449,LOT-0402,STN-AS1,START,2026-09-30T10:23:00,2026-09-30T10:25:00,CA1,,,,200,200,0,False,,
EVT-000450,LOT-0402,STN-T1,START,2026-09-30T10:25:30,2026-09-30T10:27:30,CA1,,,,200,200,0,False,,
EVT-000451,LOT-0402,STN-PK,START,2026-09-30T10:28:00,2026-09-30T10:30:00,CA1,,,,200,200,0,False,,
EVT-000452,LOT-0402,STN-SHP,START,2026-09-30T10:30:30,2026-09-30T10:32:30,CA1,,,,200,200,0,False,,
EVT-000453,LOT-0403,STN-INB,START,2026-09-30T10:10:00,2026-09-30T10:12:00,CA1,,,,200,200,0,False,,
EVT-000454,LOT-0403,STN-M1,START,2026-09-30T10:12:30,2026-09-30T10:14:30,CA1,,,3.4,200,200,0,False,,
EVT-000455,LOT-0403,STN-M2,START,2026-09-30T10:15:00,2026-09-30T10:17:00,CA1,176.8,47.0,,200,200,0,False,,
EVT-000456,LOT-0403,STN-HT,START,2026-09-30T10:17:30,2026-09-30T10:27:30,CA1,176.3,,,200,200,0,False,,
EVT-000457,LOT-0403,STN-AS1,START,2026-09-30T10:28:00,2026-09-30T10:30:00,CA1,,,,200,200,0,False,,
EVT-000458,LOT-0403,STN-T1,START,2026-09-30T10:30:30,2026-09-30T10:32:30,CA1,,,,200,200,0,False,,
EVT-000459,LOT-0403,STN-PK,START,2026-09-30T10:33:00,2026-09-30T10:35:00,CA1,,,,200,200,0,False,,
EVT-000460,LOT-0403,STN-SHP,START,2026-09-30T10:35:30,2026-09-30T10:37:30,CA1,,,,200,200,0,False,,
EVT-000461,LOT-0404,STN-INB,START,2026-09-30T10:15:00,2026-09-30T10:17:00,CA1,,,,200,200,0,False,,
EVT-000462,LOT-0404,STN-M1,START,2026-09-30T10:17:30,2026-09-30T10:19:30,CA1,,,3.7,200,200,0,False,,
EVT-000463,LOT-0404,STN-M2,START,2026-09-30T10:20:00,2026-09-30T10:22:00,CA1,178.3,45.2,,200,200,0,False,,
EVT-000464,LOT-0404,STN-HT,START,2026-09-30T10:22:30,2026-09-30T10:32:30,CA1,177.5,,,200,200,0,False,,
EVT-000465,LOT-0404,STN-AS1,START,2026-09-30T10:33:00,2026-09-30T10:35:00,CA1,,,,200,200,0,False,,
EVT-000466,LOT-0404,STN-T1,START,2026-09-30T10:35:30,2026-09-30T10:37:30,CA1,,,,200,200,0,False,,
EVT-000467,LOT-0404,STN-PK,START,2026-09-30T10:38:00,2026-09-30T10:40:00,CA1,,,,200,200,0,False,,
EVT-000468,LOT-0404,STN-SHP,START,2026-09-30T10:40:30,2026-09-30T10:42:30,CA1,,,,200,200,0,False,,
EVT-000469,LOT-0405,STN-INB,START,2026-09-30T10:20:00,2026-09-30T10:22:00,CA1,,,,200,200,0,False,,
EVT-000470,LOT-0405,STN-M1,START,2026-09-30T10:22:30,2026-09-30T10:24:30,CA1,,,4.0,200,200,0,False,,
EVT-000471,LOT-0405,STN-M2,START,2026-09-30T10:25:00,2026-09-30T10:27:00,CA1,181.1,46.7,,200,200,0,False,,
EVT-000472,LOT-0405,STN-HT,START,2026-09-30T10:27:30,2026-09-30T10:37:30,CA1,177.0,,,200,200,0,False,,
EVT-000473,LOT-0405,STN-AS1,START,2026-09-30T10:38:00,2026-09-30T10:40:00,CA1,,,,200,200,0,False,,
EVT-000474,LOT-0405,STN-T1,START,2026-09-30T10:40:30,2026-09-30T10:42:30,CA1,,,,200,200,0,False,,
EVT-000475,LOT-0405,STN-PK,START,2026-09-30T10:43:00,2026-09-30T10:45:00,CA1,,,,200,200,0,False,,
EVT-000476,LOT-0405,STN-SHP,START,2026-09-30T10:45:30,2026-09-30T10:47:30,CA1,,,,200,200,0,False,,
EVT-000477,LOT-0059,STN-INB,START,2026-10-01T06:00:00,2026-10-01T06:02:00,CA1,,,,200,200,0,False,,
EVT-000478,LOT-0059,STN-M1,START,2026-10-01T06:02:30,2026-10-01T06:04:30,CA1,,,1.9,200,200,0,False,,
EVT-000479,LOT-0059,STN-HT,START,2026-10-01T06:05:00,2026-10-01T06:15:00,CA1,178.0,,,200,200,0,False,,
EVT-000480,LOT-0059,STN-AS2,START,2026-10-01T06:15:30,2026-10-01T06:17:30,CA1,,,,200,200,0,False,,
EVT-000481,LOT-0059,STN-T1,START,2026-10-01T06:18:00,2026-10-01T06:20:00,CA1,,,,200,200,0,False,,
EVT-000482,LOT-0059,STN-PK,START,2026-10-01T06:20:30,2026-10-01T06:22:30,CA1,,,,200,200,0,False,,
EVT-000483,LOT-0059,STN-SHP,START,2026-10-01T06:23:00,2026-10-01T06:25:00,CA1,,,,200,200,0,False,,
EVT-000484,LOT-0060,STN-INB,START,2026-10-01T14:48:00,2026-10-01T14:50:00,CA2,,,,200,200,0,False,,
EVT-000485,LOT-0060,STN-M1,START,2026-10-01T14:50:30,2026-10-01T14:52:30,CA2,,,2.0,200,200,0,False,,
EVT-000486,LOT-0060,STN-HT,START,2026-10-01T14:53:00,2026-10-01T15:03:00,CA2,181.4,,,200,200,0,False,,
EVT-000487,LOT-0060,STN-AS2,START,2026-10-01T15:03:30,2026-10-01T15:05:30,CA2,,,,200,200,0,False,,
EVT-000488,LOT-0060,STN-T1,START,2026-10-01T15:06:00,2026-10-01T15:08:00,CA2,,,,200,200,0,False,,
EVT-000489,LOT-0060,STN-PK,START,2026-10-01T15:08:30,2026-10-01T15:10:30,CA2,,,,200,200,0,False,,
EVT-000490,LOT-0060,STN-SHP,START,2026-10-01T15:11:00,2026-10-01T15:13:00,CA2,,,,200,200,0,False,,
EVT-000491,LOT-0061,STN-INB,START,2026-10-01T07:36:00,2026-10-01T07:38:00,CA1,,,,200,200,0,False,,
EVT-000492,LOT-0061,STN-M1,START,2026-10-01T07:38:30,2026-10-01T07:40:30,CA1,,,2.4,200,200,0,False,,
EVT-000493,LOT-0061,STN-M2,START,2026-10-01T07:41:00,2026-10-01T07:43:00,CA1,175.5,45.1,,200,200,0,False,,
EVT-000494,LOT-0061,STN-HT,START,2026-10-01T07:43:30,2026-10-01T07:53:30,CA1,176.6,,,200,200,0,False,,
EVT-000495,LOT-0061,STN-AS1,START,2026-10-01T07:54:00,2026-10-01T07:56:00,CA1,,,,200,200,0,False,,
EVT-000496,LOT-0061,STN-T1,START,2026-10-01T07:56:30,2026-10-01T07:58:30,CA1,,,,200,200,0,False,,
EVT-000497,LOT-0061,STN-PK,START,2026-10-01T07:59:00,2026-10-01T08:01:00,CA1,,,,200,200,0,False,,
EVT-000498,LOT-0061,STN-SHP,START,2026-10-01T08:01:30,2026-10-01T08:03:30,CA1,,,,200,200,0,False,,
EVT-000499,LOT-0062,STN-INB,START,2026-10-01T16:24:00,2026-10-01T16:26:00,CA2,,,,200,200,0,False,,
EVT-000500,LOT-0062,STN-M1,START,2026-10-01T16:26:30,2026-10-01T16:28:30,CA2,,,4.8,200,200,0,False,,
EVT-000501,LOT-0062,STN-M2,START,2026-10-01T16:29:00,2026-10-01T16:31:00,CA2,176.7,46.5,,200,200,0,False,,
EVT-000502,LOT-0062,STN-HT,START,2026-10-01T16:31:30,2026-10-01T16:41:30,CA2,175.2,,,200,200,0,False,,
EVT-000503,LOT-0062,STN-AS1,START,2026-10-01T16:42:00,2026-10-01T16:44:00,CA2,,,,200,200,0,False,,
EVT-000504,LOT-0062,STN-T1,START,2026-10-01T16:44:30,2026-10-01T16:46:30,CA2,,,,200,200,0,False,,
EVT-000505,LOT-0062,STN-PK,START,2026-10-01T16:47:00,2026-10-01T16:49:00,CA2,,,,200,200,0,False,,
EVT-000506,LOT-0062,STN-SHP,START,2026-10-01T16:49:30,2026-10-01T16:51:30,CA2,,,,200,200,0,False,,
EVT-000507,LOT-0063,STN-INB,START,2026-10-01T09:12:00,2026-10-01T09:14:00,CA1,,,,200,200,0,False,,
EVT-000508,LOT-0063,STN-M1,START,2026-10-01T09:14:30,2026-10-01T09:16:30,CA1,,,3.7,200,200,0,False,,
EVT-000509,LOT-0063,STN-HT,START,2026-10-01T09:17:00,2026-10-01T09:27:00,CA1,180.5,,,200,200,0,False,,
EVT-000510,LOT-0063,STN-AS2,START,2026-10-01T09:27:30,2026-10-01T09:29:30,CA1,,,,200,200,0,False,,
EVT-000511,LOT-0063,STN-T1,START,2026-10-01T09:30:00,2026-10-01T09:32:00,CA1,,,,200,200,0,False,,
EVT-000512,LOT-0063,STN-PK,START,2026-10-01T09:32:30,2026-10-01T09:34:30,CA1,,,,200,200,0,False,,
EVT-000513,LOT-0063,STN-SHP,START,2026-10-01T09:35:00,2026-10-01T09:37:00,CA1,,,,200,200,0,False,,
EVT-000514,LOT-0064,STN-INB,START,2026-10-01T18:00:00,2026-10-01T18:02:00,CA2,,,,200,200,0,False,,
EVT-000515,LOT-0064,STN-M1,START,2026-10-01T18:02:30,2026-10-01T18:04:30,CA2,,,3.6,200,200,0,False,,
EVT-000516,LOT-0064,STN-HT,START,2026-10-01T18:05:00,2026-10-01T18:15:00,CA2,180.2,,,200,200,0,False,,
EVT-000517,LOT-0064,STN-AS2,START,2026-10-01T18:15:30,2026-10-01T18:17:30,CA2,,,,200,200,0,False,,
EVT-000518,LOT-0064,STN-T1,START,2026-10-01T18:18:00,2026-10-01T18:20:00,CA2,,,,200,200,0,False,,
EVT-000519,LOT-0064,STN-PK,START,2026-10-01T18:20:30,2026-10-01T18:22:30,CA2,,,,200,200,0,False,,
EVT-000520,LOT-0064,STN-SHP,START,2026-10-01T18:23:00,2026-10-01T18:25:00,CA2,,,,200,200,0,False,,
EVT-000521,LOT-0065,STN-INB,START,2026-10-01T10:48:00,2026-10-01T10:50:00,CA1,,,,200,200,0,False,,
EVT-000522,LOT-0065,STN-M1,START,2026-10-01T10:50:30,2026-10-01T10:52:30,CA1,,,3.7,200,200,0,False,,
EVT-000523,LOT-0065,STN-M2,START,2026-10-01T10:53:00,2026-10-01T10:55:00,CA1,178.3,43.0,,200,200,0,False,,
EVT-000524,LOT-0065,STN-HT,START,2026-10-01T10:55:30,2026-10-01T11:05:30,CA1,177.6,,,200,200,0,False,,
EVT-000525,LOT-0065,STN-AS1,START,2026-10-01T11:06:00,2026-10-01T11:08:00,CA1,,,,200,200,0,False,,
EVT-000526,LOT-0065,STN-T1,START,2026-10-01T11:08:30,2026-10-01T11:10:30,CA1,,,,200,200,0,False,,
EVT-000527,LOT-0065,STN-PK,START,2026-10-01T11:11:00,2026-10-01T11:13:00,CA1,,,,200,200,0,False,,
EVT-000528,LOT-0065,STN-SHP,START,2026-10-01T11:13:30,2026-10-01T11:15:30,CA1,,,,200,200,0,False,,
EVT-000529,LOT-0066,STN-INB,START,2026-10-01T19:36:00,2026-10-01T19:38:00,CA2,,,,200,200,0,False,,
EVT-000530,LOT-0066,STN-M1,START,2026-10-01T19:38:30,2026-10-01T19:40:30,CA2,,,2.9,200,200,0,False,,
EVT-000531,LOT-0066,STN-M2,START,2026-10-01T19:41:00,2026-10-01T19:43:00,CA2,177.6,43.0,,200,200,0,False,,
EVT-000532,LOT-0066,STN-HT,START,2026-10-01T19:43:30,2026-10-01T19:53:30,CA2,173.0,,,200,200,0,False,,
EVT-000533,LOT-0066,STN-AS1,START,2026-10-01T19:54:00,2026-10-01T19:56:00,CA2,,,,200,200,0,False,,
EVT-000534,LOT-0066,STN-T1,START,2026-10-01T19:56:30,2026-10-01T19:58:30,CA2,,,,200,200,0,False,,
EVT-000535,LOT-0066,STN-PK,START,2026-10-01T19:59:00,2026-10-01T20:01:00,CA2,,,,200,200,0,False,,
EVT-000536,LOT-0066,STN-SHP,START,2026-10-01T20:01:30,2026-10-01T20:03:30,CA2,,,,200,200,0,False,,
EVT-000537,LOT-0067,STN-INB,START,2026-10-01T06:00:00,2026-10-01T06:02:00,CA1,,,,200,200,0,False,,
EVT-000538,LOT-0067,STN-M1,START,2026-10-01T06:02:30,2026-10-01T06:04:30,CA1,,,2.4,200,200,0,False,,
EVT-000539,LOT-0067,STN-HT,START,2026-10-01T06:05:00,2026-10-01T06:15:00,CA1,177.6,,,200,200,0,False,,
EVT-000540,LOT-0067,STN-AS2,START,2026-10-01T06:15:30,2026-10-01T06:17:30,CA1,,,,200,200,0,False,,
EVT-000541,LOT-0067,STN-T1,START,2026-10-01T06:18:00,2026-10-01T06:20:00,CA1,,,,200,200,0,False,,
EVT-000542,LOT-0067,STN-PK,START,2026-10-01T06:20:30,2026-10-01T06:22:30,CA1,,,,200,200,0,False,,
EVT-000543,LOT-0067,STN-SHP,START,2026-10-01T06:23:00,2026-10-01T06:25:00,CA1,,,,200,200,0,False,,
EVT-000544,LOT-0068,STN-INB,START,2026-10-01T14:48:00,2026-10-01T14:50:00,CA2,,,,200,200,0,False,,
EVT-000545,LOT-0068,STN-M1,START,2026-10-01T14:50:30,2026-10-01T14:52:30,CA2,,,3.2,200,200,0,False,,
EVT-000546,LOT-0068,STN-HT,START,2026-10-01T14:53:00,2026-10-01T15:03:00,CA2,174.7,,,200,200,0,False,,
EVT-000547,LOT-0068,STN-AS2,START,2026-10-01T15:03:30,2026-10-01T15:05:30,CA2,,,,200,200,0,False,,
EVT-000548,LOT-0068,STN-T1,START,2026-10-01T15:06:00,2026-10-01T15:08:00,CA2,,,,200,200,0,False,,
EVT-000549,LOT-0068,STN-PK,START,2026-10-01T15:08:30,2026-10-01T15:10:30,CA2,,,,200,200,0,False,,
EVT-000550,LOT-0068,STN-SHP,START,2026-10-01T15:11:00,2026-10-01T15:13:00,CA2,,,,200,200,0,False,,
EVT-000551,LOT-0069,STN-INB,START,2026-10-01T07:36:00,2026-10-01T07:38:00,CA1,,,,200,200,0,False,,
EVT-000552,LOT-0069,STN-M1,START,2026-10-01T07:38:30,2026-10-01T07:40:30,CA1,,,3.4,200,200,0,False,,
EVT-000553,LOT-0069,STN-M2,START,2026-10-01T07:41:00,2026-10-01T07:43:00,CA1,178.5,44.9,,200,200,0,False,,
EVT-000554,LOT-0069,STN-HT,START,2026-10-01T07:43:30,2026-10-01T07:53:30,CA1,176.4,,,200,200,0,False,,
EVT-000555,LOT-0069,STN-AS1,START,2026-10-01T07:54:00,2026-10-01T07:56:00,CA1,,,,200,200,0,False,,
EVT-000556,LOT-0069,STN-T1,START,2026-10-01T07:56:30,2026-10-01T07:58:30,CA1,,,,200,200,0,False,,
EVT-000557,LOT-0069,STN-PK,START,2026-10-01T07:59:00,2026-10-01T08:01:00,CA1,,,,200,200,0,False,,
EVT-000558,LOT-0069,STN-SHP,START,2026-10-01T08:01:30,2026-10-01T08:03:30,CA1,,,,200,200,0,False,,
EVT-000559,LOT-0070,STN-INB,START,2026-10-01T16:24:00,2026-10-01T16:26:00,CA2,,,,200,200,0,False,,
EVT-000560,LOT-0070,STN-M1,START,2026-10-01T16:26:30,2026-10-01T16:28:30,CA2,,,2.3,200,200,0,False,,
EVT-000561,LOT-0070,STN-M2,START,2026-10-01T16:29:00,2026-10-01T16:31:00,CA2,178.6,42.2,,200,200,0,False,,
EVT-000562,LOT-0070,STN-HT,START,2026-10-01T16:31:30,2026-10-01T16:41:30,CA2,175.7,,,200,200,0,False,,
EVT-000563,LOT-0070,STN-AS1,START,2026-10-01T16:42:00,2026-10-01T16:44:00,CA2,,,,200,200,0,False,,
EVT-000564,LOT-0070,STN-T1,START,2026-10-01T16:44:30,2026-10-01T16:46:30,CA2,,,,200,198,2,True,TOOL_VIBRATION,FMEA-M2-001
EVT-000565,LOT-0070,STN-PK,START,2026-10-01T16:47:00,2026-10-01T16:49:00,CA2,,,,200,200,0,False,,
EVT-000566,LOT-0070,STN-SHP,START,2026-10-01T16:49:30,2026-10-01T16:51:30,CA2,,,,200,200,0,False,,
EVT-000567,LOT-0071,STN-INB,START,2026-10-01T09:12:00,2026-10-01T09:14:00,CA1,,,,200,200,0,False,,
EVT-000568,LOT-0071,STN-M1,START,2026-10-01T09:14:30,2026-10-01T09:16:30,CA1,,,3.5,200,200,0,False,,
EVT-000569,LOT-0071,STN-HT,START,2026-10-01T09:17:00,2026-10-01T09:27:00,CA1,173.8,,,200,200,0,False,,
EVT-000570,LOT-0071,STN-AS2,START,2026-10-01T09:27:30,2026-10-01T09:29:30,CA1,,,,200,200,0,False,,
EVT-000571,LOT-0071,STN-T1,START,2026-10-01T09:30:00,2026-10-01T09:32:00,CA1,,,,200,200,0,False,,
EVT-000572,LOT-0071,STN-PK,START,2026-10-01T09:32:30,2026-10-01T09:34:30,CA1,,,,200,200,0,False,,
EVT-000573,LOT-0071,STN-SHP,START,2026-10-01T09:35:00,2026-10-01T09:37:00,CA1,,,,200,200,0,False,,
EVT-000574,LOT-0072,STN-INB,START,2026-10-01T18:00:00,2026-10-01T18:02:00,CA2,,,,200,200,0,False,,
EVT-000575,LOT-0072,STN-M1,START,2026-10-01T18:02:30,2026-10-01T18:04:30,CA2,,,3.5,200,200,0,False,,
EVT-000576,LOT-0072,STN-HT,START,2026-10-01T18:05:00,2026-10-01T18:15:00,CA2,178.2,,,200,200,0,False,,
EVT-000577,LOT-0072,STN-AS2,START,2026-10-01T18:15:30,2026-10-01T18:17:30,CA2,,,,200,200,0,False,,
EVT-000578,LOT-0072,STN-T1,START,2026-10-01T18:18:00,2026-10-01T18:20:00,CA2,,,,200,200,0,False,,
EVT-000579,LOT-0072,STN-PK,START,2026-10-01T18:20:30,2026-10-01T18:22:30,CA2,,,,200,200,0,False,,
EVT-000580,LOT-0072,STN-SHP,START,2026-10-01T18:23:00,2026-10-01T18:25:00,CA2,,,,200,200,0,False,,
EVT-000581,LOT-0073,STN-INB,START,2026-10-01T10:48:00,2026-10-01T10:50:00,CA1,,,,200,200,0,False,,
EVT-000582,LOT-0073,STN-M1,START,2026-10-01T10:50:30,2026-10-01T10:52:30,CA1,,,4.9,200,200,0,False,,
EVT-000583,LOT-0073,STN-M2,START,2026-10-01T10:53:00,2026-10-01T10:55:00,CA1,180.3,47.7,,200,200,0,False,,
EVT-000584,LOT-0073,STN-HT,START,2026-10-01T10:55:30,2026-10-01T11:05:30,CA1,180.9,,,200,200,0,False,,
EVT-000585,LOT-0073,STN-AS1,START,2026-10-01T11:06:00,2026-10-01T11:08:00,CA1,,,,200,200,0,False,,
EVT-000586,LOT-0073,STN-T1,START,2026-10-01T11:08:30,2026-10-01T11:10:30,CA1,,,,200,200,0,False,,
EVT-000587,LOT-0073,STN-PK,START,2026-10-01T11:11:00,2026-10-01T11:13:00,CA1,,,,200,200,0,False,,
EVT-000588,LOT-0073,STN-SHP,START,2026-10-01T11:13:30,2026-10-01T11:15:30,CA1,,,,200,200,0,False,,
EVT-000589,LOT-0074,STN-INB,START,2026-10-01T19:36:00,2026-10-01T19:38:00,CA2,,,,200,198,2,True,TEMP_SPIKE,FMEA-M2-001
EVT-000590,LOT-0074,STN-M1,START,2026-10-01T19:38:30,2026-10-01T19:40:30,CA2,,,2.9,200,200,0,False,,
EVT-000591,LOT-0074,STN-M2,START,2026-10-01T19:41:00,2026-10-01T19:43:00,CA2,181.8,44.3,,200,200,0,False,,
EVT-000592,LOT-0074,STN-HT,START,2026-10-01T19:43:30,2026-10-01T19:53:30,CA2,178.8,,,200,200,0,False,,
EVT-000593,LOT-0074,STN-AS1,START,2026-10-01T19:54:00,2026-10-01T19:56:00,CA2,,,,200,200,0,False,,
EVT-000594,LOT-0074,STN-T1,START,2026-10-01T19:56:30,2026-10-01T19:58:30,CA2,,,,200,200,0,False,,
EVT-000595,LOT-0074,STN-PK,START,2026-10-01T19:59:00,2026-10-01T20:01:00,CA2,,,,200,200,0,False,,
EVT-000596,LOT-0074,STN-SHP,START,2026-10-01T20:01:30,2026-10-01T20:03:30,CA2,,,,200,200,0,False,,
EVT-000597,LOT-0075,STN-INB,START,2026-10-01T06:00:00,2026-10-01T06:02:00,CA1,,,,200,200,0,False,,
EVT-000598,LOT-0075,STN-M1,START,2026-10-01T06:02:30,2026-10-01T06:04:30,CA1,,,2.7,200,200,0,False,,
EVT-000599,LOT-0075,STN-HT,START,2026-10-01T06:05:00,2026-10-01T06:15:00,CA1,182.9,,,200,200,0,False,,
EVT-000600,LOT-0075,STN-AS2,START,2026-10-01T06:15:30,2026-10-01T06:17:30,CA1,,,,200,200,0,False,,
EVT-000601,LOT-0075,STN-T1,START,2026-10-01T06:18:00,2026-10-01T06:20:00,CA1,,,,200,200,0,False,,
EVT-000602,LOT-0075,STN-PK,START,2026-10-01T06:20:30,2026-10-01T06:22:30,CA1,,,,200,200,0,False,,
EVT-000603,LOT-0075,STN-SHP,START,2026-10-01T06:23:00,2026-10-01T06:25:00,CA1,,,,200,200,0,False,,
EVT-000604,LOT-0076,STN-INB,START,2026-10-01T14:48:00,2026-10-01T14:50:00,CA2,,,,200,200,0,False,,
EVT-000605,LOT-0076,STN-M1,START,2026-10-01T14:50:30,2026-10-01T14:52:30,CA2,,,3.6,200,200,0,False,,
EVT-000606,LOT-0076,STN-HT,START,2026-10-01T14:53:00,2026-10-01T15:03:00,CA2,181.9,,,200,200,0,False,,
EVT-000607,LOT-0076,STN-AS2,START,2026-10-01T15:03:30,2026-10-01T15:05:30,CA2,,,,200,200,0,False,,
EVT-000608,LOT-0076,STN-T1,START,2026-10-01T15:06:00,2026-10-01T15:08:00,CA2,,,,200,200,0,False,,
EVT-000609,LOT-0076,STN-PK,START,2026-10-01T15:08:30,2026-10-01T15:10:30,CA2,,,,200,200,0,False,,
EVT-000610,LOT-0076,STN-SHP,START,2026-10-01T15:11:00,2026-10-01T15:13:00,CA2,,,,200,200,0,False,,
EVT-000611,LOT-0077,STN-INB,START,2026-10-01T07:36:00,2026-10-01T07:38:00,CA1,,,,200,200,0,False,,
EVT-000612,LOT-0077,STN-M1,START,2026-10-01T07:38:30,2026-10-01T07:40:30,CA1,,,3.1,200,200,0,False,,
EVT-000613,LOT-0077,STN-M2,START,2026-10-01T07:41:00,2026-10-01T07:43:00,CA1,176.1,43.2,,200,200,0,False,,
EVT-000614,LOT-0077,STN-HT,START,2026-10-01T07:43:30,2026-10-01T07:53:30,CA1,180.5,,,200,200,0,False,,
EVT-000615,LOT-0077,STN-AS1,START,2026-10-01T07:54:00,2026-10-01T07:56:00,CA1,,,,200,200,0,False,,
EVT-000616,LOT-0077,STN-T1,START,2026-10-01T07:56:30,2026-10-01T07:58:30,CA1,,,,200,200,0,False,,
EVT-000617,LOT-0077,STN-PK,START,2026-10-01T07:59:00,2026-10-01T08:01:00,CA1,,,,200,200,0,False,,
EVT-000618,LOT-0077,STN-SHP,START,2026-10-01T08:01:30,2026-10-01T08:03:30,CA1,,,,200,200,0,False,,
EVT-000619,LOT-0078,STN-INB,START,2026-10-01T16:24:00,2026-10-01T16:26:00,CA2,,,,200,200,0,False,,
EVT-000620,LOT-0078,STN-M1,START,2026-10-01T16:26:30,2026-10-01T16:28:30,CA2,,,3.9,200,200,0,False,,
EVT-000621,LOT-0078,STN-M2,START,2026-10-01T16:29:00,2026-10-01T16:31:00,CA2,177.6,45.3,,200,200,0,False,,
EVT-000622,LOT-0078,STN-HT,START,2026-10-01T16:31:30,2026-10-01T16:41:30,CA2,177.3,,,200,200,0,False,,
EVT-000623,LOT-0078,STN-AS1,START,2026-10-01T16:42:00,2026-10-01T16:44:00,CA2,,,,200,200,0,False,,
EVT-000624,LOT-0078,STN-T1,START,2026-10-01T16:44:30,2026-10-01T16:46:30,CA2,,,,200,200,0,False,,
EVT-000625,LOT-0078,STN-PK,START,2026-10-01T16:47:00,2026-10-01T16:49:00,CA2,,,,200,200,0,False,,
EVT-000626,LOT-0078,STN-SHP,START,2026-10-01T16:49:30,2026-10-01T16:51:30,CA2,,,,200,200,0,False,,
EVT-000627,LOT-0079,STN-INB,START,2026-10-01T09:12:00,2026-10-01T09:14:00,CA1,,,,200,200,0,False,,
EVT-000628,LOT-0079,STN-M1,START,2026-10-01T09:14:30,2026-10-01T09:16:30,CA1,,,4.0,200,200,0,False,,
EVT-000629,LOT-0079,STN-HT,START,2026-10-01T09:17:00,2026-10-01T09:27:00,CA1,177.6,,,200,200,0,False,,
EVT-000630,LOT-0079,STN-AS2,START,2026-10-01T09:27:30,2026-10-01T09:29:30,CA1,,,,200,200,0,False,,
EVT-000631,LOT-0079,STN-T1,START,2026-10-01T09:30:00,2026-10-01T09:32:00,CA1,,,,200,200,0,False,,
EVT-000632,LOT-0079,STN-PK,START,2026-10-01T09:32:30,2026-10-01T09:34:30,CA1,,,,200,200,0,False,,
EVT-000633,LOT-0079,STN-SHP,START,2026-10-01T09:35:00,2026-10-01T09:37:00,CA1,,,,200,200,0,False,,
EVT-000634,LOT-0080,STN-INB,START,2026-10-01T18:00:00,2026-10-01T18:02:00,CA2,,,,200,200,0,False,,
EVT-000635,LOT-0080,STN-M1,START,2026-10-01T18:02:30,2026-10-01T18:04:30,CA2,,,3.0,200,200,0,False,,
EVT-000636,LOT-0080,STN-HT,START,2026-10-01T18:05:00,2026-10-01T18:15:00,CA2,184.9,,,200,200,0,False,,
EVT-000637,LOT-0080,STN-AS2,START,2026-10-01T18:15:30,2026-10-01T18:17:30,CA2,,,,200,200,0,False,,
EVT-000638,LOT-0080,STN-T1,START,2026-10-01T18:18:00,2026-10-01T18:20:00,CA2,,,,200,200,0,False,,
EVT-000639,LOT-0080,STN-PK,START,2026-10-01T18:20:30,2026-10-01T18:22:30,CA2,,,,200,200,0,False,,
EVT-000640,LOT-0080,STN-SHP,START,2026-10-01T18:23:00,2026-10-01T18:25:00,CA2,,,,200,200,0,False,,
EVT-000641,LOT-0081,STN-INB,START,2026-10-01T10:48:00,2026-10-01T10:50:00,CA1,,,,200,200,0,False,,
EVT-000642,LOT-0081,STN-M1,START,2026-10-01T10:50:30,2026-10-01T10:52:30,CA1,,,3.2,200,200,0,False,,
EVT-000643,LOT-0081,STN-M2,START,2026-10-01T10:53:00,2026-10-01T10:55:00,CA1,176.0,45.4,,200,200,0,False,,
EVT-000644,LOT-0081,STN-HT,START,2026-10-01T10:55:30,2026-10-01T11:05:30,CA1,183.8,,,200,200,0,False,,
EVT-000645,LOT-0081,STN-AS1,START,2026-10-01T11:06:00,2026-10-01T11:08:00,CA1,,,,200,200,0,False,,
EVT-000646,LOT-0081,STN-T1,START,2026-10-01T11:08:30,2026-10-01T11:10:30,CA1,,,,200,200,0,False,,
EVT-000647,LOT-0081,STN-PK,START,2026-10-01T11:11:00,2026-10-01T11:13:00,CA1,,,,200,200,0,False,,
EVT-000648,LOT-0081,STN-SHP,START,2026-10-01T11:13:30,2026-10-01T11:15:30,CA1,,,,200,200,0,False,,
EVT-000649,LOT-0082,STN-INB,START,2026-10-01T19:36:00,2026-10-01T19:38:00,CA2,,,,200,200,0,False,,
EVT-000650,LOT-0082,STN-M1,START,2026-10-01T19:38:30,2026-10-01T19:40:30,CA2,,,4.9,200,200,0,False,,
EVT-000651,LOT-0082,STN-M2,START,2026-10-01T19:41:00,2026-10-01T19:43:00,CA2,181.1,44.4,,200,200,0,False,,
EVT-000652,LOT-0082,STN-HT,START,2026-10-01T19:43:30,2026-10-01T19:53:30,CA2,178.3,,,200,200,0,False,,
EVT-000653,LOT-0082,STN-AS1,START,2026-10-01T19:54:00,2026-10-01T19:56:00,CA2,,,,200,200,0,False,,
EVT-000654,LOT-0082,STN-T1,START,2026-10-01T19:56:30,2026-10-01T19:58:30,CA2,,,,200,200,0,False,,
EVT-000655,LOT-0082,STN-PK,START,2026-10-01T19:59:00,2026-10-01T20:01:00,CA2,,,,200,200,0,False,,
EVT-000656,LOT-0082,STN-SHP,START,2026-10-01T20:01:30,2026-10-01T20:03:30,CA2,,,,200,200,0,False,,
EVT-000657,LOT-0083,STN-INB,START,2026-10-01T06:00:00,2026-10-01T06:02:00,CA1,,,,200,200,0,False,,
EVT-000658,LOT-0083,STN-M1,START,2026-10-01T06:02:30,2026-10-01T06:04:30,CA1,,,3.3,200,200,0,False,,
EVT-000659,LOT-0083,STN-HT,START,2026-10-01T06:05:00,2026-10-01T06:15:00,CA1,177.5,,,200,200,0,False,,
EVT-000660,LOT-0083,STN-AS2,START,2026-10-01T06:15:30,2026-10-01T06:17:30,CA1,,,,200,200,0,False,,
EVT-000661,LOT-0083,STN-T1,START,2026-10-01T06:18:00,2026-10-01T06:20:00,CA1,,,,200,200,0,False,,
EVT-000662,LOT-0083,STN-PK,START,2026-10-01T06:20:30,2026-10-01T06:22:30,CA1,,,,200,200,0,False,,
EVT-000663,LOT-0083,STN-SHP,START,2026-10-01T06:23:00,2026-10-01T06:25:00,CA1,,,,200,200,0,False,,
EVT-000664,LOT-0084,STN-INB,START,2026-10-01T14:48:00,2026-10-01T14:50:00,CA2,,,,200,200,0,False,,
EVT-000665,LOT-0084,STN-M1,START,2026-10-01T14:50:30,2026-10-01T14:52:30,CA2,,,2.2,200,200,0,False,,
EVT-000666,LOT-0084,STN-HT,START,2026-10-01T14:53:00,2026-10-01T15:03:00,CA2,182.2,,,200,200,0,False,,
EVT-000667,LOT-0084,STN-AS2,START,2026-10-01T15:03:30,2026-10-01T15:05:30,CA2,,,,200,200,0,False,,
EVT-000668,LOT-0084,STN-T1,START,2026-10-01T15:06:00,2026-10-01T15:08:00,CA2,,,,200,200,0,False,,
EVT-000669,LOT-0084,STN-PK,START,2026-10-01T15:08:30,2026-10-01T15:10:30,CA2,,,,200,200,0,False,,
EVT-000670,LOT-0084,STN-SHP,START,2026-10-01T15:11:00,2026-10-01T15:13:00,CA2,,,,200,200,0,False,,
EVT-000671,LOT-0085,STN-INB,START,2026-10-01T07:36:00,2026-10-01T07:38:00,CA1,,,,200,200,0,False,,
EVT-000672,LOT-0085,STN-M1,START,2026-10-01T07:38:30,2026-10-01T07:40:30,CA1,,,3.7,200,200,0,False,,
EVT-000673,LOT-0085,STN-M2,START,2026-10-01T07:41:00,2026-10-01T07:43:00,CA1,182.2,45.3,,200,200,0,False,,
EVT-000674,LOT-0085,STN-HT,START,2026-10-01T07:43:30,2026-10-01T07:53:30,CA1,183.1,,,200,200,0,False,,
EVT-000675,LOT-0085,STN-AS1,START,2026-10-01T07:54:00,2026-10-01T07:56:00,CA1,,,,200,200,0,False,,
EVT-000676,LOT-0085,STN-T1,START,2026-10-01T07:56:30,2026-10-01T07:58:30,CA1,,,,200,200,0,False,,
EVT-000677,LOT-0085,STN-PK,START,2026-10-01T07:59:00,2026-10-01T08:01:00,CA1,,,,200,200,0,False,,
EVT-000678,LOT-0085,STN-SHP,START,2026-10-01T08:01:30,2026-10-01T08:03:30,CA1,,,,200,200,0,False,,
EVT-000679,LOT-0086,STN-INB,START,2026-10-01T16:24:00,2026-10-01T16:26:00,CA2,,,,200,198,2,True,TEMP_SPIKE,FMEA-M2-001
EVT-000680,LOT-0086,STN-M1,START,2026-10-01T16:26:30,2026-10-01T16:28:30,CA2,,,3.0,200,200,0,False,,
EVT-000681,LOT-0086,STN-M2,START,2026-10-01T16:29:00,2026-10-01T16:31:00,CA2,182.2,46.8,,200,200,0,False,,
EVT-000682,LOT-0086,STN-HT,START,2026-10-01T16:31:30,2026-10-01T16:41:30,CA2,178.9,,,200,200,0,False,,
EVT-000683,LOT-0086,STN-AS1,START,2026-10-01T16:42:00,2026-10-01T16:44:00,CA2,,,,200,200,0,False,,
EVT-000684,LOT-0086,STN-T1,START,2026-10-01T16:44:30,2026-10-01T16:46:30,CA2,,,,200,200,0,False,,
EVT-000685,LOT-0086,STN-PK,START,2026-10-01T16:47:00,2026-10-01T16:49:00,CA2,,,,200,200,0,False,,
EVT-000686,LOT-0086,STN-SHP,START,2026-10-01T16:49:30,2026-10-01T16:51:30,CA2,,,,200,200,0,False,,
EVT-000687,LOT-0087,STN-INB,START,2026-10-01T09:12:00,2026-10-01T09:14:00,CA1,,,,200,200,0,False,,
EVT-000688,LOT-0087,STN-M1,START,2026-10-01T09:14:30,2026-10-01T09:16:30,CA1,,,2.2,200,200,0,False,,
EVT-000689,LOT-0087,STN-HT,START,2026-10-01T09:17:00,2026-10-01T09:27:00,CA1,175.2,,,200,200,0,False,,
EVT-000690,LOT-0087,STN-AS2,START,2026-10-01T09:27:30,2026-10-01T09:29:30,CA1,,,,200,200,0,False,,
EVT-000691,LOT-0087,STN-T1,START,2026-10-01T09:30:00,2026-10-01T09:32:00,CA1,,,,200,200,0,False,,
EVT-000692,LOT-0087,STN-PK,START,2026-10-01T09:32:30,2026-10-01T09:34:30,CA1,,,,200,198,2,True,TOOL_VIBRATION,FMEA-M2-001
EVT-000693,LOT-0087,STN-SHP,START,2026-10-01T09:35:00,2026-10-01T09:37:00,CA1,,,,200,200,0,False,,
EVT-000694,LOT-0088,STN-INB,START,2026-10-02T06:00:00,2026-10-02T06:02:00,CA1,,,,200,200,0,False,,
EVT-000695,LOT-0088,STN-M1,START,2026-10-02T06:02:30,2026-10-02T06:04:30,CA1,,,2.9,200,200,0,False,,
EVT-000696,LOT-0088,STN-HT,START,2026-10-02T06:05:00,2026-10-02T06:15:00,CA1,180.4,,,200,200,0,False,,
EVT-000697,LOT-0088,STN-AS2,START,2026-10-02T06:15:30,2026-10-02T06:17:30,CA1,,,,200,200,0,False,,
EVT-000698,LOT-0088,STN-T1,START,2026-10-02T06:18:00,2026-10-02T06:20:00,CA1,,,,200,200,0,False,,
EVT-000699,LOT-0088,STN-PK,START,2026-10-02T06:20:30,2026-10-02T06:22:30,CA1,,,,200,200,0,False,,
EVT-000700,LOT-0088,STN-SHP,START,2026-10-02T06:23:00,2026-10-02T06:25:00,CA1,,,,200,200,0,False,,
EVT-000701,LOT-0089,STN-INB,START,2026-10-02T14:48:00,2026-10-02T14:50:00,CA2,,,,200,200,0,False,,
EVT-000702,LOT-0089,STN-M1,START,2026-10-02T14:50:30,2026-10-02T14:52:30,CA2,,,3.4,200,200,0,False,,
EVT-000703,LOT-0089,STN-M2,START,2026-10-02T14:53:00,2026-10-02T14:55:00,CA2,176.0,46.2,,200,200,0,False,,
EVT-000704,LOT-0089,STN-HT,START,2026-10-02T14:55:30,2026-10-02T15:05:30,CA2,176.5,,,200,200,0,False,,
EVT-000705,LOT-0089,STN-AS1,START,2026-10-02T15:06:00,2026-10-02T15:08:00,CA2,,,,200,200,0,False,,
EVT-000706,LOT-0089,STN-T1,START,2026-10-02T15:08:30,2026-10-02T15:10:30,CA2,,,,200,200,0,False,,
EVT-000707,LOT-0089,STN-PK,START,2026-10-02T15:11:00,2026-10-02T15:13:00,CA2,,,,200,198,2,True,TOOL_VIBRATION,FMEA-M2-001
EVT-000708,LOT-0089,STN-SHP,START,2026-10-02T15:13:30,2026-10-02T15:15:30,CA2,,,,200,200,0,False,,
EVT-000709,LOT-0090,STN-INB,START,2026-10-02T07:36:00,2026-10-02T07:38:00,CA1,,,,200,200,0,False,,
EVT-000710,LOT-0090,STN-M1,START,2026-10-02T07:38:30,2026-10-02T07:40:30,CA1,,,3.1,200,200,0,False,,
EVT-000711,LOT-0090,STN-M2,START,2026-10-02T07:41:00,2026-10-02T07:43:00,CA1,174.5,43.3,,200,200,0,False,,
EVT-000712,LOT-0090,STN-HT,START,2026-10-02T07:43:30,2026-10-02T07:53:30,CA1,179.4,,,200,200,0,False,,
EVT-000713,LOT-0090,STN-AS1,START,2026-10-02T07:54:00,2026-10-02T07:56:00,CA1,,,,200,200,0,False,,
EVT-000714,LOT-0090,STN-T1,START,2026-10-02T07:56:30,2026-10-02T07:58:30,CA1,,,,200,200,0,False,,
EVT-000715,LOT-0090,STN-PK,START,2026-10-02T07:59:00,2026-10-02T08:01:00,CA1,,,,200,200,0,False,,
EVT-000716,LOT-0090,STN-SHP,START,2026-10-02T08:01:30,2026-10-02T08:03:30,CA1,,,,200,200,0,False,,
EVT-000717,LOT-0091,STN-INB,START,2026-10-02T16:24:00,2026-10-02T16:26:00,CA2,,,,200,200,0,False,,
EVT-000718,LOT-0091,STN-M1,START,2026-10-02T16:26:30,2026-10-02T16:28:30,CA2,,,3.1,200,200,0,False,,
EVT-000719,LOT-0091,STN-HT,START,2026-10-02T16:29:00,2026-10-02T16:39:00,CA2,179.8,,,200,200,0,False,,
EVT-000720,LOT-0091,STN-AS2,START,2026-10-02T16:39:30,2026-10-02T16:41:30,CA2,,,,200,200,0,False,,
EVT-000721,LOT-0091,STN-T1,START,2026-10-02T16:42:00,2026-10-02T16:44:00,CA2,,,,200,200,0,False,,
EVT-000722,LOT-0091,STN-PK,START,2026-10-02T16:44:30,2026-10-02T16:46:30,CA2,,,,200,200,0,False,,
EVT-000723,LOT-0091,STN-SHP,START,2026-10-02T16:47:00,2026-10-02T16:49:00,CA2,,,,200,200,0,False,,
EVT-000724,LOT-0092,STN-INB,START,2026-10-02T09:12:00,2026-10-02T09:14:00,CA1,,,,200,200,0,False,,
EVT-000725,LOT-0092,STN-M1,START,2026-10-02T09:14:30,2026-10-02T09:16:30,CA1,,,3.3,200,200,0,False,,
EVT-000726,LOT-0092,STN-HT,START,2026-10-02T09:17:00,2026-10-02T09:27:00,CA1,175.6,,,200,200,0,False,,
EVT-000727,LOT-0092,STN-AS2,START,2026-10-02T09:27:30,2026-10-02T09:29:30,CA1,,,,200,200,0,False,,
EVT-000728,LOT-0092,STN-T1,START,2026-10-02T09:30:00,2026-10-02T09:32:00,CA1,,,,200,200,0,False,,
EVT-000729,LOT-0092,STN-PK,START,2026-10-02T09:32:30,2026-10-02T09:34:30,CA1,,,,200,200,0,False,,
EVT-000730,LOT-0092,STN-SHP,START,2026-10-02T09:35:00,2026-10-02T09:37:00,CA1,,,,200,200,0,False,,
EVT-000731,LOT-0093,STN-INB,START,2026-10-02T18:00:00,2026-10-02T18:02:00,CA2,,,,200,200,0,False,,
EVT-000732,LOT-0093,STN-M1,START,2026-10-02T18:02:30,2026-10-02T18:04:30,CA2,,,0.0,200,200,0,False,,
EVT-000733,LOT-0093,STN-M2,START,2026-10-02T18:05:00,2026-10-02T18:07:00,CA2,175.4,44.0,,200,200,0,False,,
EVT-000734,LOT-0093,STN-HT,START,2026-10-02T18:07:30,2026-10-02T18:17:30,CA2,181.1,,,200,200,0,False,,
EVT-000735,LOT-0093,STN-AS1,START,2026-10-02T18:18:00,2026-10-02T18:20:00,CA2,,,,200,200,0,False,,
EVT-000736,LOT-0093,STN-T1,START,2026-10-02T18:20:30,2026-10-02T18:22:30,CA2,,,,200,200,0,False,,
EVT-000737,LOT-0093,STN-PK,START,2026-10-02T18:23:00,2026-10-02T18:25:00,CA2,,,,200,200,0,False,,
EVT-000738,LOT-0093,STN-SHP,START,2026-10-02T18:25:30,2026-10-02T18:27:30,CA2,,,,200,200,0,False,,
EVT-000739,LOT-0094,STN-INB,START,2026-10-02T10:48:00,2026-10-02T10:50:00,CA1,,,,200,200,0,False,,
EVT-000740,LOT-0094,STN-M1,START,2026-10-02T10:50:30,2026-10-02T10:52:30,CA1,,,3.9,200,200,0,False,,
EVT-000741,LOT-0094,STN-M2,START,2026-10-02T10:53:00,2026-10-02T10:55:00,CA1,180.1,47.1,,200,200,0,False,,
EVT-000742,LOT-0094,STN-HT,START,2026-10-02T10:55:30,2026-10-02T11:05:30,CA1,181.5,,,200,200,0,False,,
EVT-000743,LOT-0094,STN-AS1,START,2026-10-02T11:06:00,2026-10-02T11:08:00,CA1,,,,200,200,0,False,,
EVT-000744,LOT-0094,STN-T1,START,2026-10-02T11:08:30,2026-10-02T11:10:30,CA1,,,,200,200,0,False,,
EVT-000745,LOT-0094,STN-PK,START,2026-10-02T11:11:00,2026-10-02T11:13:00,CA1,,,,200,200,0,False,,
EVT-000746,LOT-0094,STN-SHP,START,2026-10-02T11:13:30,2026-10-02T11:15:30,CA1,,,,200,200,0,False,,
EVT-000747,LOT-0095,STN-INB,START,2026-10-02T19:36:00,2026-10-02T19:38:00,CA2,,,,200,198,2,True,FORCE_DROP,FMEA-M2-001
EVT-000748,LOT-0095,STN-M1,START,2026-10-02T19:38:30,2026-10-02T19:40:30,CA2,,,3.7,200,198,2,True,FORCE_DROP,FMEA-M2-001
EVT-000749,LOT-0095,STN-HT,START,2026-10-02T19:41:00,2026-10-02T19:51:00,CA2,177.5,,,200,198,2,True,TOOL_VIBRATION,FMEA-M2-001
EVT-000750,LOT-0095,STN-AS2,START,2026-10-02T19:51:30,2026-10-02T19:53:30,CA2,,,,200,200,0,False,,
EVT-000751,LOT-0095,STN-T1,START,2026-10-02T19:54:00,2026-10-02T19:56:00,CA2,,,,200,200,0,False,,
EVT-000752,LOT-0095,STN-PK,START,2026-10-02T19:56:30,2026-10-02T19:58:30,CA2,,,,200,198,2,True,TEMP_SPIKE,FMEA-M2-001
EVT-000753,LOT-0095,STN-SHP,START,2026-10-02T19:59:00,2026-10-02T20:01:00,CA2,,,,200,200,0,False,,
EVT-000754,LOT-0096,STN-INB,START,2026-10-02T06:00:00,2026-10-02T06:02:00,CA1,,,,200,200,0,False,,
EVT-000755,LOT-0096,STN-M1,START,2026-10-02T06:02:30,2026-10-02T06:04:30,CA1,,,4.3,200,200,0,False,,
EVT-000756,LOT-0096,STN-HT,START,2026-10-02T06:05:00,2026-10-02T06:15:00,CA1,173.9,,,200,200,0,False,,
EVT-000757,LOT-0096,STN-AS2,START,2026-10-02T06:15:30,2026-10-02T06:17:30,CA1,,,,200,200,0,False,,
EVT-000758,LOT-0096,STN-T1,START,2026-10-02T06:18:00,2026-10-02T06:20:00,CA1,,,,200,200,0,False,,
EVT-000759,LOT-0096,STN-PK,START,2026-10-02T06:20:30,2026-10-02T06:22:30,CA1,,,,200,200,0,False,,
EVT-000760,LOT-0096,STN-SHP,START,2026-10-02T06:23:00,2026-10-02T06:25:00,CA1,,,,200,200,0,False,,
EVT-000761,LOT-0097,STN-INB,START,2026-10-02T14:48:00,2026-10-02T14:50:00,CA2,,,,200,200,0,False,,
EVT-000762,LOT-0097,STN-M1,START,2026-10-02T14:50:30,2026-10-02T14:52:30,CA2,,,4.1,200,200,0,False,,
EVT-000763,LOT-0097,STN-M2,START,2026-10-02T14:53:00,2026-10-02T14:55:00,CA2,178.6,45.4,,200,200,0,False,,
EVT-000764,LOT-0097,STN-HT,START,2026-10-02T14:55:30,2026-10-02T15:05:30,CA2,179.2,,,200,200,0,False,,
EVT-000765,LOT-0097,STN-AS1,START,2026-10-02T15:06:00,2026-10-02T15:08:00,CA2,,,,200,200,0,False,,
EVT-000766,LOT-0097,STN-T1,START,2026-10-02T15:08:30,2026-10-02T15:10:30,CA2,,,,200,200,0,False,,
EVT-000767,LOT-0097,STN-PK,START,2026-10-02T15:11:00,2026-10-02T15:13:00,CA2,,,,200,200,0,False,,
EVT-000768,LOT-0097,STN-SHP,START,2026-10-02T15:13:30,2026-10-02T15:15:30,CA2,,,,200,200,0,False,,
EVT-000769,LOT-0098,STN-INB,START,2026-10-02T07:36:00,2026-10-02T07:38:00,CA1,,,,200,200,0,False,,
EVT-000770,LOT-0098,STN-M1,START,2026-10-02T07:38:30,2026-10-02T07:40:30,CA1,,,2.9,200,200,0,False,,
EVT-000771,LOT-0098,STN-M2,START,2026-10-02T07:41:00,2026-10-02T07:43:00,CA1,179.1,44.7,,200,200,0,False,,
EVT-000772,LOT-0098,STN-HT,START,2026-10-02T07:43:30,2026-10-02T07:53:30,CA1,171.9,,,200,200,0,False,,
EVT-000773,LOT-0098,STN-AS1,START,2026-10-02T07:54:00,2026-10-02T07:56:00,CA1,,,,200,200,0,False,,
EVT-000774,LOT-0098,STN-T1,START,2026-10-02T07:56:30,2026-10-02T07:58:30,CA1,,,,200,200,0,False,,
EVT-000775,LOT-0098,STN-PK,START,2026-10-02T07:59:00,2026-10-02T08:01:00,CA1,,,,200,200,0,False,,
EVT-000776,LOT-0098,STN-SHP,START,2026-10-02T08:01:30,2026-10-02T08:03:30,CA1,,,,200,200,0,False,,
EVT-000777,LOT-0099,STN-INB,START,2026-10-02T16:24:00,2026-10-02T16:26:00,CA2,,,,200,200,0,False,,
EVT-000778,LOT-0099,STN-M1,START,2026-10-02T16:26:30,2026-10-02T16:28:30,CA2,,,3.9,200,200,0,False,,
EVT-000779,LOT-0099,STN-HT,START,2026-10-02T16:29:00,2026-10-02T16:39:00,CA2,176.5,,,200,200,0,False,,
EVT-000780,LOT-0099,STN-AS2,START,2026-10-02T16:39:30,2026-10-02T16:41:30,CA2,,,,200,200,0,False,,
EVT-000781,LOT-0099,STN-T1,START,2026-10-02T16:42:00,2026-10-02T16:44:00,CA2,,,,200,200,0,False,,
EVT-000782,LOT-0099,STN-PK,START,2026-10-02T16:44:30,2026-10-02T16:46:30,CA2,,,,200,200,0,False,,
EVT-000783,LOT-0099,STN-SHP,START,2026-10-02T16:47:00,2026-10-02T16:49:00,CA2,,,,200,200,0,False,,
EVT-000784,LOT-0100,STN-INB,START,2026-10-02T09:12:00,2026-10-02T09:14:00,CA1,,,,200,200,0,False,,
EVT-000785,LOT-0100,STN-M1,START,2026-10-02T09:14:30,2026-10-02T09:16:30,CA1,,,3.3,200,200,0,False,,
EVT-000786,LOT-0100,STN-HT,START,2026-10-02T09:17:00,2026-10-02T09:27:00,CA1,174.6,,,200,200,0,False,,
EVT-000787,LOT-0100,STN-AS2,START,2026-10-02T09:27:30,2026-10-02T09:29:30,CA1,,,,200,200,0,False,,
EVT-000788,LOT-0100,STN-T1,START,2026-10-02T09:30:00,2026-10-02T09:32:00,CA1,,,,200,200,0,False,,
EVT-000789,LOT-0100,STN-PK,START,2026-10-02T09:32:30,2026-10-02T09:34:30,CA1,,,,200,200,0,False,,
EVT-000790,LOT-0100,STN-SHP,START,2026-10-02T09:35:00,2026-10-02T09:37:00,CA1,,,,200,200,0,False,,
EVT-000791,LOT-0101,STN-INB,START,2026-10-02T18:00:00,2026-10-02T18:02:00,CA2,,,,200,200,0,False,,
EVT-000792,LOT-0101,STN-M1,START,2026-10-02T18:02:30,2026-10-02T18:04:30,CA2,,,3.3,200,200,0,False,,
EVT-000793,LOT-0101,STN-M2,START,2026-10-02T18:05:00,2026-10-02T18:07:00,CA2,179.1,45.1,,200,200,0,False,,
EVT-000794,LOT-0101,STN-HT,START,2026-10-02T18:07:30,2026-10-02T18:17:30,CA2,177.3,,,200,200,0,False,,
EVT-000795,LOT-0101,STN-AS1,START,2026-10-02T18:18:00,2026-10-02T18:20:00,CA2,,,,200,200,0,False,,
EVT-000796,LOT-0101,STN-T1,START,2026-10-02T18:20:30,2026-10-02T18:22:30,CA2,,,,200,200,0,False,,
EVT-000797,LOT-0101,STN-PK,START,2026-10-02T18:23:00,2026-10-02T18:25:00,CA2,,,,200,200,0,False,,
EVT-000798,LOT-0101,STN-SHP,START,2026-10-02T18:25:30,2026-10-02T18:27:30,CA2,,,,200,200,0,False,,
EVT-000799,LOT-0102,STN-INB,START,2026-10-02T10:48:00,2026-10-02T10:50:00,CA1,,,,200,200,0,False,,
EVT-000800,LOT-0102,STN-M1,START,2026-10-02T10:50:30,2026-10-02T10:52:30,CA1,,,4.1,200,200,0,False,,
EVT-000801,LOT-0102,STN-M2,START,2026-10-02T10:53:00,2026-10-02T10:55:00,CA1,179.3,43.1,,200,200,0,False,,
EVT-000802,LOT-0102,STN-HT,START,2026-10-02T10:55:30,2026-10-02T11:05:30,CA1,179.0,,,200,198,2,True,TOOL_VIBRATION,FMEA-M2-001
EVT-000803,LOT-0102,STN-AS1,START,2026-10-02T11:06:00,2026-10-02T11:08:00,CA1,,,,200,200,0,False,,
EVT-000804,LOT-0102,STN-T1,START,2026-10-02T11:08:30,2026-10-02T11:10:30,CA1,,,,200,200,0,False,,
EVT-000805,LOT-0102,STN-PK,START,2026-10-02T11:11:00,2026-10-02T11:13:00,CA1,,,,200,200,0,False,,
EVT-000806,LOT-0102,STN-SHP,START,2026-10-02T11:13:30,2026-10-02T11:15:30,CA1,,,,200,200,0,False,,
EVT-000807,LOT-0103,STN-INB,START,2026-10-02T19:36:00,2026-10-02T19:38:00,CA2,,,,200,200,0,False,,
EVT-000808,LOT-0103,STN-M1,START,2026-10-02T19:38:30,2026-10-02T19:40:30,CA2,,,2.1,200,200,0,False,,
EVT-000809,LOT-0103,STN-HT,START,2026-10-02T19:41:00,2026-10-02T19:51:00,CA2,177.1,,,200,200,0,False,,
EVT-000810,LOT-0103,STN-AS2,START,2026-10-02T19:51:30,2026-10-02T19:53:30,CA2,,,,200,200,0,False,,
EVT-000811,LOT-0103,STN-T1,START,2026-10-02T19:54:00,2026-10-02T19:56:00,CA2,,,,200,200,0,False,,
EVT-000812,LOT-0103,STN-PK,START,2026-10-02T19:56:30,2026-10-02T19:58:30,CA2,,,,200,200,0,False,,
EVT-000813,LOT-0103,STN-SHP,START,2026-10-02T19:59:00,2026-10-02T20:01:00,CA2,,,,200,200,0,False,,
EVT-000814,LOT-0104,STN-INB,START,2026-10-02T06:00:00,2026-10-02T06:02:00,CA1,,,,200,200,0,False,,
EVT-000815,LOT-0104,STN-M1,START,2026-10-02T06:02:30,2026-10-02T06:04:30,CA1,,,3.0,200,200,0,False,,
EVT-000816,LOT-0104,STN-HT,START,2026-10-02T06:05:00,2026-10-02T06:15:00,CA1,170.7,,,200,200,0,False,,
EVT-000817,LOT-0104,STN-AS2,START,2026-10-02T06:15:30,2026-10-02T06:17:30,CA1,,,,200,200,0,False,,
EVT-000818,LOT-0104,STN-T1,START,2026-10-02T06:18:00,2026-10-02T06:20:00,CA1,,,,200,200,0,False,,
EVT-000819,LOT-0104,STN-PK,START,2026-10-02T06:20:30,2026-10-02T06:22:30,CA1,,,,200,200,0,False,,
EVT-000820,LOT-0104,STN-SHP,START,2026-10-02T06:23:00,2026-10-02T06:25:00,CA1,,,,200,200,0,False,,
EVT-000821,LOT-0105,STN-INB,START,2026-10-02T14:48:00,2026-10-02T14:50:00,CA2,,,,200,198,2,True,TOOL_VIBRATION,FMEA-M2-001
EVT-000822,LOT-0105,STN-M1,START,2026-10-02T14:50:30,2026-10-02T14:52:30,CA2,,,3.2,200,200,0,False,,
EVT-000823,LOT-0105,STN-M2,START,2026-10-02T14:53:00,2026-10-02T14:55:00,CA2,178.1,43.8,,200,200,0,False,,
EVT-000824,LOT-0105,STN-HT,START,2026-10-02T14:55:30,2026-10-02T15:05:30,CA2,174.6,,,200,200,0,False,,
EVT-000825,LOT-0105,STN-AS1,START,2026-10-02T15:06:00,2026-10-02T15:08:00,CA2,,,,200,200,0,False,,
EVT-000826,LOT-0105,STN-T1,START,2026-10-02T15:08:30,2026-10-02T15:10:30,CA2,,,,200,200,0,False,,
EVT-000827,LOT-0105,STN-PK,START,2026-10-02T15:11:00,2026-10-02T15:13:00,CA2,,,,200,200,0,False,,
EVT-000828,LOT-0105,STN-SHP,START,2026-10-02T15:13:30,2026-10-02T15:15:30,CA2,,,,200,200,0,False,,
EVT-000829,LOT-0106,STN-INB,START,2026-10-02T07:36:00,2026-10-02T07:38:00,CA1,,,,200,200,0,False,,
EVT-000830,LOT-0106,STN-M1,START,2026-10-02T07:38:30,2026-10-02T07:40:30,CA1,,,2.1,200,200,0,False,,
EVT-000831,LOT-0106,STN-M2,START,2026-10-02T07:41:00,2026-10-02T07:43:00,CA1,174.7,46.3,,200,200,0,False,,
EVT-000832,LOT-0106,STN-HT,START,2026-10-02T07:43:30,2026-10-02T07:53:30,CA1,175.1,,,200,200,0,False,,
EVT-000833,LOT-0106,STN-AS1,START,2026-10-02T07:54:00,2026-10-02T07:56:00,CA1,,,,200,200,0,False,,
EVT-000834,LOT-0106,STN-T1,START,2026-10-02T07:56:30,2026-10-02T07:58:30,CA1,,,,200,200,0,False,,
EVT-000835,LOT-0106,STN-PK,START,2026-10-02T07:59:00,2026-10-02T08:01:00,CA1,,,,200,200,0,False,,
EVT-000836,LOT-0106,STN-SHP,START,2026-10-02T08:01:30,2026-10-02T08:03:30,CA1,,,,200,200,0,False,,
EVT-000837,LOT-0107,STN-INB,START,2026-10-02T16:24:00,2026-10-02T16:26:00,CA2,,,,200,200,0,False,,
EVT-000838,LOT-0107,STN-M1,START,2026-10-02T16:26:30,2026-10-02T16:28:30,CA2,,,5.0,200,200,0,False,,
EVT-000839,LOT-0107,STN-HT,START,2026-10-02T16:29:00,2026-10-02T16:39:00,CA2,182.6,,,200,200,0,False,,
EVT-000840,LOT-0107,STN-AS2,START,2026-10-02T16:39:30,2026-10-02T16:41:30,CA2,,,,200,200,0,False,,
EVT-000841,LOT-0107,STN-T1,START,2026-10-02T16:42:00,2026-10-02T16:44:00,CA2,,,,200,200,0,False,,
EVT-000842,LOT-0107,STN-PK,START,2026-10-02T16:44:30,2026-10-02T16:46:30,CA2,,,,200,200,0,False,,
EVT-000843,LOT-0107,STN-SHP,START,2026-10-02T16:47:00,2026-10-02T16:49:00,CA2,,,,200,200,0,False,,
EVT-000844,LOT-0108,STN-INB,START,2026-10-02T09:12:00,2026-10-02T09:14:00,CA1,,,,200,200,0,False,,
EVT-000845,LOT-0108,STN-M1,START,2026-10-02T09:14:30,2026-10-02T09:16:30,CA1,,,4.2,200,200,0,False,,
EVT-000846,LOT-0108,STN-HT,START,2026-10-02T09:17:00,2026-10-02T09:27:00,CA1,183.9,,,200,200,0,False,,
EVT-000847,LOT-0108,STN-AS2,START,2026-10-02T09:27:30,2026-10-02T09:29:30,CA1,,,,200,200,0,False,,
EVT-000848,LOT-0108,STN-T1,START,2026-10-02T09:30:00,2026-10-02T09:32:00,CA1,,,,200,200,0,False,,
EVT-000849,LOT-0108,STN-PK,START,2026-10-02T09:32:30,2026-10-02T09:34:30,CA1,,,,200,200,0,False,,
EVT-000850,LOT-0108,STN-SHP,START,2026-10-02T09:35:00,2026-10-02T09:37:00,CA1,,,,200,200,0,False,,
EVT-000851,LOT-0109,STN-INB,START,2026-10-02T18:00:00,2026-10-02T18:02:00,CA2,,,,200,200,0,False,,
EVT-000852,LOT-0109,STN-M1,START,2026-10-02T18:02:30,2026-10-02T18:04:30,CA2,,,5.2,200,200,0,False,,
EVT-000853,LOT-0109,STN-M2,START,2026-10-02T18:05:00,2026-10-02T18:07:00,CA2,181.2,41.9,,200,200,0,False,,
EVT-000854,LOT-0109,STN-HT,START,2026-10-02T18:07:30,2026-10-02T18:17:30,CA2,181.2,,,200,200,0,False,,
EVT-000855,LOT-0109,STN-AS1,START,2026-10-02T18:18:00,2026-10-02T18:20:00,CA2,,,,200,200,0,False,,
EVT-000856,LOT-0109,STN-T1,START,2026-10-02T18:20:30,2026-10-02T18:22:30,CA2,,,,200,200,0,False,,
EVT-000857,LOT-0109,STN-PK,START,2026-10-02T18:23:00,2026-10-02T18:25:00,CA2,,,,200,200,0,False,,
EVT-000858,LOT-0109,STN-SHP,START,2026-10-02T18:25:30,2026-10-02T18:27:30,CA2,,,,200,200,0,False,,
EVT-000859,LOT-0110,STN-INB,START,2026-10-02T10:48:00,2026-10-02T10:50:00,CA1,,,,200,200,0,False,,
EVT-000860,LOT-0110,STN-M1,START,2026-10-02T10:50:30,2026-10-02T10:52:30,CA1,,,3.5,200,198,2,True,FORCE_DROP,FMEA-M2-001
EVT-000861,LOT-0110,STN-M2,START,2026-10-02T10:53:00,2026-10-02T10:55:00,CA1,178.4,44.0,,200,200,0,False,,
EVT-000862,LOT-0110,STN-HT,START,2026-10-02T10:55:30,2026-10-02T11:05:30,CA1,193.6,,,200,198,2,True,TEMP_SPIKE,FMEA-M2-001
EVT-000863,LOT-0110,STN-AS1,START,2026-10-02T11:06:00,2026-10-02T11:08:00,CA1,,,,200,200,0,False,,
EVT-000864,LOT-0110,STN-T1,START,2026-10-02T11:08:30,2026-10-02T11:10:30,CA1,,,,200,200,0,False,,
EVT-000865,LOT-0110,STN-PK,START,2026-10-02T11:11:00,2026-10-02T11:13:00,CA1,,,,200,200,0,False,,
EVT-000866,LOT-0110,STN-SHP,START,2026-10-02T11:13:30,2026-10-02T11:15:30,CA1,,,,200,200,0,False,,
EVT-000867,LOT-0111,STN-INB,START,2026-10-02T19:36:00,2026-10-02T19:38:00,CA2,,,,200,200,0,False,,
EVT-000868,LOT-0111,STN-M1,START,2026-10-02T19:38:30,2026-10-02T19:40:30,CA2,,,4.4,200,200,0,False,,
EVT-000869,LOT-0111,STN-HT,START,2026-10-02T19:41:00,2026-10-02T19:51:00,CA2,180.3,,,200,200,0,False,,
EVT-000870,LOT-0111,STN-AS2,START,2026-10-02T19:51:30,2026-10-02T19:53:30,CA2,,,,200,200,0,False,,
EVT-000871,LOT-0111,STN-T1,START,2026-10-02T19:54:00,2026-10-02T19:56:00,CA2,,,,200,200,0,False,,
EVT-000872,LOT-0111,STN-PK,START,2026-10-02T19:56:30,2026-10-02T19:58:30,CA2,,,,200,200,0,False,,
EVT-000873,LOT-0111,STN-SHP,START,2026-10-02T19:59:00,2026-10-02T20:01:00,CA2,,,,200,198,2,True,TOOL_VIBRATION,FMEA-M2-001
EVT-000874,LOT-0112,STN-INB,START,2026-10-02T06:00:00,2026-10-02T06:02:00,CA1,,,,200,200,0,False,,
EVT-000875,LOT-0112,STN-M1,START,2026-10-02T06:02:30,2026-10-02T06:04:30,CA1,,,3.3,200,200,0,False,,
EVT-000876,LOT-0112,STN-HT,START,2026-10-02T06:05:00,2026-10-02T06:15:00,CA1,180.7,,,200,200,0,False,,
EVT-000877,LOT-0112,STN-AS2,START,2026-10-02T06:15:30,2026-10-02T06:17:30,CA1,,,,200,200,0,False,,
EVT-000878,LOT-0112,STN-T1,START,2026-10-02T06:18:00,2026-10-02T06:20:00,CA1,,,,200,200,0,False,,
EVT-000879,LOT-0112,STN-PK,START,2026-10-02T06:20:30,2026-10-02T06:22:30,CA1,,,,200,200,0,False,,
EVT-000880,LOT-0112,STN-SHP,START,2026-10-02T06:23:00,2026-10-02T06:25:00,CA1,,,,200,200,0,False,,
EVT-000881,LOT-0113,STN-INB,START,2026-10-02T14:48:00,2026-10-02T14:50:00,CA2,,,,200,200,0,False,,
EVT-000882,LOT-0113,STN-M1,START,2026-10-02T14:50:30,2026-10-02T14:52:30,CA2,,,3.9,200,200,0,False,,
EVT-000883,LOT-0113,STN-M2,START,2026-10-02T14:53:00,2026-10-02T14:55:00,CA2,175.9,43.9,,200,200,0,False,,
EVT-000884,LOT-0113,STN-HT,START,2026-10-02T14:55:30,2026-10-02T15:05:30,CA2,176.0,,,200,200,0,False,,
EVT-000885,LOT-0113,STN-AS1,START,2026-10-02T15:06:00,2026-10-02T15:08:00,CA2,,,,200,200,0,False,,
EVT-000886,LOT-0113,STN-T1,START,2026-10-02T15:08:30,2026-10-02T15:10:30,CA2,,,,200,200,0,False,,
EVT-000887,LOT-0113,STN-PK,START,2026-10-02T15:11:00,2026-10-02T15:13:00,CA2,,,,200,200,0,False,,
EVT-000888,LOT-0113,STN-SHP,START,2026-10-02T15:13:30,2026-10-02T15:15:30,CA2,,,,200,200,0,False,,
EVT-000889,LOT-0114,STN-INB,START,2026-10-02T07:36:00,2026-10-02T07:38:00,CA1,,,,200,200,0,False,,
EVT-000890,LOT-0114,STN-M1,START,2026-10-02T07:38:30,2026-10-02T07:40:30,CA1,,,1.3,200,200,0,False,,
EVT-000891,LOT-0114,STN-M2,START,2026-10-02T07:41:00,2026-10-02T07:43:00,CA1,178.7,44.3,,200,200,0,False,,
EVT-000892,LOT-0114,STN-HT,START,2026-10-02T07:43:30,2026-10-02T07:53:30,CA1,174.6,,,200,200,0,False,,
EVT-000893,LOT-0114,STN-AS1,START,2026-10-02T07:54:00,2026-10-02T07:56:00,CA1,,,,200,200,0,False,,
EVT-000894,LOT-0114,STN-T1,START,2026-10-02T07:56:30,2026-10-02T07:58:30,CA1,,,,200,200,0,False,,
EVT-000895,LOT-0114,STN-PK,START,2026-10-02T07:59:00,2026-10-02T08:01:00,CA1,,,,200,200,0,False,,
EVT-000896,LOT-0114,STN-SHP,START,2026-10-02T08:01:30,2026-10-02T08:03:30,CA1,,,,200,200,0,False,,
EVT-000897,LOT-0115,STN-INB,START,2026-10-02T16:24:00,2026-10-02T16:26:00,CA2,,,,200,200,0,False,,
EVT-000898,LOT-0115,STN-M1,START,2026-10-02T16:26:30,2026-10-02T16:28:30,CA2,,,1.9,200,200,0,False,,
EVT-000899,LOT-0115,STN-HT,START,2026-10-02T16:29:00,2026-10-02T16:39:00,CA2,177.2,,,200,200,0,False,,
EVT-000900,LOT-0115,STN-AS2,START,2026-10-02T16:39:30,2026-10-02T16:41:30,CA2,,,,200,200,0,False,,
EVT-000901,LOT-0115,STN-T1,START,2026-10-02T16:42:00,2026-10-02T16:44:00,CA2,,,,200,200,0,False,,
EVT-000902,LOT-0115,STN-PK,START,2026-10-02T16:44:30,2026-10-02T16:46:30,CA2,,,,200,200,0,False,,
EVT-000903,LOT-0115,STN-SHP,START,2026-10-02T16:47:00,2026-10-02T16:49:00,CA2,,,,200,200,0,False,,
EVT-000904,LOT-0116,STN-INB,START,2026-10-02T09:12:00,2026-10-02T09:14:00,CA1,,,,200,200,0,False,,
EVT-000905,LOT-0116,STN-M1,START,2026-10-02T09:14:30,2026-10-02T09:16:30,CA1,,,5.0,200,200,0,False,,
EVT-000906,LOT-0116,STN-HT,START,2026-10-02T09:17:00,2026-10-02T09:27:00,CA1,180.6,,,200,200,0,False,,
EVT-000907,LOT-0116,STN-AS2,START,2026-10-02T09:27:30,2026-10-02T09:29:30,CA1,,,,200,200,0,False,,
EVT-000908,LOT-0116,STN-T1,START,2026-10-02T09:30:00,2026-10-02T09:32:00,CA1,,,,200,198,2,True,TEMP_SPIKE,FMEA-M2-001
EVT-000909,LOT-0116,STN-PK,START,2026-10-02T09:32:30,2026-10-02T09:34:30,CA1,,,,200,200,0,False,,
EVT-000910,LOT-0116,STN-SHP,START,2026-10-02T09:35:00,2026-10-02T09:37:00,CA1,,,,200,200,0,False,,
EVT-000911,LOT-0406,STN-INB,START,2026-10-02T10:00:00,2026-10-02T10:02:00,CA1,,,,200,200,0,False,,
EVT-000912,LOT-0406,STN-M1,START,2026-10-02T10:02:30,2026-10-02T10:04:30,CA1,,,4.6,200,200,0,False,,
EVT-000913,LOT-0406,STN-M2,START,2026-10-02T10:05:00,2026-10-02T10:07:00,CA1,177.5,44.0,,200,200,0,False,,
EVT-000914,LOT-0406,STN-HT,START,2026-10-02T10:07:30,2026-10-02T10:17:30,CA1,178.1,,,200,200,0,False,,
EVT-000915,LOT-0406,STN-AS1,START,2026-10-02T10:18:00,2026-10-02T10:20:00,CA1,,,,200,200,0,False,,
EVT-000916,LOT-0406,STN-T1,START,2026-10-02T10:20:30,2026-10-02T10:22:30,CA1,,,,200,200,0,False,,
EVT-000917,LOT-0406,STN-PK,START,2026-10-02T10:23:00,2026-10-02T10:25:00,CA1,,,,200,200,0,False,,
EVT-000918,LOT-0406,STN-SHP,START,2026-10-02T10:25:30,2026-10-02T10:27:30,CA1,,,,200,200,0,False,,
EVT-000919,LOT-0407,STN-INB,START,2026-10-02T10:05:00,2026-10-02T10:07:00,CA1,,,,200,200,0,False,,
EVT-000920,LOT-0407,STN-M1,START,2026-10-02T10:07:30,2026-10-02T10:09:30,CA1,,,5.2,200,200,0,False,,
EVT-000921,LOT-0407,STN-M2,START,2026-10-02T10:10:00,2026-10-02T10:12:00,CA1,180.3,48.9,,200,200,0,False,,
EVT-000922,LOT-0407,STN-HT,START,2026-10-02T10:12:30,2026-10-02T10:22:30,CA1,192.4,,,200,198,2,True,TEMP_SPIKE,FMEA-M2-001
EVT-000923,LOT-0407,STN-AS1,START,2026-10-02T10:23:00,2026-10-02T10:25:00,CA1,,,,200,200,0,False,,
EVT-000924,LOT-0407,STN-T1,START,2026-10-02T10:25:30,2026-10-02T10:27:30,CA1,,,,200,200,0,False,,
EVT-000925,LOT-0407,STN-PK,START,2026-10-02T10:28:00,2026-10-02T10:30:00,CA1,,,,200,200,0,False,,
EVT-000926,LOT-0407,STN-SHP,START,2026-10-02T10:30:30,2026-10-02T10:32:30,CA1,,,,200,200,0,False,,
EVT-000927,LOT-0408,STN-INB,START,2026-10-02T10:10:00,2026-10-02T10:12:00,CA1,,,,200,200,0,False,,
EVT-000928,LOT-0408,STN-M1,START,2026-10-02T10:12:30,2026-10-02T10:14:30,CA1,,,4.6,200,200,0,False,,
EVT-000929,LOT-0408,STN-M2,START,2026-10-02T10:15:00,2026-10-02T10:17:00,CA1,174.9,45.6,,200,200,0,False,,
EVT-000930,LOT-0408,STN-HT,START,2026-10-02T10:17:30,2026-10-02T10:27:30,CA1,176.0,,,200,200,0,False,,
EVT-000931,LOT-0408,STN-AS1,START,2026-10-02T10:28:00,2026-10-02T10:30:00,CA1,,,,200,200,0,False,,
EVT-000932,LOT-0408,STN-T1,START,2026-10-02T10:30:30,2026-10-02T10:32:30,CA1,,,,200,200,0,False,,
EVT-000933,LOT-0408,STN-PK,START,2026-10-02T10:33:00,2026-10-02T10:35:00,CA1,,,,200,200,0,False,,
EVT-000934,LOT-0408,STN-SHP,START,2026-10-02T10:35:30,2026-10-02T10:37:30,CA1,,,,200,200,0,False,,
EVT-000935,LOT-0409,STN-INB,START,2026-10-02T10:15:00,2026-10-02T10:17:00,CA1,,,,200,200,0,False,,
EVT-000936,LOT-0409,STN-M1,START,2026-10-02T10:17:30,2026-10-02T10:19:30,CA1,,,5.9,200,200,0,False,,
EVT-000937,LOT-0409,STN-M2,START,2026-10-02T10:20:00,2026-10-02T10:22:00,CA1,177.8,44.1,,200,200,0,False,,
EVT-000938,LOT-0409,STN-HT,START,2026-10-02T10:22:30,2026-10-02T10:32:30,CA1,178.2,,,200,200,0,False,,
EVT-000939,LOT-0409,STN-AS1,START,2026-10-02T10:33:00,2026-10-02T10:35:00,CA1,,,,200,200,0,False,,
EVT-000940,LOT-0409,STN-T1,START,2026-10-02T10:35:30,2026-10-02T10:37:30,CA1,,,,200,200,0,False,,
EVT-000941,LOT-0409,STN-PK,START,2026-10-02T10:38:00,2026-10-02T10:40:00,CA1,,,,200,200,0,False,,
EVT-000942,LOT-0409,STN-SHP,START,2026-10-02T10:40:30,2026-10-02T10:42:30,CA1,,,,200,200,0,False,,
EVT-000943,LOT-0410,STN-INB,START,2026-10-02T10:20:00,2026-10-02T10:22:00,CA1,,,,200,200,0,False,,
EVT-000944,LOT-0410,STN-M1,START,2026-10-02T10:22:30,2026-10-02T10:24:30,CA1,,,3.8,200,200,0,False,,
EVT-000945,LOT-0410,STN-M2,START,2026-10-02T10:25:00,2026-10-02T10:27:00,CA1,175.7,47.0,,200,200,0,False,,
EVT-000946,LOT-0410,STN-HT,START,2026-10-02T10:27:30,2026-10-02T10:37:30,CA1,177.2,,,200,200,0,False,,
EVT-000947,LOT-0410,STN-AS1,START,2026-10-02T10:38:00,2026-10-02T10:40:00,CA1,,,,200,200,0,False,,
EVT-000948,LOT-0410,STN-T1,START,2026-10-02T10:40:30,2026-10-02T10:42:30,CA1,,,,200,200,0,False,,
EVT-000949,LOT-0410,STN-PK,START,2026-10-02T10:43:00,2026-10-02T10:45:00,CA1,,,,200,200,0,False,,
EVT-000950,LOT-0410,STN-SHP,START,2026-10-02T10:45:30,2026-10-02T10:47:30,CA1,,,,200,200,0,False,,
EVT-000951,LOT-0117,STN-INB,START,2026-10-03T06:00:00,2026-10-03T06:02:00,CA1,,,,200,200,0,False,,
EVT-000952,LOT-0117,STN-M1,START,2026-10-03T06:02:30,2026-10-03T06:04:30,CA1,,,4.1,200,200,0,False,,
EVT-000953,LOT-0117,STN-M2,START,2026-10-03T06:05:00,2026-10-03T06:07:00,CA1,180.1,47.6,,200,200,0,False,,
EVT-000954,LOT-0117,STN-HT,START,2026-10-03T06:07:30,2026-10-03T06:17:30,CA1,177.2,,,200,200,0,False,,
EVT-000955,LOT-0117,STN-AS1,START,2026-10-03T06:18:00,2026-10-03T06:20:00,CA1,,,,200,200,0,False,,
EVT-000956,LOT-0117,STN-T1,START,2026-10-03T06:20:30,2026-10-03T06:22:30,CA1,,,,200,198,2,True,FORCE_DROP,FMEA-M2-001
EVT-000957,LOT-0117,STN-PK,START,2026-10-03T06:23:00,2026-10-03T06:25:00,CA1,,,,200,200,0,False,,
EVT-000958,LOT-0117,STN-SHP,START,2026-10-03T06:25:30,2026-10-03T06:27:30,CA1,,,,200,200,0,False,,
EVT-000959,LOT-0118,STN-INB,START,2026-10-03T14:48:00,2026-10-03T14:50:00,CA2,,,,200,200,0,False,,
EVT-000960,LOT-0118,STN-M1,START,2026-10-03T14:50:30,2026-10-03T14:52:30,CA2,,,5.7,200,200,0,False,,
EVT-000961,LOT-0118,STN-M2,START,2026-10-03T14:53:00,2026-10-03T14:55:00,CA2,181.3,44.4,,200,200,0,False,,
EVT-000962,LOT-0118,STN-HT,START,2026-10-03T14:55:30,2026-10-03T15:05:30,CA2,177.9,,,200,200,0,False,,
EVT-000963,LOT-0118,STN-AS1,START,2026-10-03T15:06:00,2026-10-03T15:08:00,CA2,,,,200,200,0,False,,
EVT-000964,LOT-0118,STN-T1,START,2026-10-03T15:08:30,2026-10-03T15:10:30,CA2,,,,200,200,0,False,,
EVT-000965,LOT-0118,STN-PK,START,2026-10-03T15:11:00,2026-10-03T15:13:00,CA2,,,,200,200,0,False,,
EVT-000966,LOT-0118,STN-SHP,START,2026-10-03T15:13:30,2026-10-03T15:15:30,CA2,,,,200,200,0,False,,
EVT-000967,LOT-0119,STN-INB,START,2026-10-03T07:36:00,2026-10-03T07:38:00,CA1,,,,200,200,0,False,,
EVT-000968,LOT-0119,STN-M1,START,2026-10-03T07:38:30,2026-10-03T07:40:30,CA1,,,3.6,200,200,0,False,,
EVT-000969,LOT-0119,STN-HT,START,2026-10-03T07:41:00,2026-10-03T07:51:00,CA1,174.5,,,200,200,0,False,,
EVT-000970,LOT-0119,STN-AS2,START,2026-10-03T07:51:30,2026-10-03T07:53:30,CA1,,,,200,200,0,False,,
EVT-000971,LOT-0119,STN-T1,START,2026-10-03T07:54:00,2026-10-03T07:56:00,CA1,,,,200,200,0,False,,
EVT-000972,LOT-0119,STN-PK,START,2026-10-03T07:56:30,2026-10-03T07:58:30,CA1,,,,200,200,0,False,,
EVT-000973,LOT-0119,STN-SHP,START,2026-10-03T07:59:00,2026-10-03T08:01:00,CA1,,,,200,200,0,False,,
EVT-000974,LOT-0120,STN-INB,START,2026-10-03T16:24:00,2026-10-03T16:26:00,CA2,,,,200,200,0,False,,
EVT-000975,LOT-0120,STN-M1,START,2026-10-03T16:26:30,2026-10-03T16:28:30,CA2,,,3.2,200,200,0,False,,
EVT-000976,LOT-0120,STN-HT,START,2026-10-03T16:29:00,2026-10-03T16:39:00,CA2,181.8,,,200,200,0,False,,
EVT-000977,LOT-0120,STN-AS2,START,2026-10-03T16:39:30,2026-10-03T16:41:30,CA2,,,,200,200,0,False,,
EVT-000978,LOT-0120,STN-T1,START,2026-10-03T16:42:00,2026-10-03T16:44:00,CA2,,,,200,200,0,False,,
EVT-000979,LOT-0120,STN-PK,START,2026-10-03T16:44:30,2026-10-03T16:46:30,CA2,,,,200,200,0,False,,
EVT-000980,LOT-0120,STN-SHP,START,2026-10-03T16:47:00,2026-10-03T16:49:00,CA2,,,,200,200,0,False,,
EVT-000981,LOT-0121,STN-INB,START,2026-10-03T09:12:00,2026-10-03T09:14:00,CA1,,,,200,200,0,False,,
EVT-000982,LOT-0121,STN-M1,START,2026-10-03T09:14:30,2026-10-03T09:16:30,CA1,,,3.0,200,200,0,False,,
EVT-000983,LOT-0121,STN-M2,START,2026-10-03T09:17:00,2026-10-03T09:19:00,CA1,176.7,49.1,,200,200,0,False,,
EVT-000984,LOT-0121,STN-HT,START,2026-10-03T09:19:30,2026-10-03T09:29:30,CA1,178.8,,,200,200,0,False,,
EVT-000985,LOT-0121,STN-AS1,START,2026-10-03T09:30:00,2026-10-03T09:32:00,CA1,,,,200,200,0,False,,
EVT-000986,LOT-0121,STN-T1,START,2026-10-03T09:32:30,2026-10-03T09:34:30,CA1,,,,200,200,0,False,,
EVT-000987,LOT-0121,STN-PK,START,2026-10-03T09:35:00,2026-10-03T09:37:00,CA1,,,,200,200,0,False,,
EVT-000988,LOT-0121,STN-SHP,START,2026-10-03T09:37:30,2026-10-03T09:39:30,CA1,,,,200,200,0,False,,
EVT-000989,LOT-0122,STN-INB,START,2026-10-03T18:00:00,2026-10-03T18:02:00,CA2,,,,200,200,0,False,,
EVT-000990,LOT-0122,STN-M1,START,2026-10-03T18:02:30,2026-10-03T18:04:30,CA2,,,3.6,200,200,0,False,,
EVT-000991,LOT-0122,STN-M2,START,2026-10-03T18:05:00,2026-10-03T18:07:00,CA2,181.9,45.7,,200,200,0,False,,
EVT-000992,LOT-0122,STN-HT,START,2026-10-03T18:07:30,2026-10-03T18:17:30,CA2,179.2,,,200,200,0,False,,
EVT-000993,LOT-0122,STN-AS1,START,2026-10-03T18:18:00,2026-10-03T18:20:00,CA2,,,,200,200,0,False,,
EVT-000994,LOT-0122,STN-T1,START,2026-10-03T18:20:30,2026-10-03T18:22:30,CA2,,,,200,200,0,False,,
EVT-000995,LOT-0122,STN-PK,START,2026-10-03T18:23:00,2026-10-03T18:25:00,CA2,,,,200,200,0,False,,
EVT-000996,LOT-0122,STN-SHP,START,2026-10-03T18:25:30,2026-10-03T18:27:30,CA2,,,,200,200,0,False,,
EVT-000997,LOT-0123,STN-INB,START,2026-10-03T10:48:00,2026-10-03T10:50:00,CA1,,,,200,200,0,False,,
EVT-000998,LOT-0123,STN-M1,START,2026-10-03T10:50:30,2026-10-03T10:52:30,CA1,,,3.0,200,200,0,False,,
EVT-000999,LOT-0123,STN-HT,START,2026-10-03T10:53:00,2026-10-03T11:03:00,CA1,181.5,,,200,200,0,False,,
EVT-001000,LOT-0123,STN-AS2,START,2026-10-03T11:03:30,2026-10-03T11:05:30,CA1,,,,200,200,0,False,,
EVT-001001,LOT-0123,STN-T1,START,2026-10-03T11:06:00,2026-10-03T11:08:00,CA1,,,,200,198,2,True,TOOL_VIBRATION,FMEA-M2-001
EVT-001002,LOT-0123,STN-PK,START,2026-10-03T11:08:30,2026-10-03T11:10:30,CA1,,,,200,200,0,False,,
EVT-001003,LOT-0123,STN-SHP,START,2026-10-03T11:11:00,2026-10-03T11:13:00,CA1,,,,200,200,0,False,,
EVT-001004,LOT-0124,STN-INB,START,2026-10-03T19:36:00,2026-10-03T19:38:00,CA2,,,,200,200,0,False,,
EVT-001005,LOT-0124,STN-M1,START,2026-10-03T19:38:30,2026-10-03T19:40:30,CA2,,,2.1,200,200,0,False,,
EVT-001006,LOT-0124,STN-HT,START,2026-10-03T19:41:00,2026-10-03T19:51:00,CA2,183.2,,,200,200,0,False,,
EVT-001007,LOT-0124,STN-AS2,START,2026-10-03T19:51:30,2026-10-03T19:53:30,CA2,,,,200,200,0,False,,
EVT-001008,LOT-0124,STN-T1,START,2026-10-03T19:54:00,2026-10-03T19:56:00,CA2,,,,200,200,0,False,,
EVT-001009,LOT-0124,STN-PK,START,2026-10-03T19:56:30,2026-10-03T19:58:30,CA2,,,,200,200,0,False,,
EVT-001010,LOT-0124,STN-SHP,START,2026-10-03T19:59:00,2026-10-03T20:01:00,CA2,,,,200,200,0,False,,
EVT-001011,LOT-0125,STN-INB,START,2026-10-03T06:00:00,2026-10-03T06:02:00,CA1,,,,200,200,0,False,,
EVT-001012,LOT-0125,STN-M1,START,2026-10-03T06:02:30,2026-10-03T06:04:30,CA1,,,5.3,200,200,0,False,,
EVT-001013,LOT-0125,STN-M2,START,2026-10-03T06:05:00,2026-10-03T06:07:00,CA1,175.5,43.3,,200,200,0,False,,
EVT-001014,LOT-0125,STN-HT,START,2026-10-03T06:07:30,2026-10-03T06:17:30,CA1,184.4,,,200,200,0,False,,
EVT-001015,LOT-0125,STN-AS1,START,2026-10-03T06:18:00,2026-10-03T06:20:00,CA1,,,,200,200,0,False,,
EVT-001016,LOT-0125,STN-T1,START,2026-10-03T06:20:30,2026-10-03T06:22:30,CA1,,,,200,200,0,False,,
EVT-001017,LOT-0125,STN-PK,START,2026-10-03T06:23:00,2026-10-03T06:25:00,CA1,,,,200,200,0,False,,
EVT-001018,LOT-0125,STN-SHP,START,2026-10-03T06:25:30,2026-10-03T06:27:30,CA1,,,,200,200,0,False,,
EVT-001019,LOT-0126,STN-INB,START,2026-10-03T14:48:00,2026-10-03T14:50:00,CA2,,,,200,200,0,False,,
EVT-001020,LOT-0126,STN-M1,START,2026-10-03T14:50:30,2026-10-03T14:52:30,CA2,,,2.8,200,198,2,True,FORCE_DROP,FMEA-M2-001
EVT-001021,LOT-0126,STN-M2,START,2026-10-03T14:53:00,2026-10-03T14:55:00,CA2,176.1,46.5,,200,200,0,False,,
EVT-001022,LOT-0126,STN-HT,START,2026-10-03T14:55:30,2026-10-03T15:05:30,CA2,173.9,,,200,200,0,False,,
EVT-001023,LOT-0126,STN-AS1,START,2026-10-03T15:06:00,2026-10-03T15:08:00,CA2,,,,200,200,0,False,,
EVT-001024,LOT-0126,STN-T1,START,2026-10-03T15:08:30,2026-10-03T15:10:30,CA2,,,,200,200,0,False,,
EVT-001025,LOT-0126,STN-PK,START,2026-10-03T15:11:00,2026-10-03T15:13:00,CA2,,,,200,200,0,False,,
EVT-001026,LOT-0126,STN-SHP,START,2026-10-03T15:13:30,2026-10-03T15:15:30,CA2,,,,200,200,0,False,,
EVT-001027,LOT-0127,STN-INB,START,2026-10-03T07:36:00,2026-10-03T07:38:00,CA1,,,,200,200,0,False,,
EVT-001028,LOT-0127,STN-M1,START,2026-10-03T07:38:30,2026-10-03T07:40:30,CA1,,,4.5,200,200,0,False,,
EVT-001029,LOT-0127,STN-HT,START,2026-10-03T07:41:00,2026-10-03T07:51:00,CA1,176.4,,,200,200,0,False,,
EVT-001030,LOT-0127,STN-AS2,START,2026-10-03T07:51:30,2026-10-03T07:53:30,CA1,,,,200,200,0,False,,
EVT-001031,LOT-0127,STN-T1,START,2026-10-03T07:54:00,2026-10-03T07:56:00,CA1,,,,200,200,0,False,,
EVT-001032,LOT-0127,STN-PK,START,2026-10-03T07:56:30,2026-10-03T07:58:30,CA1,,,,200,200,0,False,,
EVT-001033,LOT-0127,STN-SHP,START,2026-10-03T07:59:00,2026-10-03T08:01:00,CA1,,,,200,200,0,False,,
EVT-001034,LOT-0128,STN-INB,START,2026-10-03T16:24:00,2026-10-03T16:26:00,CA2,,,,200,200,0,False,,
EVT-001035,LOT-0128,STN-M1,START,2026-10-03T16:26:30,2026-10-03T16:28:30,CA2,,,1.8,200,200,0,False,,
EVT-001036,LOT-0128,STN-HT,START,2026-10-03T16:29:00,2026-10-03T16:39:00,CA2,174.2,,,200,200,0,False,,
EVT-001037,LOT-0128,STN-AS2,START,2026-10-03T16:39:30,2026-10-03T16:41:30,CA2,,,,200,200,0,False,,
EVT-001038,LOT-0128,STN-T1,START,2026-10-03T16:42:00,2026-10-03T16:44:00,CA2,,,,200,200,0,False,,
EVT-001039,LOT-0128,STN-PK,START,2026-10-03T16:44:30,2026-10-03T16:46:30,CA2,,,,200,200,0,False,,
EVT-001040,LOT-0128,STN-SHP,START,2026-10-03T16:47:00,2026-10-03T16:49:00,CA2,,,,200,200,0,False,,
EVT-001041,LOT-0129,STN-INB,START,2026-10-03T09:12:00,2026-10-03T09:14:00,CA1,,,,200,200,0,False,,
EVT-001042,LOT-0129,STN-M1,START,2026-10-03T09:14:30,2026-10-03T09:16:30,CA1,,,4.1,200,200,0,False,,
EVT-001043,LOT-0129,STN-M2,START,2026-10-03T09:17:00,2026-10-03T09:19:00,CA1,173.3,44.5,,200,200,0,False,,
EVT-001044,LOT-0129,STN-HT,START,2026-10-03T09:19:30,2026-10-03T09:29:30,CA1,173.4,,,200,200,0,False,,
EVT-001045,LOT-0129,STN-AS1,START,2026-10-03T09:30:00,2026-10-03T09:32:00,CA1,,,,200,200,0,False,,
EVT-001046,LOT-0129,STN-T1,START,2026-10-03T09:32:30,2026-10-03T09:34:30,CA1,,,,200,200,0,False,,
EVT-001047,LOT-0129,STN-PK,START,2026-10-03T09:35:00,2026-10-03T09:37:00,CA1,,,,200,200,0,False,,
EVT-001048,LOT-0129,STN-SHP,START,2026-10-03T09:37:30,2026-10-03T09:39:30,CA1,,,,200,200,0,False,,
EVT-001049,LOT-0130,STN-INB,START,2026-10-03T18:00:00,2026-10-03T18:02:00,CA2,,,,200,200,0,False,,
EVT-001050,LOT-0130,STN-M1,START,2026-10-03T18:02:30,2026-10-03T18:04:30,CA2,,,2.7,200,200,0,False,,
EVT-001051,LOT-0130,STN-M2,START,2026-10-03T18:05:00,2026-10-03T18:07:00,CA2,178.5,47.6,,200,200,0,False,,
EVT-001052,LOT-0130,STN-HT,START,2026-10-03T18:07:30,2026-10-03T18:17:30,CA2,180.1,,,200,200,0,False,,
EVT-001053,LOT-0130,STN-AS1,START,2026-10-03T18:18:00,2026-10-03T18:20:00,CA2,,,,200,200,0,False,,
EVT-001054,LOT-0130,STN-T1,START,2026-10-03T18:20:30,2026-10-03T18:22:30,CA2,,,,200,200,0,False,,
EVT-001055,LOT-0130,STN-PK,START,2026-10-03T18:23:00,2026-10-03T18:25:00,CA2,,,,200,200,0,False,,
EVT-001056,LOT-0130,STN-SHP,START,2026-10-03T18:25:30,2026-10-03T18:27:30,CA2,,,,200,198,2,True,FORCE_DROP,FMEA-M2-001
EVT-001057,LOT-0131,STN-INB,START,2026-10-03T10:48:00,2026-10-03T10:50:00,CA1,,,,200,200,0,False,,
EVT-001058,LOT-0131,STN-M1,START,2026-10-03T10:50:30,2026-10-03T10:52:30,CA1,,,2.4,200,200,0,False,,
EVT-001059,LOT-0131,STN-HT,START,2026-10-03T10:53:00,2026-10-03T11:03:00,CA1,177.1,,,200,200,0,False,,
EVT-001060,LOT-0131,STN-AS2,START,2026-10-03T11:03:30,2026-10-03T11:05:30,CA1,,,,200,200,0,False,,
EVT-001061,LOT-0131,STN-T1,START,2026-10-03T11:06:00,2026-10-03T11:08:00,CA1,,,,200,200,0,False,,
EVT-001062,LOT-0131,STN-PK,START,2026-10-03T11:08:30,2026-10-03T11:10:30,CA1,,,,200,200,0,False,,
EVT-001063,LOT-0131,STN-SHP,START,2026-10-03T11:11:00,2026-10-03T11:13:00,CA1,,,,200,200,0,False,,
EVT-001064,LOT-0132,STN-INB,START,2026-10-03T19:36:00,2026-10-03T19:38:00,CA2,,,,200,200,0,False,,
EVT-001065,LOT-0132,STN-M1,START,2026-10-03T19:38:30,2026-10-03T19:40:30,CA2,,,3.0,200,200,0,False,,
EVT-001066,LOT-0132,STN-HT,START,2026-10-03T19:41:00,2026-10-03T19:51:00,CA2,179.1,,,200,200,0,False,,
EVT-001067,LOT-0132,STN-AS2,START,2026-10-03T19:51:30,2026-10-03T19:53:30,CA2,,,,200,200,0,False,,
EVT-001068,LOT-0132,STN-T1,START,2026-10-03T19:54:00,2026-10-03T19:56:00,CA2,,,,200,200,0,False,,
EVT-001069,LOT-0132,STN-PK,START,2026-10-03T19:56:30,2026-10-03T19:58:30,CA2,,,,200,198,2,True,TEMP_SPIKE,FMEA-M2-001
EVT-001070,LOT-0132,STN-SHP,START,2026-10-03T19:59:00,2026-10-03T20:01:00,CA2,,,,200,200,0,False,,
EVT-001071,LOT-0133,STN-INB,START,2026-10-03T06:00:00,2026-10-03T06:02:00,CA1,,,,200,200,0,False,,
EVT-001072,LOT-0133,STN-M1,START,2026-10-03T06:02:30,2026-10-03T06:04:30,CA1,,,2.3,200,200,0,False,,
EVT-001073,LOT-0133,STN-M2,START,2026-10-03T06:05:00,2026-10-03T06:07:00,CA1,175.8,43.9,,200,200,0,False,,
EVT-001074,LOT-0133,STN-HT,START,2026-10-03T06:07:30,2026-10-03T06:17:30,CA1,180.4,,,200,200,0,False,,
EVT-001075,LOT-0133,STN-AS1,START,2026-10-03T06:18:00,2026-10-03T06:20:00,CA1,,,,200,200,0,False,,
EVT-001076,LOT-0133,STN-T1,START,2026-10-03T06:20:30,2026-10-03T06:22:30,CA1,,,,200,200,0,False,,
EVT-001077,LOT-0133,STN-PK,START,2026-10-03T06:23:00,2026-10-03T06:25:00,CA1,,,,200,200,0,False,,
EVT-001078,LOT-0133,STN-SHP,START,2026-10-03T06:25:30,2026-10-03T06:27:30,CA1,,,,200,200,0,False,,
EVT-001079,LOT-0134,STN-INB,START,2026-10-03T14:48:00,2026-10-03T14:50:00,CA2,,,,200,200,0,False,,
EVT-001080,LOT-0134,STN-M1,START,2026-10-03T14:50:30,2026-10-03T14:52:30,CA2,,,1.0,200,200,0,False,,
EVT-001081,LOT-0134,STN-M2,START,2026-10-03T14:53:00,2026-10-03T14:55:00,CA2,178.1,48.0,,200,200,0,False,,
EVT-001082,LOT-0134,STN-HT,START,2026-10-03T14:55:30,2026-10-03T15:05:30,CA2,181.3,,,200,200,0,False,,
EVT-001083,LOT-0134,STN-AS1,START,2026-10-03T15:06:00,2026-10-03T15:08:00,CA2,,,,200,200,0,False,,
EVT-001084,LOT-0134,STN-T1,START,2026-10-03T15:08:30,2026-10-03T15:10:30,CA2,,,,200,200,0,False,,
EVT-001085,LOT-0134,STN-PK,START,2026-10-03T15:11:00,2026-10-03T15:13:00,CA2,,,,200,200,0,False,,
EVT-001086,LOT-0134,STN-SHP,START,2026-10-03T15:13:30,2026-10-03T15:15:30,CA2,,,,200,200,0,False,,
EVT-001087,LOT-0135,STN-INB,START,2026-10-03T07:36:00,2026-10-03T07:38:00,CA1,,,,200,200,0,False,,
EVT-001088,LOT-0135,STN-M1,START,2026-10-03T07:38:30,2026-10-03T07:40:30,CA1,,,2.5,200,198,2,True,FORCE_DROP,FMEA-M2-001
EVT-001089,LOT-0135,STN-HT,START,2026-10-03T07:41:00,2026-10-03T07:51:00,CA1,181.9,,,200,200,0,False,,
EVT-001090,LOT-0135,STN-AS2,START,2026-10-03T07:51:30,2026-10-03T07:53:30,CA1,,,,200,200,0,False,,
EVT-001091,LOT-0135,STN-T1,START,2026-10-03T07:54:00,2026-10-03T07:56:00,CA1,,,,200,200,0,False,,
EVT-001092,LOT-0135,STN-PK,START,2026-10-03T07:56:30,2026-10-03T07:58:30,CA1,,,,200,200,0,False,,
EVT-001093,LOT-0135,STN-SHP,START,2026-10-03T07:59:00,2026-10-03T08:01:00,CA1,,,,200,200,0,False,,
EVT-001094,LOT-0136,STN-INB,START,2026-10-03T16:24:00,2026-10-03T16:26:00,CA2,,,,200,200,0,False,,
EVT-001095,LOT-0136,STN-M1,START,2026-10-03T16:26:30,2026-10-03T16:28:30,CA2,,,4.9,200,200,0,False,,
EVT-001096,LOT-0136,STN-HT,START,2026-10-03T16:29:00,2026-10-03T16:39:00,CA2,179.7,,,200,200,0,False,,
EVT-001097,LOT-0136,STN-AS2,START,2026-10-03T16:39:30,2026-10-03T16:41:30,CA2,,,,200,200,0,False,,
EVT-001098,LOT-0136,STN-T1,START,2026-10-03T16:42:00,2026-10-03T16:44:00,CA2,,,,200,200,0,False,,
EVT-001099,LOT-0136,STN-PK,START,2026-10-03T16:44:30,2026-10-03T16:46:30,CA2,,,,200,200,0,False,,
EVT-001100,LOT-0136,STN-SHP,START,2026-10-03T16:47:00,2026-10-03T16:49:00,CA2,,,,200,200,0,False,,
EVT-001101,LOT-0137,STN-INB,START,2026-10-03T09:12:00,2026-10-03T09:14:00,CA1,,,,200,200,0,False,,
EVT-001102,LOT-0137,STN-M1,START,2026-10-03T09:14:30,2026-10-03T09:16:30,CA1,,,3.4,200,198,2,True,TEMP_SPIKE,FMEA-M2-001
EVT-001103,LOT-0137,STN-M2,START,2026-10-03T09:17:00,2026-10-03T09:19:00,CA1,177.8,45.5,,200,200,0,False,,
EVT-001104,LOT-0137,STN-HT,START,2026-10-03T09:19:30,2026-10-03T09:29:30,CA1,175.1,,,200,200,0,False,,
EVT-001105,LOT-0137,STN-AS1,START,2026-10-03T09:30:00,2026-10-03T09:32:00,CA1,,,,200,200,0,False,,
EVT-001106,LOT-0137,STN-T1,START,2026-10-03T09:32:30,2026-10-03T09:34:30,CA1,,,,200,200,0,False,,
EVT-001107,LOT-0137,STN-PK,START,2026-10-03T09:35:00,2026-10-03T09:37:00,CA1,,,,200,200,0,False,,
EVT-001108,LOT-0137,STN-SHP,START,2026-10-03T09:37:30,2026-10-03T09:39:30,CA1,,,,200,198,2,True,FORCE_DROP,FMEA-M2-001
EVT-001109,LOT-0138,STN-INB,START,2026-10-03T18:00:00,2026-10-03T18:02:00,CA2,,,,200,200,0,False,,
EVT-001110,LOT-0138,STN-M1,START,2026-10-03T18:02:30,2026-10-03T18:04:30,CA2,,,3.3,200,200,0,False,,
EVT-001111,LOT-0138,STN-M2,START,2026-10-03T18:05:00,2026-10-03T18:07:00,CA2,182.5,43.9,,200,200,0,False,,
EVT-001112,LOT-0138,STN-HT,START,2026-10-03T18:07:30,2026-10-03T18:17:30,CA2,176.8,,,200,200,0,False,,
EVT-001113,LOT-0138,STN-AS1,START,2026-10-03T18:18:00,2026-10-03T18:20:00,CA2,,,,200,200,0,False,,
EVT-001114,LOT-0138,STN-T1,START,2026-10-03T18:20:30,2026-10-03T18:22:30,CA2,,,,200,200,0,False,,
EVT-001115,LOT-0138,STN-PK,START,2026-10-03T18:23:00,2026-10-03T18:25:00,CA2,,,,200,200,0,False,,
EVT-001116,LOT-0138,STN-SHP,START,2026-10-03T18:25:30,2026-10-03T18:27:30,CA2,,,,200,200,0,False,,
EVT-001117,LOT-0139,STN-INB,START,2026-10-03T10:48:00,2026-10-03T10:50:00,CA1,,,,200,200,0,False,,
EVT-001118,LOT-0139,STN-M1,START,2026-10-03T10:50:30,2026-10-03T10:52:30,CA1,,,3.9,200,200,0,False,,
EVT-001119,LOT-0139,STN-HT,START,2026-10-03T10:53:00,2026-10-03T11:03:00,CA1,181.6,,,200,200,0,False,,
EVT-001120,LOT-0139,STN-AS2,START,2026-10-03T11:03:30,2026-10-03T11:05:30,CA1,,,,200,200,0,False,,
EVT-001121,LOT-0139,STN-T1,START,2026-10-03T11:06:00,2026-10-03T11:08:00,CA1,,,,200,200,0,False,,
EVT-001122,LOT-0139,STN-PK,START,2026-10-03T11:08:30,2026-10-03T11:10:30,CA1,,,,200,200,0,False,,
EVT-001123,LOT-0139,STN-SHP,START,2026-10-03T11:11:00,2026-10-03T11:13:00,CA1,,,,200,200,0,False,,
EVT-001124,LOT-0140,STN-INB,START,2026-10-03T19:36:00,2026-10-03T19:38:00,CA2,,,,200,200,0,False,,
EVT-001125,LOT-0140,STN-M1,START,2026-10-03T19:38:30,2026-10-03T19:40:30,CA2,,,3.0,200,200,0,False,,
EVT-001126,LOT-0140,STN-HT,START,2026-10-03T19:41:00,2026-10-03T19:51:00,CA2,174.5,,,200,200,0,False,,
EVT-001127,LOT-0140,STN-AS2,START,2026-10-03T19:51:30,2026-10-03T19:53:30,CA2,,,,200,200,0,False,,
EVT-001128,LOT-0140,STN-T1,START,2026-10-03T19:54:00,2026-10-03T19:56:00,CA2,,,,200,200,0,False,,
EVT-001129,LOT-0140,STN-PK,START,2026-10-03T19:56:30,2026-10-03T19:58:30,CA2,,,,200,200,0,False,,
EVT-001130,LOT-0140,STN-SHP,START,2026-10-03T19:59:00,2026-10-03T20:01:00,CA2,,,,200,198,2,True,TOOL_VIBRATION,FMEA-M2-001
EVT-001131,LOT-0141,STN-INB,START,2026-10-03T06:00:00,2026-10-03T06:02:00,CA1,,,,200,200,0,False,,
EVT-001132,LOT-0141,STN-M1,START,2026-10-03T06:02:30,2026-10-03T06:04:30,CA1,,,3.9,200,200,0,False,,
EVT-001133,LOT-0141,STN-M2,START,2026-10-03T06:05:00,2026-10-03T06:07:00,CA1,182.1,45.9,,200,200,0,False,,
EVT-001134,LOT-0141,STN-HT,START,2026-10-03T06:07:30,2026-10-03T06:17:30,CA1,174.4,,,200,200,0,False,,
EVT-001135,LOT-0141,STN-AS1,START,2026-10-03T06:18:00,2026-10-03T06:20:00,CA1,,,,200,200,0,False,,
EVT-001136,LOT-0141,STN-T1,START,2026-10-03T06:20:30,2026-10-03T06:22:30,CA1,,,,200,200,0,False,,
EVT-001137,LOT-0141,STN-PK,START,2026-10-03T06:23:00,2026-10-03T06:25:00,CA1,,,,200,200,0,False,,
EVT-001138,LOT-0141,STN-SHP,START,2026-10-03T06:25:30,2026-10-03T06:27:30,CA1,,,,200,200,0,False,,
EVT-001139,LOT-0142,STN-INB,START,2026-10-03T14:48:00,2026-10-03T14:50:00,CA2,,,,200,200,0,False,,
EVT-001140,LOT-0142,STN-M1,START,2026-10-03T14:50:30,2026-10-03T14:52:30,CA2,,,4.3,200,200,0,False,,
EVT-001141,LOT-0142,STN-M2,START,2026-10-03T14:53:00,2026-10-03T14:55:00,CA2,174.1,43.6,,200,200,0,False,,
EVT-001142,LOT-0142,STN-HT,START,2026-10-03T14:55:30,2026-10-03T15:05:30,CA2,176.6,,,200,200,0,False,,
EVT-001143,LOT-0142,STN-AS1,START,2026-10-03T15:06:00,2026-10-03T15:08:00,CA2,,,,200,200,0,False,,
EVT-001144,LOT-0142,STN-T1,START,2026-10-03T15:08:30,2026-10-03T15:10:30,CA2,,,,200,200,0,False,,
EVT-001145,LOT-0142,STN-PK,START,2026-10-03T15:11:00,2026-10-03T15:13:00,CA2,,,,200,200,0,False,,
EVT-001146,LOT-0142,STN-SHP,START,2026-10-03T15:13:30,2026-10-03T15:15:30,CA2,,,,200,200,0,False,,
EVT-001147,LOT-0143,STN-INB,START,2026-10-03T07:36:00,2026-10-03T07:38:00,CA1,,,,200,200,0,False,,
EVT-001148,LOT-0143,STN-M1,START,2026-10-03T07:38:30,2026-10-03T07:40:30,CA1,,,4.0,200,200,0,False,,
EVT-001149,LOT-0143,STN-HT,START,2026-10-03T07:41:00,2026-10-03T07:51:00,CA1,177.7,,,200,200,0,False,,
EVT-001150,LOT-0143,STN-AS2,START,2026-10-03T07:51:30,2026-10-03T07:53:30,CA1,,,,200,200,0,False,,
EVT-001151,LOT-0143,STN-T1,START,2026-10-03T07:54:00,2026-10-03T07:56:00,CA1,,,,200,200,0,False,,
EVT-001152,LOT-0143,STN-PK,START,2026-10-03T07:56:30,2026-10-03T07:58:30,CA1,,,,200,200,0,False,,
EVT-001153,LOT-0143,STN-SHP,START,2026-10-03T07:59:00,2026-10-03T08:01:00,CA1,,,,200,200,0,False,,
EVT-001154,LOT-0144,STN-INB,START,2026-10-03T16:24:00,2026-10-03T16:26:00,CA2,,,,200,200,0,False,,
EVT-001155,LOT-0144,STN-M1,START,2026-10-03T16:26:30,2026-10-03T16:28:30,CA2,,,3.4,200,200,0,False,,
EVT-001156,LOT-0144,STN-HT,START,2026-10-03T16:29:00,2026-10-03T16:39:00,CA2,178.5,,,200,200,0,False,,
EVT-001157,LOT-0144,STN-AS2,START,2026-10-03T16:39:30,2026-10-03T16:41:30,CA2,,,,200,200,0,False,,
EVT-001158,LOT-0144,STN-T1,START,2026-10-03T16:42:00,2026-10-03T16:44:00,CA2,,,,200,200,0,False,,
EVT-001159,LOT-0144,STN-PK,START,2026-10-03T16:44:30,2026-10-03T16:46:30,CA2,,,,200,200,0,False,,
EVT-001160,LOT-0144,STN-SHP,START,2026-10-03T16:47:00,2026-10-03T16:49:00,CA2,,,,200,200,0,False,,
EVT-001161,LOT-0145,STN-INB,START,2026-10-03T09:12:00,2026-10-03T09:14:00,CA1,,,,200,200,0,False,,
EVT-001162,LOT-0145,STN-M1,START,2026-10-03T09:14:30,2026-10-03T09:16:30,CA1,,,4.5,200,200,0,False,,
EVT-001163,LOT-0145,STN-M2,START,2026-10-03T09:17:00,2026-10-03T09:19:00,CA1,177.6,44.9,,200,200,0,False,,
EVT-001164,LOT-0145,STN-HT,START,2026-10-03T09:19:30,2026-10-03T09:29:30,CA1,178.8,,,200,200,0,False,,
EVT-001165,LOT-0145,STN-AS1,START,2026-10-03T09:30:00,2026-10-03T09:32:00,CA1,,,,200,198,2,True,FORCE_DROP,FMEA-M2-001
EVT-001166,LOT-0145,STN-T1,START,2026-10-03T09:32:30,2026-10-03T09:34:30,CA1,,,,200,200,0,False,,
EVT-001167,LOT-0145,STN-PK,START,2026-10-03T09:35:00,2026-10-03T09:37:00,CA1,,,,200,200,0,False,,
EVT-001168,LOT-0145,STN-SHP,START,2026-10-03T09:37:30,2026-10-03T09:39:30,CA1,,,,200,200,0,False,,
EVT-001169,LOT-0146,STN-INB,START,2026-10-04T06:00:00,2026-10-04T06:02:00,CA1,,,,200,198,2,True,TEMP_SPIKE,FMEA-M2-001
EVT-001170,LOT-0146,STN-M1,START,2026-10-04T06:02:30,2026-10-04T06:04:30,CA1,,,2.7,200,200,0,False,,
EVT-001171,LOT-0146,STN-M2,START,2026-10-04T06:05:00,2026-10-04T06:07:00,CA1,171.2,43.8,,200,200,0,False,,
EVT-001172,LOT-0146,STN-HT,START,2026-10-04T06:07:30,2026-10-04T06:17:30,CA1,181.6,,,200,200,0,False,,
EVT-001173,LOT-0146,STN-AS1,START,2026-10-04T06:18:00,2026-10-04T06:20:00,CA1,,,,200,200,0,False,,
EVT-001174,LOT-0146,STN-T1,START,2026-10-04T06:20:30,2026-10-04T06:22:30,CA1,,,,200,200,0,False,,
EVT-001175,LOT-0146,STN-PK,START,2026-10-04T06:23:00,2026-10-04T06:25:00,CA1,,,,200,200,0,False,,
EVT-001176,LOT-0146,STN-SHP,START,2026-10-04T06:25:30,2026-10-04T06:27:30,CA1,,,,200,200,0,False,,
EVT-001177,LOT-0147,STN-INB,START,2026-10-04T14:48:00,2026-10-04T14:50:00,CA2,,,,200,200,0,False,,
EVT-001178,LOT-0147,STN-M1,START,2026-10-04T14:50:30,2026-10-04T14:52:30,CA2,,,3.7,200,200,0,False,,
EVT-001179,LOT-0147,STN-HT,START,2026-10-04T14:53:00,2026-10-04T15:03:00,CA2,178.7,,,200,200,0,False,,
EVT-001180,LOT-0147,STN-AS2,START,2026-10-04T15:03:30,2026-10-04T15:05:30,CA2,,,,200,200,0,False,,
EVT-001181,LOT-0147,STN-T1,START,2026-10-04T15:06:00,2026-10-04T15:08:00,CA2,,,,200,200,0,False,,
EVT-001182,LOT-0147,STN-PK,START,2026-10-04T15:08:30,2026-10-04T15:10:30,CA2,,,,200,198,2,True,TOOL_VIBRATION,FMEA-M2-001
EVT-001183,LOT-0147,STN-SHP,START,2026-10-04T15:11:00,2026-10-04T15:13:00,CA2,,,,200,200,0,False,,
EVT-001184,LOT-0148,STN-INB,START,2026-10-04T07:36:00,2026-10-04T07:38:00,CA1,,,,200,200,0,False,,
EVT-001185,LOT-0148,STN-M1,START,2026-10-04T07:38:30,2026-10-04T07:40:30,CA1,,,4.5,200,200,0,False,,
EVT-001186,LOT-0148,STN-HT,START,2026-10-04T07:41:00,2026-10-04T07:51:00,CA1,177.8,,,200,200,0,False,,
EVT-001187,LOT-0148,STN-AS2,START,2026-10-04T07:51:30,2026-10-04T07:53:30,CA1,,,,200,200,0,False,,
EVT-001188,LOT-0148,STN-T1,START,2026-10-04T07:54:00,2026-10-04T07:56:00,CA1,,,,200,200,0,False,,
EVT-001189,LOT-0148,STN-PK,START,2026-10-04T07:56:30,2026-10-04T07:58:30,CA1,,,,200,200,0,False,,
EVT-001190,LOT-0148,STN-SHP,START,2026-10-04T07:59:00,2026-10-04T08:01:00,CA1,,,,200,200,0,False,,
EVT-001191,LOT-0149,STN-INB,START,2026-10-04T16:24:00,2026-10-04T16:26:00,CA2,,,,200,200,0,False,,
EVT-001192,LOT-0149,STN-M1,START,2026-10-04T16:26:30,2026-10-04T16:28:30,CA2,,,2.4,200,200,0,False,,
EVT-001193,LOT-0149,STN-M2,START,2026-10-04T16:29:00,2026-10-04T16:31:00,CA2,179.1,45.5,,200,200,0,False,,
EVT-001194,LOT-0149,STN-HT,START,2026-10-04T16:31:30,2026-10-04T16:41:30,CA2,175.3,,,200,200,0,False,,
EVT-001195,LOT-0149,STN-AS1,START,2026-10-04T16:42:00,2026-10-04T16:44:00,CA2,,,,200,200,0,False,,
EVT-001196,LOT-0149,STN-T1,START,2026-10-04T16:44:30,2026-10-04T16:46:30,CA2,,,,200,200,0,False,,
EVT-001197,LOT-0149,STN-PK,START,2026-10-04T16:47:00,2026-10-04T16:49:00,CA2,,,,200,200,0,False,,
EVT-001198,LOT-0149,STN-SHP,START,2026-10-04T16:49:30,2026-10-04T16:51:30,CA2,,,,200,200,0,False,,
EVT-001199,LOT-0150,STN-INB,START,2026-10-04T09:12:00,2026-10-04T09:14:00,CA1,,,,200,200,0,False,,
EVT-001200,LOT-0150,STN-M1,START,2026-10-04T09:14:30,2026-10-04T09:16:30,CA1,,,3.5,200,200,0,False,,
EVT-001201,LOT-0150,STN-M2,START,2026-10-04T09:17:00,2026-10-04T09:19:00,CA1,199.1,46.7,,200,198,2,True,TEMP_SPIKE,FMEA-M2-001
EVT-001202,LOT-0150,STN-HT,START,2026-10-04T09:19:30,2026-10-04T09:29:30,CA1,176.3,,,200,200,0,False,,
EVT-001203,LOT-0150,STN-AS1,START,2026-10-04T09:30:00,2026-10-04T09:32:00,CA1,,,,200,200,0,False,,
EVT-001204,LOT-0150,STN-T1,START,2026-10-04T09:32:30,2026-10-04T09:34:30,CA1,,,,200,200,0,False,,
EVT-001205,LOT-0150,STN-PK,START,2026-10-04T09:35:00,2026-10-04T09:37:00,CA1,,,,200,200,0,False,,
EVT-001206,LOT-0150,STN-SHP,START,2026-10-04T09:37:30,2026-10-04T09:39:30,CA1,,,,200,200,0,False,,
EVT-001207,LOT-0151,STN-INB,START,2026-10-04T18:00:00,2026-10-04T18:02:00,CA2,,,,200,200,0,False,,
EVT-001208,LOT-0151,STN-M1,START,2026-10-04T18:02:30,2026-10-04T18:04:30,CA2,,,4.4,200,200,0,False,,
EVT-001209,LOT-0151,STN-HT,START,2026-10-04T18:05:00,2026-10-04T18:15:00,CA2,180.2,,,200,200,0,False,,
EVT-001210,LOT-0151,STN-AS2,START,2026-10-04T18:15:30,2026-10-04T18:17:30,CA2,,,,200,200,0,False,,
EVT-001211,LOT-0151,STN-T1,START,2026-10-04T18:18:00,2026-10-04T18:20:00,CA2,,,,200,200,0,False,,
EVT-001212,LOT-0151,STN-PK,START,2026-10-04T18:20:30,2026-10-04T18:22:30,CA2,,,,200,200,0,False,,
EVT-001213,LOT-0151,STN-SHP,START,2026-10-04T18:23:00,2026-10-04T18:25:00,CA2,,,,200,200,0,False,,
EVT-001214,LOT-0152,STN-INB,START,2026-10-04T10:48:00,2026-10-04T10:50:00,CA1,,,,200,200,0,False,,
EVT-001215,LOT-0152,STN-M1,START,2026-10-04T10:50:30,2026-10-04T10:52:30,CA1,,,3.9,200,200,0,False,,
EVT-001216,LOT-0152,STN-HT,START,2026-10-04T10:53:00,2026-10-04T11:03:00,CA1,176.0,,,200,200,0,False,,
EVT-001217,LOT-0152,STN-AS2,START,2026-10-04T11:03:30,2026-10-04T11:05:30,CA1,,,,200,200,0,False,,
EVT-001218,LOT-0152,STN-T1,START,2026-10-04T11:06:00,2026-10-04T11:08:00,CA1,,,,200,200,0,False,,
EVT-001219,LOT-0152,STN-PK,START,2026-10-04T11:08:30,2026-10-04T11:10:30,CA1,,,,200,200,0,False,,
EVT-001220,LOT-0152,STN-SHP,START,2026-10-04T11:11:00,2026-10-04T11:13:00,CA1,,,,200,200,0,False,,
EVT-001221,LOT-0153,STN-INB,START,2026-10-04T19:36:00,2026-10-04T19:38:00,CA2,,,,200,200,0,False,,
EVT-001222,LOT-0153,STN-M1,START,2026-10-04T19:38:30,2026-10-04T19:40:30,CA2,,,1.6,200,200,0,False,,
EVT-001223,LOT-0153,STN-M2,START,2026-10-04T19:41:00,2026-10-04T19:43:00,CA2,178.2,46.5,,200,200,0,False,,
EVT-001224,LOT-0153,STN-HT,START,2026-10-04T19:43:30,2026-10-04T19:53:30,CA2,179.1,,,200,200,0,False,,
EVT-001225,LOT-0153,STN-AS1,START,2026-10-04T19:54:00,2026-10-04T19:56:00,CA2,,,,200,200,0,False,,
EVT-001226,LOT-0153,STN-T1,START,2026-10-04T19:56:30,2026-10-04T19:58:30,CA2,,,,200,200,0,False,,
EVT-001227,LOT-0153,STN-PK,START,2026-10-04T19:59:00,2026-10-04T20:01:00,CA2,,,,200,200,0,False,,
EVT-001228,LOT-0153,STN-SHP,START,2026-10-04T20:01:30,2026-10-04T20:03:30,CA2,,,,200,198,2,True,TEMP_SPIKE,FMEA-M2-001
EVT-001229,LOT-0154,STN-INB,START,2026-10-04T06:00:00,2026-10-04T06:02:00,CA1,,,,200,200,0,False,,
EVT-001230,LOT-0154,STN-M1,START,2026-10-04T06:02:30,2026-10-04T06:04:30,CA1,,,2.6,200,200,0,False,,
EVT-001231,LOT-0154,STN-M2,START,2026-10-04T06:05:00,2026-10-04T06:07:00,CA1,176.1,42.4,,200,200,0,False,,
EVT-001232,LOT-0154,STN-HT,START,2026-10-04T06:07:30,2026-10-04T06:17:30,CA1,181.2,,,200,200,0,False,,
EVT-001233,LOT-0154,STN-AS1,START,2026-10-04T06:18:00,2026-10-04T06:20:00,CA1,,,,200,200,0,False,,
EVT-001234,LOT-0154,STN-T1,START,2026-10-04T06:20:30,2026-10-04T06:22:30,CA1,,,,200,200,0,False,,
EVT-001235,LOT-0154,STN-PK,START,2026-10-04T06:23:00,2026-10-04T06:25:00,CA1,,,,200,200,0,False,,
EVT-001236,LOT-0154,STN-SHP,START,2026-10-04T06:25:30,2026-10-04T06:27:30,CA1,,,,200,200,0,False,,
EVT-001237,LOT-0155,STN-INB,START,2026-10-04T14:48:00,2026-10-04T14:50:00,CA2,,,,200,200,0,False,,
EVT-001238,LOT-0155,STN-M1,START,2026-10-04T14:50:30,2026-10-04T14:52:30,CA2,,,3.7,200,200,0,False,,
EVT-001239,LOT-0155,STN-HT,START,2026-10-04T14:53:00,2026-10-04T15:03:00,CA2,178.7,,,200,200,0,False,,
EVT-001240,LOT-0155,STN-AS2,START,2026-10-04T15:03:30,2026-10-04T15:05:30,CA2,,,,200,198,2,True,TEMP_SPIKE,FMEA-M2-001
EVT-001241,LOT-0155,STN-T1,START,2026-10-04T15:06:00,2026-10-04T15:08:00,CA2,,,,200,200,0,False,,
EVT-001242,LOT-0155,STN-PK,START,2026-10-04T15:08:30,2026-10-04T15:10:30,CA2,,,,200,200,0,False,,
EVT-001243,LOT-0155,STN-SHP,START,2026-10-04T15:11:00,2026-10-04T15:13:00,CA2,,,,200,200,0,False,,
EVT-001244,LOT-0156,STN-INB,START,2026-10-04T07:36:00,2026-10-04T07:38:00,CA1,,,,200,200,0,False,,
EVT-001245,LOT-0156,STN-M1,START,2026-10-04T07:38:30,2026-10-04T07:40:30,CA1,,,2.7,200,200,0,False,,
EVT-001246,LOT-0156,STN-HT,START,2026-10-04T07:41:00,2026-10-04T07:51:00,CA1,171.7,,,200,200,0,False,,
EVT-001247,LOT-0156,STN-AS2,START,2026-10-04T07:51:30,2026-10-04T07:53:30,CA1,,,,200,200,0,False,,
EVT-001248,LOT-0156,STN-T1,START,2026-10-04T07:54:00,2026-10-04T07:56:00,CA1,,,,200,200,0,False,,
EVT-001249,LOT-0156,STN-PK,START,2026-10-04T07:56:30,2026-10-04T07:58:30,CA1,,,,200,200,0,False,,
EVT-001250,LOT-0156,STN-SHP,START,2026-10-04T07:59:00,2026-10-04T08:01:00,CA1,,,,200,200,0,False,,
EVT-001251,LOT-0157,STN-INB,START,2026-10-04T16:24:00,2026-10-04T16:26:00,CA2,,,,200,200,0,False,,
EVT-001252,LOT-0157,STN-M1,START,2026-10-04T16:26:30,2026-10-04T16:28:30,CA2,,,3.1,200,198,2,True,TOOL_VIBRATION,FMEA-M2-001
EVT-001253,LOT-0157,STN-M2,START,2026-10-04T16:29:00,2026-10-04T16:31:00,CA2,176.8,47.0,,200,200,0,False,,
EVT-001254,LOT-0157,STN-HT,START,2026-10-04T16:31:30,2026-10-04T16:41:30,CA2,177.2,,,200,200,0,False,,
EVT-001255,LOT-0157,STN-AS1,START,2026-10-04T16:42:00,2026-10-04T16:44:00,CA2,,,,200,200,0,False,,
EVT-001256,LOT-0157,STN-T1,START,2026-10-04T16:44:30,2026-10-04T16:46:30,CA2,,,,200,200,0,False,,
EVT-001257,LOT-0157,STN-PK,START,2026-10-04T16:47:00,2026-10-04T16:49:00,CA2,,,,200,200,0,False,,
EVT-001258,LOT-0157,STN-SHP,START,2026-10-04T16:49:30,2026-10-04T16:51:30,CA2,,,,200,200,0,False,,
EVT-001259,LOT-0158,STN-INB,START,2026-10-04T09:12:00,2026-10-04T09:14:00,CA1,,,,200,200,0,False,,
EVT-001260,LOT-0158,STN-M1,START,2026-10-04T09:14:30,2026-10-04T09:16:30,CA1,,,5.1,200,200,0,False,,
EVT-001261,LOT-0158,STN-M2,START,2026-10-04T09:17:00,2026-10-04T09:19:00,CA1,182.7,43.4,,200,198,2,True,FORCE_DROP,FMEA-M2-001
EVT-001262,LOT-0158,STN-HT,START,2026-10-04T09:19:30,2026-10-04T09:29:30,CA1,178.0,,,200,200,0,False,,
EVT-001263,LOT-0158,STN-AS1,START,2026-10-04T09:30:00,2026-10-04T09:32:00,CA1,,,,200,200,0,False,,
EVT-001264,LOT-0158,STN-T1,START,2026-10-04T09:32:30,2026-10-04T09:34:30,CA1,,,,200,200,0,False,,
EVT-001265,LOT-0158,STN-PK,START,2026-10-04T09:35:00,2026-10-04T09:37:00,CA1,,,,200,200,0,False,,
EVT-001266,LOT-0158,STN-SHP,START,2026-10-04T09:37:30,2026-10-04T09:39:30,CA1,,,,200,200,0,False,,
EVT-001267,LOT-0159,STN-INB,START,2026-10-04T18:00:00,2026-10-04T18:02:00,CA2,,,,200,200,0,False,,
EVT-001268,LOT-0159,STN-M1,START,2026-10-04T18:02:30,2026-10-04T18:04:30,CA2,,,3.1,200,200,0,False,,
EVT-001269,LOT-0159,STN-HT,START,2026-10-04T18:05:00,2026-10-04T18:15:00,CA2,175.3,,,200,200,0,False,,
EVT-001270,LOT-0159,STN-AS2,START,2026-10-04T18:15:30,2026-10-04T18:17:30,CA2,,,,200,200,0,False,,
EVT-001271,LOT-0159,STN-T1,START,2026-10-04T18:18:00,2026-10-04T18:20:00,CA2,,,,200,200,0,False,,
EVT-001272,LOT-0159,STN-PK,START,2026-10-04T18:20:30,2026-10-04T18:22:30,CA2,,,,200,200,0,False,,
EVT-001273,LOT-0159,STN-SHP,START,2026-10-04T18:23:00,2026-10-04T18:25:00,CA2,,,,200,200,0,False,,
EVT-001274,LOT-0160,STN-INB,START,2026-10-04T10:48:00,2026-10-04T10:50:00,CA1,,,,200,200,0,False,,
EVT-001275,LOT-0160,STN-M1,START,2026-10-04T10:50:30,2026-10-04T10:52:30,CA1,,,2.5,200,200,0,False,,
EVT-001276,LOT-0160,STN-HT,START,2026-10-04T10:53:00,2026-10-04T11:03:00,CA1,183.6,,,200,200,0,False,,
EVT-001277,LOT-0160,STN-AS2,START,2026-10-04T11:03:30,2026-10-04T11:05:30,CA1,,,,200,200,0,False,,
EVT-001278,LOT-0160,STN-T1,START,2026-10-04T11:06:00,2026-10-04T11:08:00,CA1,,,,200,200,0,False,,
EVT-001279,LOT-0160,STN-PK,START,2026-10-04T11:08:30,2026-10-04T11:10:30,CA1,,,,200,200,0,False,,
EVT-001280,LOT-0160,STN-SHP,START,2026-10-04T11:11:00,2026-10-04T11:13:00,CA1,,,,200,200,0,False,,
EVT-001281,LOT-0161,STN-INB,START,2026-10-04T19:36:00,2026-10-04T19:38:00,CA2,,,,200,200,0,False,,
EVT-001282,LOT-0161,STN-M1,START,2026-10-04T19:38:30,2026-10-04T19:40:30,CA2,,,2.2,200,200,0,False,,
EVT-001283,LOT-0161,STN-M2,START,2026-10-04T19:41:00,2026-10-04T19:43:00,CA2,179.0,45.3,,200,200,0,False,,
EVT-001284,LOT-0161,STN-HT,START,2026-10-04T19:43:30,2026-10-04T19:53:30,CA2,172.7,,,200,200,0,False,,
EVT-001285,LOT-0161,STN-AS1,START,2026-10-04T19:54:00,2026-10-04T19:56:00,CA2,,,,200,200,0,False,,
EVT-001286,LOT-0161,STN-T1,START,2026-10-04T19:56:30,2026-10-04T19:58:30,CA2,,,,200,200,0,False,,
EVT-001287,LOT-0161,STN-PK,START,2026-10-04T19:59:00,2026-10-04T20:01:00,CA2,,,,200,200,0,False,,
EVT-001288,LOT-0161,STN-SHP,START,2026-10-04T20:01:30,2026-10-04T20:03:30,CA2,,,,200,200,0,False,,
EVT-001289,LOT-0162,STN-INB,START,2026-10-04T06:00:00,2026-10-04T06:02:00,CA1,,,,200,200,0,False,,
EVT-001290,LOT-0162,STN-M1,START,2026-10-04T06:02:30,2026-10-04T06:04:30,CA1,,,3.3,200,200,0,False,,
EVT-001291,LOT-0162,STN-M2,START,2026-10-04T06:05:00,2026-10-04T06:07:00,CA1,182.2,44.9,,200,200,0,False,,
EVT-001292,LOT-0162,STN-HT,START,2026-10-04T06:07:30,2026-10-04T06:17:30,CA1,183.3,,,200,200,0,False,,
EVT-001293,LOT-0162,STN-AS1,START,2026-10-04T06:18:00,2026-10-04T06:20:00,CA1,,,,200,200,0,False,,
EVT-001294,LOT-0162,STN-T1,START,2026-10-04T06:20:30,2026-10-04T06:22:30,CA1,,,,200,200,0,False,,
EVT-001295,LOT-0162,STN-PK,START,2026-10-04T06:23:00,2026-10-04T06:25:00,CA1,,,,200,200,0,False,,
EVT-001296,LOT-0162,STN-SHP,START,2026-10-04T06:25:30,2026-10-04T06:27:30,CA1,,,,200,200,0,False,,
EVT-001297,LOT-0163,STN-INB,START,2026-10-04T14:48:00,2026-10-04T14:50:00,CA2,,,,200,200,0,False,,
EVT-001298,LOT-0163,STN-M1,START,2026-10-04T14:50:30,2026-10-04T14:52:30,CA2,,,3.9,200,200,0,False,,
EVT-001299,LOT-0163,STN-HT,START,2026-10-04T14:53:00,2026-10-04T15:03:00,CA2,178.4,,,200,200,0,False,,
EVT-001300,LOT-0163,STN-AS2,START,2026-10-04T15:03:30,2026-10-04T15:05:30,CA2,,,,200,200,0,False,,
EVT-001301,LOT-0163,STN-T1,START,2026-10-04T15:06:00,2026-10-04T15:08:00,CA2,,,,200,200,0,False,,
EVT-001302,LOT-0163,STN-PK,START,2026-10-04T15:08:30,2026-10-04T15:10:30,CA2,,,,200,200,0,False,,
EVT-001303,LOT-0163,STN-SHP,START,2026-10-04T15:11:00,2026-10-04T15:13:00,CA2,,,,200,200,0,False,,
EVT-001304,LOT-0164,STN-INB,START,2026-10-04T07:36:00,2026-10-04T07:38:00,CA1,,,,200,200,0,False,,
EVT-001305,LOT-0164,STN-M1,START,2026-10-04T07:38:30,2026-10-04T07:40:30,CA1,,,4.4,200,200,0,False,,
EVT-001306,LOT-0164,STN-HT,START,2026-10-04T07:41:00,2026-10-04T07:51:00,CA1,175.6,,,200,200,0,False,,
EVT-001307,LOT-0164,STN-AS2,START,2026-10-04T07:51:30,2026-10-04T07:53:30,CA1,,,,200,200,0,False,,
EVT-001308,LOT-0164,STN-T1,START,2026-10-04T07:54:00,2026-10-04T07:56:00,CA1,,,,200,200,0,False,,
EVT-001309,LOT-0164,STN-PK,START,2026-10-04T07:56:30,2026-10-04T07:58:30,CA1,,,,200,200,0,False,,
EVT-001310,LOT-0164,STN-SHP,START,2026-10-04T07:59:00,2026-10-04T08:01:00,CA1,,,,200,198,2,True,TOOL_VIBRATION,FMEA-M2-001
EVT-001311,LOT-0165,STN-INB,START,2026-10-04T16:24:00,2026-10-04T16:26:00,CA2,,,,200,200,0,False,,
EVT-001312,LOT-0165,STN-M1,START,2026-10-04T16:26:30,2026-10-04T16:28:30,CA2,,,1.1,200,200,0,False,,
EVT-001313,LOT-0165,STN-M2,START,2026-10-04T16:29:00,2026-10-04T16:31:00,CA2,180.7,45.5,,200,200,0,False,,
EVT-001314,LOT-0165,STN-HT,START,2026-10-04T16:31:30,2026-10-04T16:41:30,CA2,178.3,,,200,200,0,False,,
EVT-001315,LOT-0165,STN-AS1,START,2026-10-04T16:42:00,2026-10-04T16:44:00,CA2,,,,200,200,0,False,,
EVT-001316,LOT-0165,STN-T1,START,2026-10-04T16:44:30,2026-10-04T16:46:30,CA2,,,,200,200,0,False,,
EVT-001317,LOT-0165,STN-PK,START,2026-10-04T16:47:00,2026-10-04T16:49:00,CA2,,,,200,200,0,False,,
EVT-001318,LOT-0165,STN-SHP,START,2026-10-04T16:49:30,2026-10-04T16:51:30,CA2,,,,200,200,0,False,,
EVT-001319,LOT-0166,STN-INB,START,2026-10-04T09:12:00,2026-10-04T09:14:00,CA1,,,,200,200,0,False,,
EVT-001320,LOT-0166,STN-M1,START,2026-10-04T09:14:30,2026-10-04T09:16:30,CA1,,,4.3,200,200,0,False,,
EVT-001321,LOT-0166,STN-M2,START,2026-10-04T09:17:00,2026-10-04T09:19:00,CA1,174.2,42.3,,200,200,0,False,,
EVT-001322,LOT-0166,STN-HT,START,2026-10-04T09:19:30,2026-10-04T09:29:30,CA1,185.2,,,200,200,0,False,,
EVT-001323,LOT-0166,STN-AS1,START,2026-10-04T09:30:00,2026-10-04T09:32:00,CA1,,,,200,200,0,False,,
EVT-001324,LOT-0166,STN-T1,START,2026-10-04T09:32:30,2026-10-04T09:34:30,CA1,,,,200,200,0,False,,
EVT-001325,LOT-0166,STN-PK,START,2026-10-04T09:35:00,2026-10-04T09:37:00,CA1,,,,200,200,0,False,,
EVT-001326,LOT-0166,STN-SHP,START,2026-10-04T09:37:30,2026-10-04T09:39:30,CA1,,,,200,200,0,False,,
EVT-001327,LOT-0167,STN-INB,START,2026-10-04T18:00:00,2026-10-04T18:02:00,CA2,,,,200,200,0,False,,
EVT-001328,LOT-0167,STN-M1,START,2026-10-04T18:02:30,2026-10-04T18:04:30,CA2,,,3.7,200,200,0,False,,
EVT-001329,LOT-0167,STN-HT,START,2026-10-04T18:05:00,2026-10-04T18:15:00,CA2,181.4,,,200,200,0,False,,
EVT-001330,LOT-0167,STN-AS2,START,2026-10-04T18:15:30,2026-10-04T18:17:30,CA2,,,,200,200,0,False,,
EVT-001331,LOT-0167,STN-T1,START,2026-10-04T18:18:00,2026-10-04T18:20:00,CA2,,,,200,200,0,False,,
EVT-001332,LOT-0167,STN-PK,START,2026-10-04T18:20:30,2026-10-04T18:22:30,CA2,,,,200,200,0,False,,
EVT-001333,LOT-0167,STN-SHP,START,2026-10-04T18:23:00,2026-10-04T18:25:00,CA2,,,,200,200,0,False,,
EVT-001334,LOT-0168,STN-INB,START,2026-10-04T10:48:00,2026-10-04T10:50:00,CA1,,,,200,200,0,False,,
EVT-001335,LOT-0168,STN-M1,START,2026-10-04T10:50:30,2026-10-04T10:52:30,CA1,,,3.4,200,200,0,False,,
EVT-001336,LOT-0168,STN-HT,START,2026-10-04T10:53:00,2026-10-04T11:03:00,CA1,175.5,,,200,200,0,False,,
EVT-001337,LOT-0168,STN-AS2,START,2026-10-04T11:03:30,2026-10-04T11:05:30,CA1,,,,200,200,0,False,,
EVT-001338,LOT-0168,STN-T1,START,2026-10-04T11:06:00,2026-10-04T11:08:00,CA1,,,,200,200,0,False,,
EVT-001339,LOT-0168,STN-PK,START,2026-10-04T11:08:30,2026-10-04T11:10:30,CA1,,,,200,200,0,False,,
EVT-001340,LOT-0168,STN-SHP,START,2026-10-04T11:11:00,2026-10-04T11:13:00,CA1,,,,200,200,0,False,,
EVT-001341,LOT-0169,STN-INB,START,2026-10-04T19:36:00,2026-10-04T19:38:00,CA2,,,,200,200,0,False,,
EVT-001342,LOT-0169,STN-M1,START,2026-10-04T19:38:30,2026-10-04T19:40:30,CA2,,,4.1,200,200,0,False,,
EVT-001343,LOT-0169,STN-M2,START,2026-10-04T19:41:00,2026-10-04T19:43:00,CA2,184.2,47.8,,200,200,0,False,,
EVT-001344,LOT-0169,STN-HT,START,2026-10-04T19:43:30,2026-10-04T19:53:30,CA2,178.2,,,200,200,0,False,,
EVT-001345,LOT-0169,STN-AS1,START,2026-10-04T19:54:00,2026-10-04T19:56:00,CA2,,,,200,200,0,False,,
EVT-001346,LOT-0169,STN-T1,START,2026-10-04T19:56:30,2026-10-04T19:58:30,CA2,,,,200,200,0,False,,
EVT-001347,LOT-0169,STN-PK,START,2026-10-04T19:59:00,2026-10-04T20:01:00,CA2,,,,200,200,0,False,,
EVT-001348,LOT-0169,STN-SHP,START,2026-10-04T20:01:30,2026-10-04T20:03:30,CA2,,,,200,200,0,False,,
EVT-001349,LOT-0170,STN-INB,START,2026-10-04T06:00:00,2026-10-04T06:02:00,CA1,,,,200,200,0,False,,
EVT-001350,LOT-0170,STN-M1,START,2026-10-04T06:02:30,2026-10-04T06:04:30,CA1,,,3.6,200,200,0,False,,
EVT-001351,LOT-0170,STN-M2,START,2026-10-04T06:05:00,2026-10-04T06:07:00,CA1,182.9,44.3,,200,200,0,False,,
EVT-001352,LOT-0170,STN-HT,START,2026-10-04T06:07:30,2026-10-04T06:17:30,CA1,179.5,,,200,200,0,False,,
EVT-001353,LOT-0170,STN-AS1,START,2026-10-04T06:18:00,2026-10-04T06:20:00,CA1,,,,200,200,0,False,,
EVT-001354,LOT-0170,STN-T1,START,2026-10-04T06:20:30,2026-10-04T06:22:30,CA1,,,,200,200,0,False,,
EVT-001355,LOT-0170,STN-PK,START,2026-10-04T06:23:00,2026-10-04T06:25:00,CA1,,,,200,198,2,True,TEMP_SPIKE,FMEA-M2-001
EVT-001356,LOT-0170,STN-SHP,START,2026-10-04T06:25:30,2026-10-04T06:27:30,CA1,,,,200,200,0,False,,
EVT-001357,LOT-0171,STN-INB,START,2026-10-04T14:48:00,2026-10-04T14:50:00,CA2,,,,200,200,0,False,,
EVT-001358,LOT-0171,STN-M1,START,2026-10-04T14:50:30,2026-10-04T14:52:30,CA2,,,4.8,200,200,0,False,,
EVT-001359,LOT-0171,STN-HT,START,2026-10-04T14:53:00,2026-10-04T15:03:00,CA2,176.6,,,200,200,0,False,,
EVT-001360,LOT-0171,STN-AS2,START,2026-10-04T15:03:30,2026-10-04T15:05:30,CA2,,,,200,200,0,False,,
EVT-001361,LOT-0171,STN-T1,START,2026-10-04T15:06:00,2026-10-04T15:08:00,CA2,,,,200,200,0,False,,
EVT-001362,LOT-0171,STN-PK,START,2026-10-04T15:08:30,2026-10-04T15:10:30,CA2,,,,200,200,0,False,,
EVT-001363,LOT-0171,STN-SHP,START,2026-10-04T15:11:00,2026-10-04T15:13:00,CA2,,,,200,200,0,False,,
EVT-001364,LOT-0172,STN-INB,START,2026-10-04T07:36:00,2026-10-04T07:38:00,CA1,,,,200,200,0,False,,
EVT-001365,LOT-0172,STN-M1,START,2026-10-04T07:38:30,2026-10-04T07:40:30,CA1,,,3.2,200,200,0,False,,
EVT-001366,LOT-0172,STN-HT,START,2026-10-04T07:41:00,2026-10-04T07:51:00,CA1,175.8,,,200,200,0,False,,
EVT-001367,LOT-0172,STN-AS2,START,2026-10-04T07:51:30,2026-10-04T07:53:30,CA1,,,,200,200,0,False,,
EVT-001368,LOT-0172,STN-T1,START,2026-10-04T07:54:00,2026-10-04T07:56:00,CA1,,,,200,200,0,False,,
EVT-001369,LOT-0172,STN-PK,START,2026-10-04T07:56:30,2026-10-04T07:58:30,CA1,,,,200,200,0,False,,
EVT-001370,LOT-0172,STN-SHP,START,2026-10-04T07:59:00,2026-10-04T08:01:00,CA1,,,,200,200,0,False,,
EVT-001371,LOT-0173,STN-INB,START,2026-10-04T16:24:00,2026-10-04T16:26:00,CA2,,,,200,200,0,False,,
EVT-001372,LOT-0173,STN-M1,START,2026-10-04T16:26:30,2026-10-04T16:28:30,CA2,,,5.5,200,200,0,False,,
EVT-001373,LOT-0173,STN-M2,START,2026-10-04T16:29:00,2026-10-04T16:31:00,CA2,172.5,41.9,,200,200,0,False,,
EVT-001374,LOT-0173,STN-HT,START,2026-10-04T16:31:30,2026-10-04T16:41:30,CA2,181.9,,,200,200,0,False,,
EVT-001375,LOT-0173,STN-AS1,START,2026-10-04T16:42:00,2026-10-04T16:44:00,CA2,,,,200,200,0,False,,
EVT-001376,LOT-0173,STN-T1,START,2026-10-04T16:44:30,2026-10-04T16:46:30,CA2,,,,200,200,0,False,,
EVT-001377,LOT-0173,STN-PK,START,2026-10-04T16:47:00,2026-10-04T16:49:00,CA2,,,,200,200,0,False,,
EVT-001378,LOT-0173,STN-SHP,START,2026-10-04T16:49:30,2026-10-04T16:51:30,CA2,,,,200,198,2,True,TEMP_SPIKE,FMEA-M2-001
EVT-001379,LOT-0174,STN-INB,START,2026-10-04T09:12:00,2026-10-04T09:14:00,CA1,,,,200,200,0,False,,
EVT-001380,LOT-0174,STN-M1,START,2026-10-04T09:14:30,2026-10-04T09:16:30,CA1,,,4.5,200,200,0,False,,
EVT-001381,LOT-0174,STN-M2,START,2026-10-04T09:17:00,2026-10-04T09:19:00,CA1,176.1,43.3,,200,200,0,False,,
EVT-001382,LOT-0174,STN-HT,START,2026-10-04T09:19:30,2026-10-04T09:29:30,CA1,181.4,,,200,200,0,False,,
EVT-001383,LOT-0174,STN-AS1,START,2026-10-04T09:30:00,2026-10-04T09:32:00,CA1,,,,200,200,0,False,,
EVT-001384,LOT-0174,STN-T1,START,2026-10-04T09:32:30,2026-10-04T09:34:30,CA1,,,,200,200,0,False,,
EVT-001385,LOT-0174,STN-PK,START,2026-10-04T09:35:00,2026-10-04T09:37:00,CA1,,,,200,200,0,False,,
EVT-001386,LOT-0174,STN-SHP,START,2026-10-04T09:37:30,2026-10-04T09:39:30,CA1,,,,200,200,0,False,,
EVT-001387,LOT-0175,STN-INB,START,2026-10-05T06:00:00,2026-10-05T06:02:00,CA1,,,,200,200,0,False,,
EVT-001388,LOT-0175,STN-M1,START,2026-10-05T06:02:30,2026-10-05T06:04:30,CA1,,,2.6,200,200,0,False,,
EVT-001389,LOT-0175,STN-HT,START,2026-10-05T06:05:00,2026-10-05T06:15:00,CA1,179.1,,,200,200,0,False,,
EVT-001390,LOT-0175,STN-AS2,START,2026-10-05T06:15:30,2026-10-05T06:17:30,CA1,,,,200,200,0,False,,
EVT-001391,LOT-0175,STN-T1,START,2026-10-05T06:18:00,2026-10-05T06:20:00,CA1,,,,200,198,2,True,TOOL_VIBRATION,FMEA-M2-001
EVT-001392,LOT-0175,STN-PK,START,2026-10-05T06:20:30,2026-10-05T06:22:30,CA1,,,,200,200,0,False,,
EVT-001393,LOT-0175,STN-SHP,START,2026-10-05T06:23:00,2026-10-05T06:25:00,CA1,,,,200,200,0,False,,
EVT-001394,LOT-0176,STN-INB,START,2026-10-05T14:48:00,2026-10-05T14:50:00,CA2,,,,200,200,0,False,,
EVT-001395,LOT-0176,STN-M1,START,2026-10-05T14:50:30,2026-10-05T14:52:30,CA2,,,4.0,200,200,0,False,,
EVT-001396,LOT-0176,STN-HT,START,2026-10-05T14:53:00,2026-10-05T15:03:00,CA2,177.3,,,200,200,0,False,,
EVT-001397,LOT-0176,STN-AS2,START,2026-10-05T15:03:30,2026-10-05T15:05:30,CA2,,,,200,200,0,False,,
EVT-001398,LOT-0176,STN-T1,START,2026-10-05T15:06:00,2026-10-05T15:08:00,CA2,,,,200,200,0,False,,
EVT-001399,LOT-0176,STN-PK,START,2026-10-05T15:08:30,2026-10-05T15:10:30,CA2,,,,200,200,0,False,,
EVT-001400,LOT-0176,STN-SHP,START,2026-10-05T15:11:00,2026-10-05T15:13:00,CA2,,,,200,200,0,False,,
EVT-001401,LOT-0177,STN-INB,START,2026-10-05T07:36:00,2026-10-05T07:38:00,CA1,,,,200,200,0,False,,
EVT-001402,LOT-0177,STN-M1,START,2026-10-05T07:38:30,2026-10-05T07:40:30,CA1,,,3.6,200,200,0,False,,
EVT-001403,LOT-0177,STN-M2,START,2026-10-05T07:41:00,2026-10-05T07:43:00,CA1,178.3,44.1,,200,200,0,False,,
EVT-001404,LOT-0177,STN-HT,START,2026-10-05T07:43:30,2026-10-05T07:53:30,CA1,177.1,,,200,200,0,False,,
EVT-001405,LOT-0177,STN-AS1,START,2026-10-05T07:54:00,2026-10-05T07:56:00,CA1,,,,200,200,0,False,,
EVT-001406,LOT-0177,STN-T1,START,2026-10-05T07:56:30,2026-10-05T07:58:30,CA1,,,,200,200,0,False,,
EVT-001407,LOT-0177,STN-PK,START,2026-10-05T07:59:00,2026-10-05T08:01:00,CA1,,,,200,200,0,False,,
EVT-001408,LOT-0177,STN-SHP,START,2026-10-05T08:01:30,2026-10-05T08:03:30,CA1,,,,200,200,0,False,,
EVT-001409,LOT-0178,STN-INB,START,2026-10-05T16:24:00,2026-10-05T16:26:00,CA2,,,,200,200,0,False,,
EVT-001410,LOT-0178,STN-M1,START,2026-10-05T16:26:30,2026-10-05T16:28:30,CA2,,,5.4,200,200,0,False,,
EVT-001411,LOT-0178,STN-M2,START,2026-10-05T16:29:00,2026-10-05T16:31:00,CA2,173.1,45.9,,200,200,0,False,,
EVT-001412,LOT-0178,STN-HT,START,2026-10-05T16:31:30,2026-10-05T16:41:30,CA2,179.1,,,200,200,0,False,,
EVT-001413,LOT-0178,STN-AS1,START,2026-10-05T16:42:00,2026-10-05T16:44:00,CA2,,,,200,198,2,True,TEMP_SPIKE,FMEA-M2-001
EVT-001414,LOT-0178,STN-T1,START,2026-10-05T16:44:30,2026-10-05T16:46:30,CA2,,,,200,200,0,False,,
EVT-001415,LOT-0178,STN-PK,START,2026-10-05T16:47:00,2026-10-05T16:49:00,CA2,,,,200,200,0,False,,
EVT-001416,LOT-0178,STN-SHP,START,2026-10-05T16:49:30,2026-10-05T16:51:30,CA2,,,,200,200,0,False,,
EVT-001417,LOT-0179,STN-INB,START,2026-10-05T09:12:00,2026-10-05T09:14:00,CA1,,,,200,200,0,False,,
EVT-001418,LOT-0179,STN-M1,START,2026-10-05T09:14:30,2026-10-05T09:16:30,CA1,,,3.1,200,200,0,False,,
EVT-001419,LOT-0179,STN-HT,START,2026-10-05T09:17:00,2026-10-05T09:27:00,CA1,179.6,,,200,200,0,False,,
EVT-001420,LOT-0179,STN-AS2,START,2026-10-05T09:27:30,2026-10-05T09:29:30,CA1,,,,200,200,0,False,,
EVT-001421,LOT-0179,STN-T1,START,2026-10-05T09:30:00,2026-10-05T09:32:00,CA1,,,,200,200,0,False,,
EVT-001422,LOT-0179,STN-PK,START,2026-10-05T09:32:30,2026-10-05T09:34:30,CA1,,,,200,200,0,False,,
EVT-001423,LOT-0179,STN-SHP,START,2026-10-05T09:35:00,2026-10-05T09:37:00,CA1,,,,200,200,0,False,,
EVT-001424,LOT-0180,STN-INB,START,2026-10-05T18:00:00,2026-10-05T18:02:00,CA2,,,,200,200,0,False,,
EVT-001425,LOT-0180,STN-M1,START,2026-10-05T18:02:30,2026-10-05T18:04:30,CA2,,,4.0,200,200,0,False,,
EVT-001426,LOT-0180,STN-HT,START,2026-10-05T18:05:00,2026-10-05T18:15:00,CA2,178.5,,,200,200,0,False,,
EVT-001427,LOT-0180,STN-AS2,START,2026-10-05T18:15:30,2026-10-05T18:17:30,CA2,,,,200,200,0,False,,
EVT-001428,LOT-0180,STN-T1,START,2026-10-05T18:18:00,2026-10-05T18:20:00,CA2,,,,200,200,0,False,,
EVT-001429,LOT-0180,STN-PK,START,2026-10-05T18:20:30,2026-10-05T18:22:30,CA2,,,,200,200,0,False,,
EVT-001430,LOT-0180,STN-SHP,START,2026-10-05T18:23:00,2026-10-05T18:25:00,CA2,,,,200,200,0,False,,
EVT-001431,LOT-0181,STN-INB,START,2026-10-05T10:48:00,2026-10-05T10:50:00,CA1,,,,200,200,0,False,,
EVT-001432,LOT-0181,STN-M1,START,2026-10-05T10:50:30,2026-10-05T10:52:30,CA1,,,2.5,200,200,0,False,,
EVT-001433,LOT-0181,STN-M2,START,2026-10-05T10:53:00,2026-10-05T10:55:00,CA1,178.5,47.2,,200,200,0,False,,
EVT-001434,LOT-0181,STN-HT,START,2026-10-05T10:55:30,2026-10-05T11:05:30,CA1,177.6,,,200,200,0,False,,
EVT-001435,LOT-0181,STN-AS1,START,2026-10-05T11:06:00,2026-10-05T11:08:00,CA1,,,,200,200,0,False,,
EVT-001436,LOT-0181,STN-T1,START,2026-10-05T11:08:30,2026-10-05T11:10:30,CA1,,,,200,200,0,False,,
EVT-001437,LOT-0181,STN-PK,START,2026-10-05T11:11:00,2026-10-05T11:13:00,CA1,,,,200,200,0,False,,
EVT-001438,LOT-0181,STN-SHP,START,2026-10-05T11:13:30,2026-10-05T11:15:30,CA1,,,,200,200,0,False,,
EVT-001439,LOT-0182,STN-INB,START,2026-10-05T19:36:00,2026-10-05T19:38:00,CA2,,,,200,200,0,False,,
EVT-001440,LOT-0182,STN-M1,START,2026-10-05T19:38:30,2026-10-05T19:40:30,CA2,,,3.3,200,200,0,False,,
EVT-001441,LOT-0182,STN-M2,START,2026-10-05T19:41:00,2026-10-05T19:43:00,CA2,179.3,46.0,,200,200,0,False,,
EVT-001442,LOT-0182,STN-HT,START,2026-10-05T19:43:30,2026-10-05T19:53:30,CA2,177.2,,,200,200,0,False,,
EVT-001443,LOT-0182,STN-AS1,START,2026-10-05T19:54:00,2026-10-05T19:56:00,CA2,,,,200,200,0,False,,
EVT-001444,LOT-0182,STN-T1,START,2026-10-05T19:56:30,2026-10-05T19:58:30,CA2,,,,200,198,2,True,FORCE_DROP,FMEA-M2-001
EVT-001445,LOT-0182,STN-PK,START,2026-10-05T19:59:00,2026-10-05T20:01:00,CA2,,,,200,200,0,False,,
EVT-001446,LOT-0182,STN-SHP,START,2026-10-05T20:01:30,2026-10-05T20:03:30,CA2,,,,200,200,0,False,,
EVT-001447,LOT-0183,STN-INB,START,2026-10-05T06:00:00,2026-10-05T06:02:00,CA1,,,,200,200,0,False,,
EVT-001448,LOT-0183,STN-M1,START,2026-10-05T06:02:30,2026-10-05T06:04:30,CA1,,,2.7,200,200,0,False,,
EVT-001449,LOT-0183,STN-HT,START,2026-10-05T06:05:00,2026-10-05T06:15:00,CA1,184.3,,,200,200,0,False,,
EVT-001450,LOT-0183,STN-AS2,START,2026-10-05T06:15:30,2026-10-05T06:17:30,CA1,,,,200,200,0,False,,
EVT-001451,LOT-0183,STN-T1,START,2026-10-05T06:18:00,2026-10-05T06:20:00,CA1,,,,200,200,0,False,,
EVT-001452,LOT-0183,STN-PK,START,2026-10-05T06:20:30,2026-10-05T06:22:30,CA1,,,,200,200,0,False,,
EVT-001453,LOT-0183,STN-SHP,START,2026-10-05T06:23:00,2026-10-05T06:25:00,CA1,,,,200,200,0,False,,
EVT-001454,LOT-0184,STN-INB,START,2026-10-05T14:48:00,2026-10-05T14:50:00,CA2,,,,200,200,0,False,,
EVT-001455,LOT-0184,STN-M1,START,2026-10-05T14:50:30,2026-10-05T14:52:30,CA2,,,4.2,200,200,0,False,,
EVT-001456,LOT-0184,STN-HT,START,2026-10-05T14:53:00,2026-10-05T15:03:00,CA2,175.3,,,200,200,0,False,,
EVT-001457,LOT-0184,STN-AS2,START,2026-10-05T15:03:30,2026-10-05T15:05:30,CA2,,,,200,200,0,False,,
EVT-001458,LOT-0184,STN-T1,START,2026-10-05T15:06:00,2026-10-05T15:08:00,CA2,,,,200,200,0,False,,
EVT-001459,LOT-0184,STN-PK,START,2026-10-05T15:08:30,2026-10-05T15:10:30,CA2,,,,200,200,0,False,,
EVT-001460,LOT-0184,STN-SHP,START,2026-10-05T15:11:00,2026-10-05T15:13:00,CA2,,,,200,200,0,False,,
EVT-001461,LOT-0185,STN-INB,START,2026-10-05T07:36:00,2026-10-05T07:38:00,CA1,,,,200,200,0,False,,
EVT-001462,LOT-0185,STN-M1,START,2026-10-05T07:38:30,2026-10-05T07:40:30,CA1,,,4.1,200,200,0,False,,
EVT-001463,LOT-0185,STN-M2,START,2026-10-05T07:41:00,2026-10-05T07:43:00,CA1,184.8,43.9,,200,200,0,False,,
EVT-001464,LOT-0185,STN-HT,START,2026-10-05T07:43:30,2026-10-05T07:53:30,CA1,172.9,,,200,200,0,False,,
EVT-001465,LOT-0185,STN-AS1,START,2026-10-05T07:54:00,2026-10-05T07:56:00,CA1,,,,200,200,0,False,,
EVT-001466,LOT-0185,STN-T1,START,2026-10-05T07:56:30,2026-10-05T07:58:30,CA1,,,,200,200,0,False,,
EVT-001467,LOT-0185,STN-PK,START,2026-10-05T07:59:00,2026-10-05T08:01:00,CA1,,,,200,200,0,False,,
EVT-001468,LOT-0185,STN-SHP,START,2026-10-05T08:01:30,2026-10-05T08:03:30,CA1,,,,200,200,0,False,,
EVT-001469,LOT-0186,STN-INB,START,2026-10-05T16:24:00,2026-10-05T16:26:00,CA2,,,,200,200,0,False,,
EVT-001470,LOT-0186,STN-M1,START,2026-10-05T16:26:30,2026-10-05T16:28:30,CA2,,,3.7,200,200,0,False,,
EVT-001471,LOT-0186,STN-M2,START,2026-10-05T16:29:00,2026-10-05T16:31:00,CA2,183.1,46.3,,200,198,2,True,FORCE_DROP,FMEA-M2-001
EVT-001472,LOT-0186,STN-HT,START,2026-10-05T16:31:30,2026-10-05T16:41:30,CA2,186.1,,,200,200,0,False,,
EVT-001473,LOT-0186,STN-AS1,START,2026-10-05T16:42:00,2026-10-05T16:44:00,CA2,,,,200,200,0,False,,
EVT-001474,LOT-0186,STN-T1,START,2026-10-05T16:44:30,2026-10-05T16:46:30,CA2,,,,200,200,0,False,,
EVT-001475,LOT-0186,STN-PK,START,2026-10-05T16:47:00,2026-10-05T16:49:00,CA2,,,,200,200,0,False,,
EVT-001476,LOT-0186,STN-SHP,START,2026-10-05T16:49:30,2026-10-05T16:51:30,CA2,,,,200,200,0,False,,
EVT-001477,LOT-0187,STN-INB,START,2026-10-05T09:12:00,2026-10-05T09:14:00,CA1,,,,200,200,0,False,,
EVT-001478,LOT-0187,STN-M1,START,2026-10-05T09:14:30,2026-10-05T09:16:30,CA1,,,5.1,200,200,0,False,,
EVT-001479,LOT-0187,STN-HT,START,2026-10-05T09:17:00,2026-10-05T09:27:00,CA1,181.9,,,200,200,0,False,,
EVT-001480,LOT-0187,STN-AS2,START,2026-10-05T09:27:30,2026-10-05T09:29:30,CA1,,,,200,200,0,False,,
EVT-001481,LOT-0187,STN-T1,START,2026-10-05T09:30:00,2026-10-05T09:32:00,CA1,,,,200,200,0,False,,
EVT-001482,LOT-0187,STN-PK,START,2026-10-05T09:32:30,2026-10-05T09:34:30,CA1,,,,200,200,0,False,,
EVT-001483,LOT-0187,STN-SHP,START,2026-10-05T09:35:00,2026-10-05T09:37:00,CA1,,,,200,200,0,False,,
EVT-001484,LOT-0188,STN-INB,START,2026-10-05T18:00:00,2026-10-05T18:02:00,CA2,,,,200,200,0,False,,
EVT-001485,LOT-0188,STN-M1,START,2026-10-05T18:02:30,2026-10-05T18:04:30,CA2,,,3.9,200,200,0,False,,
EVT-001486,LOT-0188,STN-HT,START,2026-10-05T18:05:00,2026-10-05T18:15:00,CA2,178.4,,,200,200,0,False,,
EVT-001487,LOT-0188,STN-AS2,START,2026-10-05T18:15:30,2026-10-05T18:17:30,CA2,,,,200,200,0,False,,
EVT-001488,LOT-0188,STN-T1,START,2026-10-05T18:18:00,2026-10-05T18:20:00,CA2,,,,200,200,0,False,,
EVT-001489,LOT-0188,STN-PK,START,2026-10-05T18:20:30,2026-10-05T18:22:30,CA2,,,,200,200,0,False,,
EVT-001490,LOT-0188,STN-SHP,START,2026-10-05T18:23:00,2026-10-05T18:25:00,CA2,,,,200,200,0,False,,
EVT-001491,LOT-0189,STN-INB,START,2026-10-05T10:48:00,2026-10-05T10:50:00,CA1,,,,200,200,0,False,,
EVT-001492,LOT-0189,STN-M1,START,2026-10-05T10:50:30,2026-10-05T10:52:30,CA1,,,2.9,200,200,0,False,,
EVT-001493,LOT-0189,STN-M2,START,2026-10-05T10:53:00,2026-10-05T10:55:00,CA1,177.9,44.6,,200,200,0,False,,
EVT-001494,LOT-0189,STN-HT,START,2026-10-05T10:55:30,2026-10-05T11:05:30,CA1,171.8,,,200,200,0,False,,
EVT-001495,LOT-0189,STN-AS1,START,2026-10-05T11:06:00,2026-10-05T11:08:00,CA1,,,,200,200,0,False,,
EVT-001496,LOT-0189,STN-T1,START,2026-10-05T11:08:30,2026-10-05T11:10:30,CA1,,,,200,200,0,False,,
EVT-001497,LOT-0189,STN-PK,START,2026-10-05T11:11:00,2026-10-05T11:13:00,CA1,,,,200,200,0,False,,
EVT-001498,LOT-0189,STN-SHP,START,2026-10-05T11:13:30,2026-10-05T11:15:30,CA1,,,,200,200,0,False,,
EVT-001499,LOT-0190,STN-INB,START,2026-10-05T19:36:00,2026-10-05T19:38:00,CA2,,,,200,198,2,True,TOOL_VIBRATION,FMEA-M2-001
EVT-001500,LOT-0190,STN-M1,START,2026-10-05T19:38:30,2026-10-05T19:40:30,CA2,,,3.8,200,200,0,False,,
EVT-001501,LOT-0190,STN-M2,START,2026-10-05T19:41:00,2026-10-05T19:43:00,CA2,178.9,40.2,,200,200,0,False,,
EVT-001502,LOT-0190,STN-HT,START,2026-10-05T19:43:30,2026-10-05T19:53:30,CA2,173.7,,,200,200,0,False,,
EVT-001503,LOT-0190,STN-AS1,START,2026-10-05T19:54:00,2026-10-05T19:56:00,CA2,,,,200,200,0,False,,
EVT-001504,LOT-0190,STN-T1,START,2026-10-05T19:56:30,2026-10-05T19:58:30,CA2,,,,200,200,0,False,,
EVT-001505,LOT-0190,STN-PK,START,2026-10-05T19:59:00,2026-10-05T20:01:00,CA2,,,,200,200,0,False,,
EVT-001506,LOT-0190,STN-SHP,START,2026-10-05T20:01:30,2026-10-05T20:03:30,CA2,,,,200,200,0,False,,
EVT-001507,LOT-0191,STN-INB,START,2026-10-05T06:00:00,2026-10-05T06:02:00,CA1,,,,200,200,0,False,,
EVT-001508,LOT-0191,STN-M1,START,2026-10-05T06:02:30,2026-10-05T06:04:30,CA1,,,4.5,200,200,0,False,,
EVT-001509,LOT-0191,STN-HT,START,2026-10-05T06:05:00,2026-10-05T06:15:00,CA1,178.3,,,200,200,0,False,,
EVT-001510,LOT-0191,STN-AS2,START,2026-10-05T06:15:30,2026-10-05T06:17:30,CA1,,,,200,198,2,True,FORCE_DROP,FMEA-M2-001
EVT-001511,LOT-0191,STN-T1,START,2026-10-05T06:18:00,2026-10-05T06:20:00,CA1,,,,200,200,0,False,,
EVT-001512,LOT-0191,STN-PK,START,2026-10-05T06:20:30,2026-10-05T06:22:30,CA1,,,,200,200,0,False,,
EVT-001513,LOT-0191,STN-SHP,START,2026-10-05T06:23:00,2026-10-05T06:25:00,CA1,,,,200,200,0,False,,
EVT-001514,LOT-0192,STN-INB,START,2026-10-05T14:48:00,2026-10-05T14:50:00,CA2,,,,200,200,0,False,,
EVT-001515,LOT-0192,STN-M1,START,2026-10-05T14:50:30,2026-10-05T14:52:30,CA2,,,4.1,200,200,0,False,,
EVT-001516,LOT-0192,STN-HT,START,2026-10-05T14:53:00,2026-10-05T15:03:00,CA2,179.0,,,200,200,0,False,,
EVT-001517,LOT-0192,STN-AS2,START,2026-10-05T15:03:30,2026-10-05T15:05:30,CA2,,,,200,200,0,False,,
EVT-001518,LOT-0192,STN-T1,START,2026-10-05T15:06:00,2026-10-05T15:08:00,CA2,,,,200,200,0,False,,
EVT-001519,LOT-0192,STN-PK,START,2026-10-05T15:08:30,2026-10-05T15:10:30,CA2,,,,200,200,0,False,,
EVT-001520,LOT-0192,STN-SHP,START,2026-10-05T15:11:00,2026-10-05T15:13:00,CA2,,,,200,200,0,False,,
EVT-001521,LOT-0193,STN-INB,START,2026-10-05T07:36:00,2026-10-05T07:38:00,CA1,,,,200,200,0,False,,
EVT-001522,LOT-0193,STN-M1,START,2026-10-05T07:38:30,2026-10-05T07:40:30,CA1,,,4.3,200,200,0,False,,
EVT-001523,LOT-0193,STN-M2,START,2026-10-05T07:41:00,2026-10-05T07:43:00,CA1,179.6,44.2,,200,200,0,False,,
EVT-001524,LOT-0193,STN-HT,START,2026-10-05T07:43:30,2026-10-05T07:53:30,CA1,179.7,,,200,200,0,False,,
EVT-001525,LOT-0193,STN-AS1,START,2026-10-05T07:54:00,2026-10-05T07:56:00,CA1,,,,200,200,0,False,,
EVT-001526,LOT-0193,STN-T1,START,2026-10-05T07:56:30,2026-10-05T07:58:30,CA1,,,,200,200,0,False,,
EVT-001527,LOT-0193,STN-PK,START,2026-10-05T07:59:00,2026-10-05T08:01:00,CA1,,,,200,200,0,False,,
EVT-001528,LOT-0193,STN-SHP,START,2026-10-05T08:01:30,2026-10-05T08:03:30,CA1,,,,200,200,0,False,,
EVT-001529,LOT-0194,STN-INB,START,2026-10-05T16:24:00,2026-10-05T16:26:00,CA2,,,,200,200,0,False,,
EVT-001530,LOT-0194,STN-M1,START,2026-10-05T16:26:30,2026-10-05T16:28:30,CA2,,,1.8,200,200,0,False,,
EVT-001531,LOT-0194,STN-M2,START,2026-10-05T16:29:00,2026-10-05T16:31:00,CA2,175.3,48.6,,200,200,0,False,,
EVT-001532,LOT-0194,STN-HT,START,2026-10-05T16:31:30,2026-10-05T16:41:30,CA2,174.8,,,200,200,0,False,,
EVT-001533,LOT-0194,STN-AS1,START,2026-10-05T16:42:00,2026-10-05T16:44:00,CA2,,,,200,200,0,False,,
EVT-001534,LOT-0194,STN-T1,START,2026-10-05T16:44:30,2026-10-05T16:46:30,CA2,,,,200,200,0,False,,
EVT-001535,LOT-0194,STN-PK,START,2026-10-05T16:47:00,2026-10-05T16:49:00,CA2,,,,200,200,0,False,,
EVT-001536,LOT-0194,STN-SHP,START,2026-10-05T16:49:30,2026-10-05T16:51:30,CA2,,,,200,200,0,False,,
EVT-001537,LOT-0195,STN-INB,START,2026-10-05T09:12:00,2026-10-05T09:14:00,CA1,,,,200,200,0,False,,
EVT-001538,LOT-0195,STN-M1,START,2026-10-05T09:14:30,2026-10-05T09:16:30,CA1,,,4.0,200,200,0,False,,
EVT-001539,LOT-0195,STN-HT,START,2026-10-05T09:17:00,2026-10-05T09:27:00,CA1,174.8,,,200,200,0,False,,
EVT-001540,LOT-0195,STN-AS2,START,2026-10-05T09:27:30,2026-10-05T09:29:30,CA1,,,,200,200,0,False,,
EVT-001541,LOT-0195,STN-T1,START,2026-10-05T09:30:00,2026-10-05T09:32:00,CA1,,,,200,200,0,False,,
EVT-001542,LOT-0195,STN-PK,START,2026-10-05T09:32:30,2026-10-05T09:34:30,CA1,,,,200,200,0,False,,
EVT-001543,LOT-0195,STN-SHP,START,2026-10-05T09:35:00,2026-10-05T09:37:00,CA1,,,,200,200,0,False,,
EVT-001544,LOT-0196,STN-INB,START,2026-10-05T18:00:00,2026-10-05T18:02:00,CA2,,,,200,200,0,False,,
EVT-001545,LOT-0196,STN-M1,START,2026-10-05T18:02:30,2026-10-05T18:04:30,CA2,,,2.7,200,200,0,False,,
EVT-001546,LOT-0196,STN-HT,START,2026-10-05T18:05:00,2026-10-05T18:15:00,CA2,177.7,,,200,200,0,False,,
EVT-001547,LOT-0196,STN-AS2,START,2026-10-05T18:15:30,2026-10-05T18:17:30,CA2,,,,200,200,0,False,,
EVT-001548,LOT-0196,STN-T1,START,2026-10-05T18:18:00,2026-10-05T18:20:00,CA2,,,,200,200,0,False,,
EVT-001549,LOT-0196,STN-PK,START,2026-10-05T18:20:30,2026-10-05T18:22:30,CA2,,,,200,200,0,False,,
EVT-001550,LOT-0196,STN-SHP,START,2026-10-05T18:23:00,2026-10-05T18:25:00,CA2,,,,200,200,0,False,,
EVT-001551,LOT-0197,STN-INB,START,2026-10-05T10:48:00,2026-10-05T10:50:00,CA1,,,,200,200,0,False,,
EVT-001552,LOT-0197,STN-M1,START,2026-10-05T10:50:30,2026-10-05T10:52:30,CA1,,,4.5,200,200,0,False,,
EVT-001553,LOT-0197,STN-M2,START,2026-10-05T10:53:00,2026-10-05T10:55:00,CA1,177.0,45.2,,200,200,0,False,,
EVT-001554,LOT-0197,STN-HT,START,2026-10-05T10:55:30,2026-10-05T11:05:30,CA1,175.6,,,200,200,0,False,,
EVT-001555,LOT-0197,STN-AS1,START,2026-10-05T11:06:00,2026-10-05T11:08:00,CA1,,,,200,200,0,False,,
EVT-001556,LOT-0197,STN-T1,START,2026-10-05T11:08:30,2026-10-05T11:10:30,CA1,,,,200,200,0,False,,
EVT-001557,LOT-0197,STN-PK,START,2026-10-05T11:11:00,2026-10-05T11:13:00,CA1,,,,200,200,0,False,,
EVT-001558,LOT-0197,STN-SHP,START,2026-10-05T11:13:30,2026-10-05T11:15:30,CA1,,,,200,200,0,False,,
EVT-001559,LOT-0198,STN-INB,START,2026-10-05T19:36:00,2026-10-05T19:38:00,CA2,,,,200,200,0,False,,
EVT-001560,LOT-0198,STN-M1,START,2026-10-05T19:38:30,2026-10-05T19:40:30,CA2,,,3.4,200,200,0,False,,
EVT-001561,LOT-0198,STN-M2,START,2026-10-05T19:41:00,2026-10-05T19:43:00,CA2,177.0,42.5,,200,200,0,False,,
EVT-001562,LOT-0198,STN-HT,START,2026-10-05T19:43:30,2026-10-05T19:53:30,CA2,178.1,,,200,200,0,False,,
EVT-001563,LOT-0198,STN-AS1,START,2026-10-05T19:54:00,2026-10-05T19:56:00,CA2,,,,200,200,0,False,,
EVT-001564,LOT-0198,STN-T1,START,2026-10-05T19:56:30,2026-10-05T19:58:30,CA2,,,,200,200,0,False,,
EVT-001565,LOT-0198,STN-PK,START,2026-10-05T19:59:00,2026-10-05T20:01:00,CA2,,,,200,200,0,False,,
EVT-001566,LOT-0198,STN-SHP,START,2026-10-05T20:01:30,2026-10-05T20:03:30,CA2,,,,200,200,0,False,,
EVT-001567,LOT-0199,STN-INB,START,2026-10-05T06:00:00,2026-10-05T06:02:00,CA1,,,,200,200,0,False,,
EVT-001568,LOT-0199,STN-M1,START,2026-10-05T06:02:30,2026-10-05T06:04:30,CA1,,,3.9,200,200,0,False,,
EVT-001569,LOT-0199,STN-HT,START,2026-10-05T06:05:00,2026-10-05T06:15:00,CA1,182.0,,,200,200,0,False,,
EVT-001570,LOT-0199,STN-AS2,START,2026-10-05T06:15:30,2026-10-05T06:17:30,CA1,,,,200,200,0,False,,
EVT-001571,LOT-0199,STN-T1,START,2026-10-05T06:18:00,2026-10-05T06:20:00,CA1,,,,200,200,0,False,,
EVT-001572,LOT-0199,STN-PK,START,2026-10-05T06:20:30,2026-10-05T06:22:30,CA1,,,,200,200,0,False,,
EVT-001573,LOT-0199,STN-SHP,START,2026-10-05T06:23:00,2026-10-05T06:25:00,CA1,,,,200,200,0,False,,
EVT-001574,LOT-0200,STN-INB,START,2026-10-05T14:48:00,2026-10-05T14:50:00,CA2,,,,200,200,0,False,,
EVT-001575,LOT-0200,STN-M1,START,2026-10-05T14:50:30,2026-10-05T14:52:30,CA2,,,2.4,200,200,0,False,,
EVT-001576,LOT-0200,STN-HT,START,2026-10-05T14:53:00,2026-10-05T15:03:00,CA2,178.3,,,200,200,0,False,,
EVT-001577,LOT-0200,STN-AS2,START,2026-10-05T15:03:30,2026-10-05T15:05:30,CA2,,,,200,200,0,False,,
EVT-001578,LOT-0200,STN-T1,START,2026-10-05T15:06:00,2026-10-05T15:08:00,CA2,,,,200,200,0,False,,
EVT-001579,LOT-0200,STN-PK,START,2026-10-05T15:08:30,2026-10-05T15:10:30,CA2,,,,200,200,0,False,,
EVT-001580,LOT-0200,STN-SHP,START,2026-10-05T15:11:00,2026-10-05T15:13:00,CA2,,,,200,200,0,False,,
EVT-001581,LOT-0201,STN-INB,START,2026-10-05T07:36:00,2026-10-05T07:38:00,CA1,,,,200,200,0,False,,
EVT-001582,LOT-0201,STN-M1,START,2026-10-05T07:38:30,2026-10-05T07:40:30,CA1,,,2.4,200,200,0,False,,
EVT-001583,LOT-0201,STN-M2,START,2026-10-05T07:41:00,2026-10-05T07:43:00,CA1,177.9,42.2,,200,200,0,False,,
EVT-001584,LOT-0201,STN-HT,START,2026-10-05T07:43:30,2026-10-05T07:53:30,CA1,173.6,,,200,200,0,False,,
EVT-001585,LOT-0201,STN-AS1,START,2026-10-05T07:54:00,2026-10-05T07:56:00,CA1,,,,200,200,0,False,,
EVT-001586,LOT-0201,STN-T1,START,2026-10-05T07:56:30,2026-10-05T07:58:30,CA1,,,,200,200,0,False,,
EVT-001587,LOT-0201,STN-PK,START,2026-10-05T07:59:00,2026-10-05T08:01:00,CA1,,,,200,200,0,False,,
EVT-001588,LOT-0201,STN-SHP,START,2026-10-05T08:01:30,2026-10-05T08:03:30,CA1,,,,200,200,0,False,,
EVT-001589,LOT-0202,STN-INB,START,2026-10-05T16:24:00,2026-10-05T16:26:00,CA2,,,,200,200,0,False,,
EVT-001590,LOT-0202,STN-M1,START,2026-10-05T16:26:30,2026-10-05T16:28:30,CA2,,,6.1,200,200,0,False,,
EVT-001591,LOT-0202,STN-M2,START,2026-10-05T16:29:00,2026-10-05T16:31:00,CA2,172.6,46.3,,200,200,0,False,,
EVT-001592,LOT-0202,STN-HT,START,2026-10-05T16:31:30,2026-10-05T16:41:30,CA2,176.5,,,200,200,0,False,,
EVT-001593,LOT-0202,STN-AS1,START,2026-10-05T16:42:00,2026-10-05T16:44:00,CA2,,,,200,200,0,False,,
EVT-001594,LOT-0202,STN-T1,START,2026-10-05T16:44:30,2026-10-05T16:46:30,CA2,,,,200,200,0,False,,
EVT-001595,LOT-0202,STN-PK,START,2026-10-05T16:47:00,2026-10-05T16:49:00,CA2,,,,200,200,0,False,,
EVT-001596,LOT-0202,STN-SHP,START,2026-10-05T16:49:30,2026-10-05T16:51:30,CA2,,,,200,200,0,False,,
EVT-001597,LOT-0203,STN-INB,START,2026-10-05T09:12:00,2026-10-05T09:14:00,CA1,,,,200,200,0,False,,
EVT-001598,LOT-0203,STN-M1,START,2026-10-05T09:14:30,2026-10-05T09:16:30,CA1,,,3.7,200,200,0,False,,
EVT-001599,LOT-0203,STN-HT,START,2026-10-05T09:17:00,2026-10-05T09:27:00,CA1,181.8,,,200,200,0,False,,
EVT-001600,LOT-0203,STN-AS2,START,2026-10-05T09:27:30,2026-10-05T09:29:30,CA1,,,,200,200,0,False,,
EVT-001601,LOT-0203,STN-T1,START,2026-10-05T09:30:00,2026-10-05T09:32:00,CA1,,,,200,200,0,False,,
EVT-001602,LOT-0203,STN-PK,START,2026-10-05T09:32:30,2026-10-05T09:34:30,CA1,,,,200,200,0,False,,
EVT-001603,LOT-0203,STN-SHP,START,2026-10-05T09:35:00,2026-10-05T09:37:00,CA1,,,,200,200,0,False,,
EVT-001604,LOT-0204,STN-INB,START,2026-10-06T06:00:00,2026-10-06T06:02:00,CA1,,,,200,200,0,False,,
EVT-001605,LOT-0204,STN-M1,START,2026-10-06T06:02:30,2026-10-06T06:04:30,CA1,,,2.6,200,200,0,False,,
EVT-001606,LOT-0204,STN-HT,START,2026-10-06T06:05:00,2026-10-06T06:15:00,CA1,181.2,,,200,200,0,False,,
EVT-001607,LOT-0204,STN-AS2,START,2026-10-06T06:15:30,2026-10-06T06:17:30,CA1,,,,200,200,0,False,,
EVT-001608,LOT-0204,STN-T1,START,2026-10-06T06:18:00,2026-10-06T06:20:00,CA1,,,,200,200,0,False,,
EVT-001609,LOT-0204,STN-PK,START,2026-10-06T06:20:30,2026-10-06T06:22:30,CA1,,,,200,200,0,False,,
EVT-001610,LOT-0204,STN-SHP,START,2026-10-06T06:23:00,2026-10-06T06:25:00,CA1,,,,200,200,0,False,,
EVT-001611,LOT-0205,STN-INB,START,2026-10-06T14:48:00,2026-10-06T14:50:00,CA2,,,,200,200,0,False,,
EVT-001612,LOT-0205,STN-M1,START,2026-10-06T14:50:30,2026-10-06T14:52:30,CA2,,,5.2,200,200,0,False,,
EVT-001613,LOT-0205,STN-M2,START,2026-10-06T14:53:00,2026-10-06T14:55:00,CA2,182.7,43.9,,200,200,0,False,,
EVT-001614,LOT-0205,STN-HT,START,2026-10-06T14:55:30,2026-10-06T15:05:30,CA2,177.9,,,200,200,0,False,,
EVT-001615,LOT-0205,STN-AS1,START,2026-10-06T15:06:00,2026-10-06T15:08:00,CA2,,,,200,200,0,False,,
EVT-001616,LOT-0205,STN-T1,START,2026-10-06T15:08:30,2026-10-06T15:10:30,CA2,,,,200,200,0,False,,
EVT-001617,LOT-0205,STN-PK,START,2026-10-06T15:11:00,2026-10-06T15:13:00,CA2,,,,200,200,0,False,,
EVT-001618,LOT-0205,STN-SHP,START,2026-10-06T15:13:30,2026-10-06T15:15:30,CA2,,,,200,200,0,False,,
EVT-001619,LOT-0206,STN-INB,START,2026-10-06T07:36:00,2026-10-06T07:38:00,CA1,,,,200,198,2,True,TOOL_VIBRATION,FMEA-M2-001
EVT-001620,LOT-0206,STN-M1,START,2026-10-06T07:38:30,2026-10-06T07:40:30,CA1,,,3.9,200,200,0,False,,
EVT-001621,LOT-0206,STN-M2,START,2026-10-06T07:41:00,2026-10-06T07:43:00,CA1,177.9,45.5,,200,200,0,False,,
EVT-001622,LOT-0206,STN-HT,START,2026-10-06T07:43:30,2026-10-06T07:53:30,CA1,181.1,,,200,200,0,False,,
EVT-001623,LOT-0206,STN-AS1,START,2026-10-06T07:54:00,2026-10-06T07:56:00,CA1,,,,200,200,0,False,,
EVT-001624,LOT-0206,STN-T1,START,2026-10-06T07:56:30,2026-10-06T07:58:30,CA1,,,,200,200,0,False,,
EVT-001625,LOT-0206,STN-PK,START,2026-10-06T07:59:00,2026-10-06T08:01:00,CA1,,,,200,200,0,False,,
EVT-001626,LOT-0206,STN-SHP,START,2026-10-06T08:01:30,2026-10-06T08:03:30,CA1,,,,200,200,0,False,,
EVT-001627,LOT-0207,STN-INB,START,2026-10-06T16:24:00,2026-10-06T16:26:00,CA2,,,,200,200,0,False,,
EVT-001628,LOT-0207,STN-M1,START,2026-10-06T16:26:30,2026-10-06T16:28:30,CA2,,,4.6,200,200,0,False,,
EVT-001629,LOT-0207,STN-HT,START,2026-10-06T16:29:00,2026-10-06T16:39:00,CA2,178.7,,,200,200,0,False,,
EVT-001630,LOT-0207,STN-AS2,START,2026-10-06T16:39:30,2026-10-06T16:41:30,CA2,,,,200,200,0,False,,
EVT-001631,LOT-0207,STN-T1,START,2026-10-06T16:42:00,2026-10-06T16:44:00,CA2,,,,200,200,0,False,,
EVT-001632,LOT-0207,STN-PK,START,2026-10-06T16:44:30,2026-10-06T16:46:30,CA2,,,,200,200,0,False,,
EVT-001633,LOT-0207,STN-SHP,START,2026-10-06T16:47:00,2026-10-06T16:49:00,CA2,,,,200,200,0,False,,
EVT-001634,LOT-0208,STN-INB,START,2026-10-06T09:12:00,2026-10-06T09:14:00,CA1,,,,200,200,0,False,,
EVT-001635,LOT-0208,STN-M1,START,2026-10-06T09:14:30,2026-10-06T09:16:30,CA1,,,4.7,200,200,0,False,,
EVT-001636,LOT-0208,STN-HT,START,2026-10-06T09:17:00,2026-10-06T09:27:00,CA1,177.4,,,200,200,0,False,,
EVT-001637,LOT-0208,STN-AS2,START,2026-10-06T09:27:30,2026-10-06T09:29:30,CA1,,,,200,200,0,False,,
EVT-001638,LOT-0208,STN-T1,START,2026-10-06T09:30:00,2026-10-06T09:32:00,CA1,,,,200,200,0,False,,
EVT-001639,LOT-0208,STN-PK,START,2026-10-06T09:32:30,2026-10-06T09:34:30,CA1,,,,200,200,0,False,,
EVT-001640,LOT-0208,STN-SHP,START,2026-10-06T09:35:00,2026-10-06T09:37:00,CA1,,,,200,200,0,False,,
EVT-001641,LOT-0209,STN-INB,START,2026-10-06T18:00:00,2026-10-06T18:02:00,CA2,,,,200,200,0,False,,
EVT-001642,LOT-0209,STN-M1,START,2026-10-06T18:02:30,2026-10-06T18:04:30,CA2,,,3.5,200,200,0,False,,
EVT-001643,LOT-0209,STN-M2,START,2026-10-06T18:05:00,2026-10-06T18:07:00,CA2,176.8,46.9,,200,200,0,False,,
EVT-001644,LOT-0209,STN-HT,START,2026-10-06T18:07:30,2026-10-06T18:17:30,CA2,181.3,,,200,200,0,False,,
EVT-001645,LOT-0209,STN-AS1,START,2026-10-06T18:18:00,2026-10-06T18:20:00,CA2,,,,200,200,0,False,,
EVT-001646,LOT-0209,STN-T1,START,2026-10-06T18:20:30,2026-10-06T18:22:30,CA2,,,,200,200,0,False,,
EVT-001647,LOT-0209,STN-PK,START,2026-10-06T18:23:00,2026-10-06T18:25:00,CA2,,,,200,200,0,False,,
EVT-001648,LOT-0209,STN-SHP,START,2026-10-06T18:25:30,2026-10-06T18:27:30,CA2,,,,200,200,0,False,,
EVT-001649,LOT-0210,STN-INB,START,2026-10-06T10:48:00,2026-10-06T10:50:00,CA1,,,,200,200,0,False,,
EVT-001650,LOT-0210,STN-M1,START,2026-10-06T10:50:30,2026-10-06T10:52:30,CA1,,,4.5,200,200,0,False,,
EVT-001651,LOT-0210,STN-M2,START,2026-10-06T10:53:00,2026-10-06T10:55:00,CA1,179.5,46.0,,200,200,0,False,,
EVT-001652,LOT-0210,STN-HT,START,2026-10-06T10:55:30,2026-10-06T11:05:30,CA1,180.1,,,200,200,0,False,,
EVT-001653,LOT-0210,STN-AS1,START,2026-10-06T11:06:00,2026-10-06T11:08:00,CA1,,,,200,200,0,False,,
EVT-001654,LOT-0210,STN-T1,START,2026-10-06T11:08:30,2026-10-06T11:10:30,CA1,,,,200,200,0,False,,
EVT-001655,LOT-0210,STN-PK,START,2026-10-06T11:11:00,2026-10-06T11:13:00,CA1,,,,200,200,0,False,,
EVT-001656,LOT-0210,STN-SHP,START,2026-10-06T11:13:30,2026-10-06T11:15:30,CA1,,,,200,200,0,False,,
EVT-001657,LOT-0211,STN-INB,START,2026-10-06T19:36:00,2026-10-06T19:38:00,CA2,,,,200,200,0,False,,
EVT-001658,LOT-0211,STN-M1,START,2026-10-06T19:38:30,2026-10-06T19:40:30,CA2,,,3.5,200,200,0,False,,
EVT-001659,LOT-0211,STN-HT,START,2026-10-06T19:41:00,2026-10-06T19:51:00,CA2,175.4,,,200,200,0,False,,
EVT-001660,LOT-0211,STN-AS2,START,2026-10-06T19:51:30,2026-10-06T19:53:30,CA2,,,,200,200,0,False,,
EVT-001661,LOT-0211,STN-T1,START,2026-10-06T19:54:00,2026-10-06T19:56:00,CA2,,,,200,200,0,False,,
EVT-001662,LOT-0211,STN-PK,START,2026-10-06T19:56:30,2026-10-06T19:58:30,CA2,,,,200,200,0,False,,
EVT-001663,LOT-0211,STN-SHP,START,2026-10-06T19:59:00,2026-10-06T20:01:00,CA2,,,,200,200,0,False,,
EVT-001664,LOT-0212,STN-INB,START,2026-10-06T06:00:00,2026-10-06T06:02:00,CA1,,,,200,200,0,False,,
EVT-001665,LOT-0212,STN-M1,START,2026-10-06T06:02:30,2026-10-06T06:04:30,CA1,,,3.5,200,200,0,False,,
EVT-001666,LOT-0212,STN-HT,START,2026-10-06T06:05:00,2026-10-06T06:15:00,CA1,179.8,,,200,200,0,False,,
EVT-001667,LOT-0212,STN-AS2,START,2026-10-06T06:15:30,2026-10-06T06:17:30,CA1,,,,200,200,0,False,,
EVT-001668,LOT-0212,STN-T1,START,2026-10-06T06:18:00,2026-10-06T06:20:00,CA1,,,,200,200,0,False,,
EVT-001669,LOT-0212,STN-PK,START,2026-10-06T06:20:30,2026-10-06T06:22:30,CA1,,,,200,200,0,False,,
EVT-001670,LOT-0212,STN-SHP,START,2026-10-06T06:23:00,2026-10-06T06:25:00,CA1,,,,200,200,0,False,,
EVT-001671,LOT-0213,STN-INB,START,2026-10-06T14:48:00,2026-10-06T14:50:00,CA2,,,,200,200,0,False,,
EVT-001672,LOT-0213,STN-M1,START,2026-10-06T14:50:30,2026-10-06T14:52:30,CA2,,,1.9,200,200,0,False,,
EVT-001673,LOT-0213,STN-M2,START,2026-10-06T14:53:00,2026-10-06T14:55:00,CA2,175.7,46.7,,200,200,0,False,,
EVT-001674,LOT-0213,STN-HT,START,2026-10-06T14:55:30,2026-10-06T15:05:30,CA2,176.1,,,200,200,0,False,,
EVT-001675,LOT-0213,STN-AS1,START,2026-10-06T15:06:00,2026-10-06T15:08:00,CA2,,,,200,200,0,False,,
EVT-001676,LOT-0213,STN-T1,START,2026-10-06T15:08:30,2026-10-06T15:10:30,CA2,,,,200,200,0,False,,
EVT-001677,LOT-0213,STN-PK,START,2026-10-06T15:11:00,2026-10-06T15:13:00,CA2,,,,200,200,0,False,,
EVT-001678,LOT-0213,STN-SHP,START,2026-10-06T15:13:30,2026-10-06T15:15:30,CA2,,,,200,200,0,False,,
EVT-001679,LOT-0214,STN-INB,START,2026-10-06T07:36:00,2026-10-06T07:38:00,CA1,,,,200,200,0,False,,
EVT-001680,LOT-0214,STN-M1,START,2026-10-06T07:38:30,2026-10-06T07:40:30,CA1,,,3.6,200,200,0,False,,
EVT-001681,LOT-0214,STN-M2,START,2026-10-06T07:41:00,2026-10-06T07:43:00,CA1,178.8,43.3,,200,200,0,False,,
EVT-001682,LOT-0214,STN-HT,START,2026-10-06T07:43:30,2026-10-06T07:53:30,CA1,179.0,,,200,200,0,False,,
EVT-001683,LOT-0214,STN-AS1,START,2026-10-06T07:54:00,2026-10-06T07:56:00,CA1,,,,200,200,0,False,,
EVT-001684,LOT-0214,STN-T1,START,2026-10-06T07:56:30,2026-10-06T07:58:30,CA1,,,,200,200,0,False,,
EVT-001685,LOT-0214,STN-PK,START,2026-10-06T07:59:00,2026-10-06T08:01:00,CA1,,,,200,200,0,False,,
EVT-001686,LOT-0214,STN-SHP,START,2026-10-06T08:01:30,2026-10-06T08:03:30,CA1,,,,200,200,0,False,,
EVT-001687,LOT-0215,STN-INB,START,2026-10-06T16:24:00,2026-10-06T16:26:00,CA2,,,,200,200,0,False,,
EVT-001688,LOT-0215,STN-M1,START,2026-10-06T16:26:30,2026-10-06T16:28:30,CA2,,,4.3,200,200,0,False,,
EVT-001689,LOT-0215,STN-HT,START,2026-10-06T16:29:00,2026-10-06T16:39:00,CA2,175.1,,,200,200,0,False,,
EVT-001690,LOT-0215,STN-AS2,START,2026-10-06T16:39:30,2026-10-06T16:41:30,CA2,,,,200,200,0,False,,
EVT-001691,LOT-0215,STN-T1,START,2026-10-06T16:42:00,2026-10-06T16:44:00,CA2,,,,200,200,0,False,,
EVT-001692,LOT-0215,STN-PK,START,2026-10-06T16:44:30,2026-10-06T16:46:30,CA2,,,,200,200,0,False,,
EVT-001693,LOT-0215,STN-SHP,START,2026-10-06T16:47:00,2026-10-06T16:49:00,CA2,,,,200,200,0,False,,
EVT-001694,LOT-0216,STN-INB,START,2026-10-06T09:12:00,2026-10-06T09:14:00,CA1,,,,200,200,0,False,,
EVT-001695,LOT-0216,STN-M1,START,2026-10-06T09:14:30,2026-10-06T09:16:30,CA1,,,1.7,200,200,0,False,,
EVT-001696,LOT-0216,STN-HT,START,2026-10-06T09:17:00,2026-10-06T09:27:00,CA1,177.9,,,200,200,0,False,,
EVT-001697,LOT-0216,STN-AS2,START,2026-10-06T09:27:30,2026-10-06T09:29:30,CA1,,,,200,200,0,False,,
EVT-001698,LOT-0216,STN-T1,START,2026-10-06T09:30:00,2026-10-06T09:32:00,CA1,,,,200,200,0,False,,
EVT-001699,LOT-0216,STN-PK,START,2026-10-06T09:32:30,2026-10-06T09:34:30,CA1,,,,200,200,0,False,,
EVT-001700,LOT-0216,STN-SHP,START,2026-10-06T09:35:00,2026-10-06T09:37:00,CA1,,,,200,200,0,False,,
EVT-001701,LOT-0217,STN-INB,START,2026-10-06T18:00:00,2026-10-06T18:02:00,CA2,,,,200,198,2,True,TOOL_VIBRATION,FMEA-M2-001
EVT-001702,LOT-0217,STN-M1,START,2026-10-06T18:02:30,2026-10-06T18:04:30,CA2,,,4.2,200,200,0,False,,
EVT-001703,LOT-0217,STN-M2,START,2026-10-06T18:05:00,2026-10-06T18:07:00,CA2,182.8,43.1,,200,200,0,False,,
EVT-001704,LOT-0217,STN-HT,START,2026-10-06T18:07:30,2026-10-06T18:17:30,CA2,185.3,,,200,200,0,False,,
EVT-001705,LOT-0217,STN-AS1,START,2026-10-06T18:18:00,2026-10-06T18:20:00,CA2,,,,200,200,0,False,,
EVT-001706,LOT-0217,STN-T1,START,2026-10-06T18:20:30,2026-10-06T18:22:30,CA2,,,,200,200,0,False,,
EVT-001707,LOT-0217,STN-PK,START,2026-10-06T18:23:00,2026-10-06T18:25:00,CA2,,,,200,200,0,False,,
EVT-001708,LOT-0217,STN-SHP,START,2026-10-06T18:25:30,2026-10-06T18:27:30,CA2,,,,200,200,0,False,,
EVT-001709,LOT-0218,STN-INB,START,2026-10-06T10:48:00,2026-10-06T10:50:00,CA1,,,,200,200,0,False,,
EVT-001710,LOT-0218,STN-M1,START,2026-10-06T10:50:30,2026-10-06T10:52:30,CA1,,,3.7,200,200,0,False,,
EVT-001711,LOT-0218,STN-M2,START,2026-10-06T10:53:00,2026-10-06T10:55:00,CA1,181.2,44.8,,200,200,0,False,,
EVT-001712,LOT-0218,STN-HT,START,2026-10-06T10:55:30,2026-10-06T11:05:30,CA1,179.9,,,200,200,0,False,,
EVT-001713,LOT-0218,STN-AS1,START,2026-10-06T11:06:00,2026-10-06T11:08:00,CA1,,,,200,200,0,False,,
EVT-001714,LOT-0218,STN-T1,START,2026-10-06T11:08:30,2026-10-06T11:10:30,CA1,,,,200,200,0,False,,
EVT-001715,LOT-0218,STN-PK,START,2026-10-06T11:11:00,2026-10-06T11:13:00,CA1,,,,200,200,0,False,,
EVT-001716,LOT-0218,STN-SHP,START,2026-10-06T11:13:30,2026-10-06T11:15:30,CA1,,,,200,200,0,False,,
EVT-001717,LOT-0219,STN-INB,START,2026-10-06T19:36:00,2026-10-06T19:38:00,CA2,,,,200,200,0,False,,
EVT-001718,LOT-0219,STN-M1,START,2026-10-06T19:38:30,2026-10-06T19:40:30,CA2,,,4.0,200,200,0,False,,
EVT-001719,LOT-0219,STN-HT,START,2026-10-06T19:41:00,2026-10-06T19:51:00,CA2,180.7,,,200,200,0,False,,
EVT-001720,LOT-0219,STN-AS2,START,2026-10-06T19:51:30,2026-10-06T19:53:30,CA2,,,,200,200,0,False,,
EVT-001721,LOT-0219,STN-T1,START,2026-10-06T19:54:00,2026-10-06T19:56:00,CA2,,,,200,200,0,False,,
EVT-001722,LOT-0219,STN-PK,START,2026-10-06T19:56:30,2026-10-06T19:58:30,CA2,,,,200,200,0,False,,
EVT-001723,LOT-0219,STN-SHP,START,2026-10-06T19:59:00,2026-10-06T20:01:00,CA2,,,,200,200,0,False,,
EVT-001724,LOT-0220,STN-INB,START,2026-10-06T06:00:00,2026-10-06T06:02:00,CA1,,,,200,200,0,False,,
EVT-001725,LOT-0220,STN-M1,START,2026-10-06T06:02:30,2026-10-06T06:04:30,CA1,,,5.7,200,200,0,False,,
EVT-001726,LOT-0220,STN-HT,START,2026-10-06T06:05:00,2026-10-06T06:15:00,CA1,176.8,,,200,200,0,False,,
EVT-001727,LOT-0220,STN-AS2,START,2026-10-06T06:15:30,2026-10-06T06:17:30,CA1,,,,200,200,0,False,,
EVT-001728,LOT-0220,STN-T1,START,2026-10-06T06:18:00,2026-10-06T06:20:00,CA1,,,,200,200,0,False,,
EVT-001729,LOT-0220,STN-PK,START,2026-10-06T06:20:30,2026-10-06T06:22:30,CA1,,,,200,200,0,False,,
EVT-001730,LOT-0220,STN-SHP,START,2026-10-06T06:23:00,2026-10-06T06:25:00,CA1,,,,200,200,0,False,,
EVT-001731,LOT-0221,STN-INB,START,2026-10-06T14:48:00,2026-10-06T14:50:00,CA2,,,,200,200,0,False,,
EVT-001732,LOT-0221,STN-M1,START,2026-10-06T14:50:30,2026-10-06T14:52:30,CA2,,,4.8,200,200,0,False,,
EVT-001733,LOT-0221,STN-M2,START,2026-10-06T14:53:00,2026-10-06T14:55:00,CA2,179.9,44.1,,200,198,2,True,FORCE_DROP,FMEA-M2-001
EVT-001734,LOT-0221,STN-HT,START,2026-10-06T14:55:30,2026-10-06T15:05:30,CA2,182.4,,,200,200,0,False,,
EVT-001735,LOT-0221,STN-AS1,START,2026-10-06T15:06:00,2026-10-06T15:08:00,CA2,,,,200,200,0,False,,
EVT-001736,LOT-0221,STN-T1,START,2026-10-06T15:08:30,2026-10-06T15:10:30,CA2,,,,200,200,0,False,,
EVT-001737,LOT-0221,STN-PK,START,2026-10-06T15:11:00,2026-10-06T15:13:00,CA2,,,,200,200,0,False,,
EVT-001738,LOT-0221,STN-SHP,START,2026-10-06T15:13:30,2026-10-06T15:15:30,CA2,,,,200,200,0,False,,
EVT-001739,LOT-0222,STN-INB,START,2026-10-06T07:36:00,2026-10-06T07:38:00,CA1,,,,200,200,0,False,,
EVT-001740,LOT-0222,STN-M1,START,2026-10-06T07:38:30,2026-10-06T07:40:30,CA1,,,4.5,200,200,0,False,,
EVT-001741,LOT-0222,STN-M2,START,2026-10-06T07:41:00,2026-10-06T07:43:00,CA1,182.8,45.8,,200,200,0,False,,
EVT-001742,LOT-0222,STN-HT,START,2026-10-06T07:43:30,2026-10-06T07:53:30,CA1,175.3,,,200,200,0,False,,
EVT-001743,LOT-0222,STN-AS1,START,2026-10-06T07:54:00,2026-10-06T07:56:00,CA1,,,,200,200,0,False,,
EVT-001744,LOT-0222,STN-T1,START,2026-10-06T07:56:30,2026-10-06T07:58:30,CA1,,,,200,200,0,False,,
EVT-001745,LOT-0222,STN-PK,START,2026-10-06T07:59:00,2026-10-06T08:01:00,CA1,,,,200,200,0,False,,
EVT-001746,LOT-0222,STN-SHP,START,2026-10-06T08:01:30,2026-10-06T08:03:30,CA1,,,,200,200,0,False,,
EVT-001747,LOT-0223,STN-INB,START,2026-10-06T16:24:00,2026-10-06T16:26:00,CA2,,,,200,200,0,False,,
EVT-001748,LOT-0223,STN-M1,START,2026-10-06T16:26:30,2026-10-06T16:28:30,CA2,,,2.6,200,200,0,False,,
EVT-001749,LOT-0223,STN-HT,START,2026-10-06T16:29:00,2026-10-06T16:39:00,CA2,173.8,,,200,200,0,False,,
EVT-001750,LOT-0223,STN-AS2,START,2026-10-06T16:39:30,2026-10-06T16:41:30,CA2,,,,200,200,0,False,,
EVT-001751,LOT-0223,STN-T1,START,2026-10-06T16:42:00,2026-10-06T16:44:00,CA2,,,,200,200,0,False,,
EVT-001752,LOT-0223,STN-PK,START,2026-10-06T16:44:30,2026-10-06T16:46:30,CA2,,,,200,200,0,False,,
EVT-001753,LOT-0223,STN-SHP,START,2026-10-06T16:47:00,2026-10-06T16:49:00,CA2,,,,200,200,0,False,,
EVT-001754,LOT-0224,STN-INB,START,2026-10-06T09:12:00,2026-10-06T09:14:00,CA1,,,,200,198,2,True,TEMP_SPIKE,FMEA-M2-001
EVT-001755,LOT-0224,STN-M1,START,2026-10-06T09:14:30,2026-10-06T09:16:30,CA1,,,4.0,200,200,0,False,,
EVT-001756,LOT-0224,STN-HT,START,2026-10-06T09:17:00,2026-10-06T09:27:00,CA1,180.4,,,200,200,0,False,,
EVT-001757,LOT-0224,STN-AS2,START,2026-10-06T09:27:30,2026-10-06T09:29:30,CA1,,,,200,198,2,True,FORCE_DROP,FMEA-M2-001
EVT-001758,LOT-0224,STN-T1,START,2026-10-06T09:30:00,2026-10-06T09:32:00,CA1,,,,200,200,0,False,,
EVT-001759,LOT-0224,STN-PK,START,2026-10-06T09:32:30,2026-10-06T09:34:30,CA1,,,,200,200,0,False,,
EVT-001760,LOT-0224,STN-SHP,START,2026-10-06T09:35:00,2026-10-06T09:37:00,CA1,,,,200,200,0,False,,
EVT-001761,LOT-0225,STN-INB,START,2026-10-06T18:00:00,2026-10-06T18:02:00,CA2,,,,200,198,2,True,FORCE_DROP,FMEA-M2-001
EVT-001762,LOT-0225,STN-M1,START,2026-10-06T18:02:30,2026-10-06T18:04:30,CA2,,,3.4,200,200,0,False,,
EVT-001763,LOT-0225,STN-M2,START,2026-10-06T18:05:00,2026-10-06T18:07:00,CA2,176.5,41.6,,200,200,0,False,,
EVT-001764,LOT-0225,STN-HT,START,2026-10-06T18:07:30,2026-10-06T18:17:30,CA2,177.0,,,200,200,0,False,,
EVT-001765,LOT-0225,STN-AS1,START,2026-10-06T18:18:00,2026-10-06T18:20:00,CA2,,,,200,200,0,False,,
EVT-001766,LOT-0225,STN-T1,START,2026-10-06T18:20:30,2026-10-06T18:22:30,CA2,,,,200,200,0,False,,
EVT-001767,LOT-0225,STN-PK,START,2026-10-06T18:23:00,2026-10-06T18:25:00,CA2,,,,200,200,0,False,,
EVT-001768,LOT-0225,STN-SHP,START,2026-10-06T18:25:30,2026-10-06T18:27:30,CA2,,,,200,200,0,False,,
EVT-001769,LOT-0226,STN-INB,START,2026-10-06T10:48:00,2026-10-06T10:50:00,CA1,,,,200,200,0,False,,
EVT-001770,LOT-0226,STN-M1,START,2026-10-06T10:50:30,2026-10-06T10:52:30,CA1,,,3.2,200,200,0,False,,
EVT-001771,LOT-0226,STN-M2,START,2026-10-06T10:53:00,2026-10-06T10:55:00,CA1,174.1,47.5,,200,200,0,False,,
EVT-001772,LOT-0226,STN-HT,START,2026-10-06T10:55:30,2026-10-06T11:05:30,CA1,175.5,,,200,200,0,False,,
EVT-001773,LOT-0226,STN-AS1,START,2026-10-06T11:06:00,2026-10-06T11:08:00,CA1,,,,200,200,0,False,,
EVT-001774,LOT-0226,STN-T1,START,2026-10-06T11:08:30,2026-10-06T11:10:30,CA1,,,,200,200,0,False,,
EVT-001775,LOT-0226,STN-PK,START,2026-10-06T11:11:00,2026-10-06T11:13:00,CA1,,,,200,200,0,False,,
EVT-001776,LOT-0226,STN-SHP,START,2026-10-06T11:13:30,2026-10-06T11:15:30,CA1,,,,200,200,0,False,,
EVT-001777,LOT-0227,STN-INB,START,2026-10-06T19:36:00,2026-10-06T19:38:00,CA2,,,,200,200,0,False,,
EVT-001778,LOT-0227,STN-M1,START,2026-10-06T19:38:30,2026-10-06T19:40:30,CA2,,,4.0,200,200,0,False,,
EVT-001779,LOT-0227,STN-HT,START,2026-10-06T19:41:00,2026-10-06T19:51:00,CA2,183.8,,,200,200,0,False,,
EVT-001780,LOT-0227,STN-AS2,START,2026-10-06T19:51:30,2026-10-06T19:53:30,CA2,,,,200,200,0,False,,
EVT-001781,LOT-0227,STN-T1,START,2026-10-06T19:54:00,2026-10-06T19:56:00,CA2,,,,200,200,0,False,,
EVT-001782,LOT-0227,STN-PK,START,2026-10-06T19:56:30,2026-10-06T19:58:30,CA2,,,,200,200,0,False,,
EVT-001783,LOT-0227,STN-SHP,START,2026-10-06T19:59:00,2026-10-06T20:01:00,CA2,,,,200,200,0,False,,
EVT-001784,LOT-0228,STN-INB,START,2026-10-06T06:00:00,2026-10-06T06:02:00,CA1,,,,200,200,0,False,,
EVT-001785,LOT-0228,STN-M1,START,2026-10-06T06:02:30,2026-10-06T06:04:30,CA1,,,3.7,200,200,0,False,,
EVT-001786,LOT-0228,STN-HT,START,2026-10-06T06:05:00,2026-10-06T06:15:00,CA1,179.9,,,200,200,0,False,,
EVT-001787,LOT-0228,STN-AS2,START,2026-10-06T06:15:30,2026-10-06T06:17:30,CA1,,,,200,200,0,False,,
EVT-001788,LOT-0228,STN-T1,START,2026-10-06T06:18:00,2026-10-06T06:20:00,CA1,,,,200,200,0,False,,
EVT-001789,LOT-0228,STN-PK,START,2026-10-06T06:20:30,2026-10-06T06:22:30,CA1,,,,200,200,0,False,,
EVT-001790,LOT-0228,STN-SHP,START,2026-10-06T06:23:00,2026-10-06T06:25:00,CA1,,,,200,200,0,False,,
EVT-001791,LOT-0229,STN-INB,START,2026-10-06T14:48:00,2026-10-06T14:50:00,CA2,,,,200,200,0,False,,
EVT-001792,LOT-0229,STN-M1,START,2026-10-06T14:50:30,2026-10-06T14:52:30,CA2,,,4.8,200,200,0,False,,
EVT-001793,LOT-0229,STN-M2,START,2026-10-06T14:53:00,2026-10-06T14:55:00,CA2,182.0,43.7,,200,200,0,False,,
EVT-001794,LOT-0229,STN-HT,START,2026-10-06T14:55:30,2026-10-06T15:05:30,CA2,179.9,,,200,200,0,False,,
EVT-001795,LOT-0229,STN-AS1,START,2026-10-06T15:06:00,2026-10-06T15:08:00,CA2,,,,200,200,0,False,,
EVT-001796,LOT-0229,STN-T1,START,2026-10-06T15:08:30,2026-10-06T15:10:30,CA2,,,,200,200,0,False,,
EVT-001797,LOT-0229,STN-PK,START,2026-10-06T15:11:00,2026-10-06T15:13:00,CA2,,,,200,200,0,False,,
EVT-001798,LOT-0229,STN-SHP,START,2026-10-06T15:13:30,2026-10-06T15:15:30,CA2,,,,200,200,0,False,,
EVT-001799,LOT-0230,STN-INB,START,2026-10-06T07:36:00,2026-10-06T07:38:00,CA1,,,,200,200,0,False,,
EVT-001800,LOT-0230,STN-M1,START,2026-10-06T07:38:30,2026-10-06T07:40:30,CA1,,,4.4,200,200,0,False,,
EVT-001801,LOT-0230,STN-M2,START,2026-10-06T07:41:00,2026-10-06T07:43:00,CA1,178.2,47.2,,200,200,0,False,,
EVT-001802,LOT-0230,STN-HT,START,2026-10-06T07:43:30,2026-10-06T07:53:30,CA1,179.6,,,200,200,0,False,,
EVT-001803,LOT-0230,STN-AS1,START,2026-10-06T07:54:00,2026-10-06T07:56:00,CA1,,,,200,200,0,False,,
EVT-001804,LOT-0230,STN-T1,START,2026-10-06T07:56:30,2026-10-06T07:58:30,CA1,,,,200,200,0,False,,
EVT-001805,LOT-0230,STN-PK,START,2026-10-06T07:59:00,2026-10-06T08:01:00,CA1,,,,200,200,0,False,,
EVT-001806,LOT-0230,STN-SHP,START,2026-10-06T08:01:30,2026-10-06T08:03:30,CA1,,,,200,200,0,False,,
EVT-001807,LOT-0231,STN-INB,START,2026-10-06T16:24:00,2026-10-06T16:26:00,CA2,,,,200,200,0,False,,
EVT-001808,LOT-0231,STN-M1,START,2026-10-06T16:26:30,2026-10-06T16:28:30,CA2,,,3.5,200,200,0,False,,
EVT-001809,LOT-0231,STN-HT,START,2026-10-06T16:29:00,2026-10-06T16:39:00,CA2,180.3,,,200,200,0,False,,
EVT-001810,LOT-0231,STN-AS2,START,2026-10-06T16:39:30,2026-10-06T16:41:30,CA2,,,,200,200,0,False,,
EVT-001811,LOT-0231,STN-T1,START,2026-10-06T16:42:00,2026-10-06T16:44:00,CA2,,,,200,200,0,False,,
EVT-001812,LOT-0231,STN-PK,START,2026-10-06T16:44:30,2026-10-06T16:46:30,CA2,,,,200,200,0,False,,
EVT-001813,LOT-0231,STN-SHP,START,2026-10-06T16:47:00,2026-10-06T16:49:00,CA2,,,,200,200,0,False,,
EVT-001814,LOT-0232,STN-INB,START,2026-10-06T09:12:00,2026-10-06T09:14:00,CA1,,,,200,200,0,False,,
EVT-001815,LOT-0232,STN-M1,START,2026-10-06T09:14:30,2026-10-06T09:16:30,CA1,,,3.6,200,200,0,False,,
EVT-001816,LOT-0232,STN-HT,START,2026-10-06T09:17:00,2026-10-06T09:27:00,CA1,179.2,,,200,200,0,False,,
EVT-001817,LOT-0232,STN-AS2,START,2026-10-06T09:27:30,2026-10-06T09:29:30,CA1,,,,200,200,0,False,,
EVT-001818,LOT-0232,STN-T1,START,2026-10-06T09:30:00,2026-10-06T09:32:00,CA1,,,,200,200,0,False,,
EVT-001819,LOT-0232,STN-PK,START,2026-10-06T09:32:30,2026-10-06T09:34:30,CA1,,,,200,200,0,False,,
EVT-001820,LOT-0232,STN-SHP,START,2026-10-06T09:35:00,2026-10-06T09:37:00,CA1,,,,200,200,0,False,,
EVT-001821,LOT-0233,STN-INB,START,2026-10-07T06:00:00,2026-10-07T06:02:00,CA1,,,,200,200,0,False,,
EVT-001822,LOT-0233,STN-M1,START,2026-10-07T06:02:30,2026-10-07T06:04:30,CA1,,,4.5,200,200,0,False,,
EVT-001823,LOT-0233,STN-M2,START,2026-10-07T06:05:00,2026-10-07T06:07:00,CA1,177.9,40.2,,200,200,0,False,,
EVT-001824,LOT-0233,STN-HT,START,2026-10-07T06:07:30,2026-10-07T06:17:30,CA1,179.8,,,200,200,0,False,,
EVT-001825,LOT-0233,STN-AS1,START,2026-10-07T06:18:00,2026-10-07T06:20:00,CA1,,,,200,200,0,False,,
EVT-001826,LOT-0233,STN-T1,START,2026-10-07T06:20:30,2026-10-07T06:22:30,CA1,,,,200,200,0,False,,
EVT-001827,LOT-0233,STN-PK,START,2026-10-07T06:23:00,2026-10-07T06:25:00,CA1,,,,200,200,0,False,,
EVT-001828,LOT-0233,STN-SHP,START,2026-10-07T06:25:30,2026-10-07T06:27:30,CA1,,,,200,200,0,False,,
EVT-001829,LOT-0234,STN-INB,START,2026-10-07T14:48:00,2026-10-07T14:50:00,CA2,,,,200,200,0,False,,
EVT-001830,LOT-0234,STN-M1,START,2026-10-07T14:50:30,2026-10-07T14:52:30,CA2,,,3.3,200,200,0,False,,
EVT-001831,LOT-0234,STN-M2,START,2026-10-07T14:53:00,2026-10-07T14:55:00,CA2,173.5,44.0,,200,200,0,False,,
EVT-001832,LOT-0234,STN-HT,START,2026-10-07T14:55:30,2026-10-07T15:05:30,CA2,176.3,,,200,198,2,True,TOOL_VIBRATION,FMEA-M2-001
EVT-001833,LOT-0234,STN-AS1,START,2026-10-07T15:06:00,2026-10-07T15:08:00,CA2,,,,200,200,0,False,,
EVT-001834,LOT-0234,STN-T1,START,2026-10-07T15:08:30,2026-10-07T15:10:30,CA2,,,,200,200,0,False,,
EVT-001835,LOT-0234,STN-PK,START,2026-10-07T15:11:00,2026-10-07T15:13:00,CA2,,,,200,200,0,False,,
EVT-001836,LOT-0234,STN-SHP,START,2026-10-07T15:13:30,2026-10-07T15:15:30,CA2,,,,200,200,0,False,,
EVT-001837,LOT-0235,STN-INB,START,2026-10-07T07:36:00,2026-10-07T07:38:00,CA1,,,,200,200,0,False,,
EVT-001838,LOT-0235,STN-M1,START,2026-10-07T07:38:30,2026-10-07T07:40:30,CA1,,,3.4,200,200,0,False,,
EVT-001839,LOT-0235,STN-HT,START,2026-10-07T07:41:00,2026-10-07T07:51:00,CA1,174.3,,,200,200,0,False,,
EVT-001840,LOT-0235,STN-AS2,START,2026-10-07T07:51:30,2026-10-07T07:53:30,CA1,,,,200,200,0,False,,
EVT-001841,LOT-0235,STN-T1,START,2026-10-07T07:54:00,2026-10-07T07:56:00,CA1,,,,200,200,0,False,,
EVT-001842,LOT-0235,STN-PK,START,2026-10-07T07:56:30,2026-10-07T07:58:30,CA1,,,,200,200,0,False,,
EVT-001843,LOT-0235,STN-SHP,START,2026-10-07T07:59:00,2026-10-07T08:01:00,CA1,,,,200,200,0,False,,
EVT-001844,LOT-0236,STN-INB,START,2026-10-07T16:24:00,2026-10-07T16:26:00,CA2,,,,200,200,0,False,,
EVT-001845,LOT-0236,STN-M1,START,2026-10-07T16:26:30,2026-10-07T16:28:30,CA2,,,3.2,200,200,0,False,,
EVT-001846,LOT-0236,STN-HT,START,2026-10-07T16:29:00,2026-10-07T16:39:00,CA2,193.0,,,200,198,2,True,TEMP_SPIKE,FMEA-M2-001
EVT-001847,LOT-0236,STN-AS2,START,2026-10-07T16:39:30,2026-10-07T16:41:30,CA2,,,,200,200,0,False,,
EVT-001848,LOT-0236,STN-T1,START,2026-10-07T16:42:00,2026-10-07T16:44:00,CA2,,,,200,200,0,False,,
EVT-001849,LOT-0236,STN-PK,START,2026-10-07T16:44:30,2026-10-07T16:46:30,CA2,,,,200,200,0,False,,
EVT-001850,LOT-0236,STN-SHP,START,2026-10-07T16:47:00,2026-10-07T16:49:00,CA2,,,,200,200,0,False,,
EVT-001851,LOT-0237,STN-INB,START,2026-10-07T09:12:00,2026-10-07T09:14:00,CA1,,,,200,200,0,False,,
EVT-001852,LOT-0237,STN-M1,START,2026-10-07T09:14:30,2026-10-07T09:16:30,CA1,,,4.9,200,200,0,False,,
EVT-001853,LOT-0237,STN-M2,START,2026-10-07T09:17:00,2026-10-07T09:19:00,CA1,178.2,43.9,,200,200,0,False,,
EVT-001854,LOT-0237,STN-HT,START,2026-10-07T09:19:30,2026-10-07T09:29:30,CA1,173.6,,,200,200,0,False,,
EVT-001855,LOT-0237,STN-AS1,START,2026-10-07T09:30:00,2026-10-07T09:32:00,CA1,,,,200,198,2,True,TEMP_SPIKE,FMEA-M2-001
EVT-001856,LOT-0237,STN-T1,START,2026-10-07T09:32:30,2026-10-07T09:34:30,CA1,,,,200,200,0,False,,
EVT-001857,LOT-0237,STN-PK,START,2026-10-07T09:35:00,2026-10-07T09:37:00,CA1,,,,200,200,0,False,,
EVT-001858,LOT-0237,STN-SHP,START,2026-10-07T09:37:30,2026-10-07T09:39:30,CA1,,,,200,200,0,False,,
EVT-001859,LOT-0238,STN-INB,START,2026-10-07T18:00:00,2026-10-07T18:02:00,CA2,,,,200,200,0,False,,
EVT-001860,LOT-0238,STN-M1,START,2026-10-07T18:02:30,2026-10-07T18:04:30,CA2,,,5.8,200,200,0,False,,
EVT-001861,LOT-0238,STN-M2,START,2026-10-07T18:05:00,2026-10-07T18:07:00,CA2,177.1,41.6,,200,200,0,False,,
EVT-001862,LOT-0238,STN-HT,START,2026-10-07T18:07:30,2026-10-07T18:17:30,CA2,176.7,,,200,200,0,False,,
EVT-001863,LOT-0238,STN-AS1,START,2026-10-07T18:18:00,2026-10-07T18:20:00,CA2,,,,200,200,0,False,,
EVT-001864,LOT-0238,STN-T1,START,2026-10-07T18:20:30,2026-10-07T18:22:30,CA2,,,,200,200,0,False,,
EVT-001865,LOT-0238,STN-PK,START,2026-10-07T18:23:00,2026-10-07T18:25:00,CA2,,,,200,200,0,False,,
EVT-001866,LOT-0238,STN-SHP,START,2026-10-07T18:25:30,2026-10-07T18:27:30,CA2,,,,200,200,0,False,,
EVT-001867,LOT-0239,STN-INB,START,2026-10-07T10:48:00,2026-10-07T10:50:00,CA1,,,,200,200,0,False,,
EVT-001868,LOT-0239,STN-M1,START,2026-10-07T10:50:30,2026-10-07T10:52:30,CA1,,,2.7,200,200,0,False,,
EVT-001869,LOT-0239,STN-HT,START,2026-10-07T10:53:00,2026-10-07T11:03:00,CA1,180.2,,,200,200,0,False,,
EVT-001870,LOT-0239,STN-AS2,START,2026-10-07T11:03:30,2026-10-07T11:05:30,CA1,,,,200,200,0,False,,
EVT-001871,LOT-0239,STN-T1,START,2026-10-07T11:06:00,2026-10-07T11:08:00,CA1,,,,200,200,0,False,,
EVT-001872,LOT-0239,STN-PK,START,2026-10-07T11:08:30,2026-10-07T11:10:30,CA1,,,,200,200,0,False,,
EVT-001873,LOT-0239,STN-SHP,START,2026-10-07T11:11:00,2026-10-07T11:13:00,CA1,,,,200,200,0,False,,
EVT-001874,LOT-0240,STN-INB,START,2026-10-07T19:36:00,2026-10-07T19:38:00,CA2,,,,200,200,0,False,,
EVT-001875,LOT-0240,STN-M1,START,2026-10-07T19:38:30,2026-10-07T19:40:30,CA2,,,1.7,200,200,0,False,,
EVT-001876,LOT-0240,STN-HT,START,2026-10-07T19:41:00,2026-10-07T19:51:00,CA2,175.7,,,200,200,0,False,,
EVT-001877,LOT-0240,STN-AS2,START,2026-10-07T19:51:30,2026-10-07T19:53:30,CA2,,,,200,200,0,False,,
EVT-001878,LOT-0240,STN-T1,START,2026-10-07T19:54:00,2026-10-07T19:56:00,CA2,,,,200,200,0,False,,
EVT-001879,LOT-0240,STN-PK,START,2026-10-07T19:56:30,2026-10-07T19:58:30,CA2,,,,200,200,0,False,,
EVT-001880,LOT-0240,STN-SHP,START,2026-10-07T19:59:00,2026-10-07T20:01:00,CA2,,,,200,200,0,False,,
EVT-001881,LOT-0241,STN-INB,START,2026-10-07T06:00:00,2026-10-07T06:02:00,CA1,,,,200,200,0,False,,
EVT-001882,LOT-0241,STN-M1,START,2026-10-07T06:02:30,2026-10-07T06:04:30,CA1,,,2.1,200,200,0,False,,
EVT-001883,LOT-0241,STN-M2,START,2026-10-07T06:05:00,2026-10-07T06:07:00,CA1,178.6,46.5,,200,200,0,False,,
EVT-001884,LOT-0241,STN-HT,START,2026-10-07T06:07:30,2026-10-07T06:17:30,CA1,173.1,,,200,198,2,True,TOOL_VIBRATION,FMEA-M2-001
EVT-001885,LOT-0241,STN-AS1,START,2026-10-07T06:18:00,2026-10-07T06:20:00,CA1,,,,200,200,0,False,,
EVT-001886,LOT-0241,STN-T1,START,2026-10-07T06:20:30,2026-10-07T06:22:30,CA1,,,,200,200,0,False,,
EVT-001887,LOT-0241,STN-PK,START,2026-10-07T06:23:00,2026-10-07T06:25:00,CA1,,,,200,200,0,False,,
EVT-001888,LOT-0241,STN-SHP,START,2026-10-07T06:25:30,2026-10-07T06:27:30,CA1,,,,200,200,0,False,,
EVT-001889,LOT-0242,STN-INB,START,2026-10-07T14:48:00,2026-10-07T14:50:00,CA2,,,,200,200,0,False,,
EVT-001890,LOT-0242,STN-M1,START,2026-10-07T14:50:30,2026-10-07T14:52:30,CA2,,,3.0,200,200,0,False,,
EVT-001891,LOT-0242,STN-M2,START,2026-10-07T14:53:00,2026-10-07T14:55:00,CA2,180.9,46.4,,200,200,0,False,,
EVT-001892,LOT-0242,STN-HT,START,2026-10-07T14:55:30,2026-10-07T15:05:30,CA2,181.6,,,200,200,0,False,,
EVT-001893,LOT-0242,STN-AS1,START,2026-10-07T15:06:00,2026-10-07T15:08:00,CA2,,,,200,200,0,False,,
EVT-001894,LOT-0242,STN-T1,START,2026-10-07T15:08:30,2026-10-07T15:10:30,CA2,,,,200,200,0,False,,
EVT-001895,LOT-0242,STN-PK,START,2026-10-07T15:11:00,2026-10-07T15:13:00,CA2,,,,200,200,0,False,,
EVT-001896,LOT-0242,STN-SHP,START,2026-10-07T15:13:30,2026-10-07T15:15:30,CA2,,,,200,200,0,False,,
EVT-001897,LOT-0243,STN-INB,START,2026-10-07T07:36:00,2026-10-07T07:38:00,CA1,,,,200,198,2,True,TOOL_VIBRATION,FMEA-M2-001
EVT-001898,LOT-0243,STN-M1,START,2026-10-07T07:38:30,2026-10-07T07:40:30,CA1,,,5.9,200,200,0,False,,
EVT-001899,LOT-0243,STN-HT,START,2026-10-07T07:41:00,2026-10-07T07:51:00,CA1,180.6,,,200,200,0,False,,
EVT-001900,LOT-0243,STN-AS2,START,2026-10-07T07:51:30,2026-10-07T07:53:30,CA1,,,,200,200,0,False,,
EVT-001901,LOT-0243,STN-T1,START,2026-10-07T07:54:00,2026-10-07T07:56:00,CA1,,,,200,200,0,False,,
EVT-001902,LOT-0243,STN-PK,START,2026-10-07T07:56:30,2026-10-07T07:58:30,CA1,,,,200,200,0,False,,
EVT-001903,LOT-0243,STN-SHP,START,2026-10-07T07:59:00,2026-10-07T08:01:00,CA1,,,,200,200,0,False,,
EVT-001904,LOT-0244,STN-INB,START,2026-10-07T16:24:00,2026-10-07T16:26:00,CA2,,,,200,198,2,True,FORCE_DROP,FMEA-M2-001
EVT-001905,LOT-0244,STN-M1,START,2026-10-07T16:26:30,2026-10-07T16:28:30,CA2,,,4.6,200,200,0,False,,
EVT-001906,LOT-0244,STN-HT,START,2026-10-07T16:29:00,2026-10-07T16:39:00,CA2,175.3,,,200,200,0,False,,
EVT-001907,LOT-0244,STN-AS2,START,2026-10-07T16:39:30,2026-10-07T16:41:30,CA2,,,,200,200,0,False,,
EVT-001908,LOT-0244,STN-T1,START,2026-10-07T16:42:00,2026-10-07T16:44:00,CA2,,,,200,200,0,False,,
EVT-001909,LOT-0244,STN-PK,START,2026-10-07T16:44:30,2026-10-07T16:46:30,CA2,,,,200,200,0,False,,
EVT-001910,LOT-0244,STN-SHP,START,2026-10-07T16:47:00,2026-10-07T16:49:00,CA2,,,,200,200,0,False,,
EVT-001911,LOT-0245,STN-INB,START,2026-10-07T09:12:00,2026-10-07T09:14:00,CA1,,,,200,200,0,False,,
EVT-001912,LOT-0245,STN-M1,START,2026-10-07T09:14:30,2026-10-07T09:16:30,CA1,,,2.9,200,200,0,False,,
EVT-001913,LOT-0245,STN-M2,START,2026-10-07T09:17:00,2026-10-07T09:19:00,CA1,176.9,46.4,,200,200,0,False,,
EVT-001914,LOT-0245,STN-HT,START,2026-10-07T09:19:30,2026-10-07T09:29:30,CA1,175.7,,,200,200,0,False,,
EVT-001915,LOT-0245,STN-AS1,START,2026-10-07T09:30:00,2026-10-07T09:32:00,CA1,,,,200,200,0,False,,
EVT-001916,LOT-0245,STN-T1,START,2026-10-07T09:32:30,2026-10-07T09:34:30,CA1,,,,200,200,0,False,,
EVT-001917,LOT-0245,STN-PK,START,2026-10-07T09:35:00,2026-10-07T09:37:00,CA1,,,,200,200,0,False,,
EVT-001918,LOT-0245,STN-SHP,START,2026-10-07T09:37:30,2026-10-07T09:39:30,CA1,,,,200,200,0,False,,
EVT-001919,LOT-0246,STN-INB,START,2026-10-07T18:00:00,2026-10-07T18:02:00,CA2,,,,200,198,2,True,TOOL_VIBRATION,FMEA-M2-001
EVT-001920,LOT-0246,STN-M1,START,2026-10-07T18:02:30,2026-10-07T18:04:30,CA2,,,4.1,200,200,0,False,,
EVT-001921,LOT-0246,STN-M2,START,2026-10-07T18:05:00,2026-10-07T18:07:00,CA2,178.3,46.3,,200,200,0,False,,
EVT-001922,LOT-0246,STN-HT,START,2026-10-07T18:07:30,2026-10-07T18:17:30,CA2,173.5,,,200,200,0,False,,
EVT-001923,LOT-0246,STN-AS1,START,2026-10-07T18:18:00,2026-10-07T18:20:00,CA2,,,,200,200,0,False,,
EVT-001924,LOT-0246,STN-T1,START,2026-10-07T18:20:30,2026-10-07T18:22:30,CA2,,,,200,200,0,False,,
EVT-001925,LOT-0246,STN-PK,START,2026-10-07T18:23:00,2026-10-07T18:25:00,CA2,,,,200,200,0,False,,
EVT-001926,LOT-0246,STN-SHP,START,2026-10-07T18:25:30,2026-10-07T18:27:30,CA2,,,,200,200,0,False,,
EVT-001927,LOT-0247,STN-INB,START,2026-10-07T10:48:00,2026-10-07T10:50:00,CA1,,,,200,200,0,False,,
EVT-001928,LOT-0247,STN-M1,START,2026-10-07T10:50:30,2026-10-07T10:52:30,CA1,,,4.6,200,200,0,False,,
EVT-001929,LOT-0247,STN-HT,START,2026-10-07T10:53:00,2026-10-07T11:03:00,CA1,181.0,,,200,200,0,False,,
EVT-001930,LOT-0247,STN-AS2,START,2026-10-07T11:03:30,2026-10-07T11:05:30,CA1,,,,200,200,0,False,,
EVT-001931,LOT-0247,STN-T1,START,2026-10-07T11:06:00,2026-10-07T11:08:00,CA1,,,,200,200,0,False,,
EVT-001932,LOT-0247,STN-PK,START,2026-10-07T11:08:30,2026-10-07T11:10:30,CA1,,,,200,200,0,False,,
EVT-001933,LOT-0247,STN-SHP,START,2026-10-07T11:11:00,2026-10-07T11:13:00,CA1,,,,200,200,0,False,,
EVT-001934,LOT-0248,STN-INB,START,2026-10-07T19:36:00,2026-10-07T19:38:00,CA2,,,,200,200,0,False,,
EVT-001935,LOT-0248,STN-M1,START,2026-10-07T19:38:30,2026-10-07T19:40:30,CA2,,,2.9,200,200,0,False,,
EVT-001936,LOT-0248,STN-HT,START,2026-10-07T19:41:00,2026-10-07T19:51:00,CA2,174.7,,,200,200,0,False,,
EVT-001937,LOT-0248,STN-AS2,START,2026-10-07T19:51:30,2026-10-07T19:53:30,CA2,,,,200,200,0,False,,
EVT-001938,LOT-0248,STN-T1,START,2026-10-07T19:54:00,2026-10-07T19:56:00,CA2,,,,200,200,0,False,,
EVT-001939,LOT-0248,STN-PK,START,2026-10-07T19:56:30,2026-10-07T19:58:30,CA2,,,,200,200,0,False,,
EVT-001940,LOT-0248,STN-SHP,START,2026-10-07T19:59:00,2026-10-07T20:01:00,CA2,,,,200,200,0,False,,
EVT-001941,LOT-0249,STN-INB,START,2026-10-07T06:00:00,2026-10-07T06:02:00,CA1,,,,200,200,0,False,,
EVT-001942,LOT-0249,STN-M1,START,2026-10-07T06:02:30,2026-10-07T06:04:30,CA1,,,1.1,200,200,0,False,,
EVT-001943,LOT-0249,STN-M2,START,2026-10-07T06:05:00,2026-10-07T06:07:00,CA1,177.8,46.4,,200,200,0,False,,
EVT-001944,LOT-0249,STN-HT,START,2026-10-07T06:07:30,2026-10-07T06:17:30,CA1,180.5,,,200,200,0,False,,
EVT-001945,LOT-0249,STN-AS1,START,2026-10-07T06:18:00,2026-10-07T06:20:00,CA1,,,,200,198,2,True,FORCE_DROP,FMEA-M2-001
EVT-001946,LOT-0249,STN-T1,START,2026-10-07T06:20:30,2026-10-07T06:22:30,CA1,,,,200,198,2,True,TOOL_VIBRATION,FMEA-M2-001
EVT-001947,LOT-0249,STN-PK,START,2026-10-07T06:23:00,2026-10-07T06:25:00,CA1,,,,200,200,0,False,,
EVT-001948,LOT-0249,STN-SHP,START,2026-10-07T06:25:30,2026-10-07T06:27:30,CA1,,,,200,200,0,False,,
EVT-001949,LOT-0250,STN-INB,START,2026-10-07T14:48:00,2026-10-07T14:50:00,CA2,,,,200,200,0,False,,
EVT-001950,LOT-0250,STN-M1,START,2026-10-07T14:50:30,2026-10-07T14:52:30,CA2,,,5.4,200,200,0,False,,
EVT-001951,LOT-0250,STN-M2,START,2026-10-07T14:53:00,2026-10-07T14:55:00,CA2,178.0,40.3,,200,200,0,False,,
EVT-001952,LOT-0250,STN-HT,START,2026-10-07T14:55:30,2026-10-07T15:05:30,CA2,182.0,,,200,200,0,False,,
EVT-001953,LOT-0250,STN-AS1,START,2026-10-07T15:06:00,2026-10-07T15:08:00,CA2,,,,200,200,0,False,,
EVT-001954,LOT-0250,STN-T1,START,2026-10-07T15:08:30,2026-10-07T15:10:30,CA2,,,,200,200,0,False,,
EVT-001955,LOT-0250,STN-PK,START,2026-10-07T15:11:00,2026-10-07T15:13:00,CA2,,,,200,200,0,False,,
EVT-001956,LOT-0250,STN-SHP,START,2026-10-07T15:13:30,2026-10-07T15:15:30,CA2,,,,200,200,0,False,,
EVT-001957,LOT-0251,STN-INB,START,2026-10-07T07:36:00,2026-10-07T07:38:00,CA1,,,,200,200,0,False,,
EVT-001958,LOT-0251,STN-M1,START,2026-10-07T07:38:30,2026-10-07T07:40:30,CA1,,,3.7,200,200,0,False,,
EVT-001959,LOT-0251,STN-HT,START,2026-10-07T07:41:00,2026-10-07T07:51:00,CA1,178.7,,,200,200,0,False,,
EVT-001960,LOT-0251,STN-AS2,START,2026-10-07T07:51:30,2026-10-07T07:53:30,CA1,,,,200,200,0,False,,
EVT-001961,LOT-0251,STN-T1,START,2026-10-07T07:54:00,2026-10-07T07:56:00,CA1,,,,200,200,0,False,,
EVT-001962,LOT-0251,STN-PK,START,2026-10-07T07:56:30,2026-10-07T07:58:30,CA1,,,,200,200,0,False,,
EVT-001963,LOT-0251,STN-SHP,START,2026-10-07T07:59:00,2026-10-07T08:01:00,CA1,,,,200,200,0,False,,
EVT-001964,LOT-0252,STN-INB,START,2026-10-07T16:24:00,2026-10-07T16:26:00,CA2,,,,200,200,0,False,,
EVT-001965,LOT-0252,STN-M1,START,2026-10-07T16:26:30,2026-10-07T16:28:30,CA2,,,3.5,200,200,0,False,,
EVT-001966,LOT-0252,STN-HT,START,2026-10-07T16:29:00,2026-10-07T16:39:00,CA2,178.3,,,200,200,0,False,,
EVT-001967,LOT-0252,STN-AS2,START,2026-10-07T16:39:30,2026-10-07T16:41:30,CA2,,,,200,200,0,False,,
EVT-001968,LOT-0252,STN-T1,START,2026-10-07T16:42:00,2026-10-07T16:44:00,CA2,,,,200,200,0,False,,
EVT-001969,LOT-0252,STN-PK,START,2026-10-07T16:44:30,2026-10-07T16:46:30,CA2,,,,200,198,2,True,TEMP_SPIKE,FMEA-M2-001
EVT-001970,LOT-0252,STN-SHP,START,2026-10-07T16:47:00,2026-10-07T16:49:00,CA2,,,,200,200,0,False,,
EVT-001971,LOT-0253,STN-INB,START,2026-10-07T09:12:00,2026-10-07T09:14:00,CA1,,,,200,200,0,False,,
EVT-001972,LOT-0253,STN-M1,START,2026-10-07T09:14:30,2026-10-07T09:16:30,CA1,,,4.7,200,200,0,False,,
EVT-001973,LOT-0253,STN-M2,START,2026-10-07T09:17:00,2026-10-07T09:19:00,CA1,175.4,43.9,,200,200,0,False,,
EVT-001974,LOT-0253,STN-HT,START,2026-10-07T09:19:30,2026-10-07T09:29:30,CA1,172.9,,,200,200,0,False,,
EVT-001975,LOT-0253,STN-AS1,START,2026-10-07T09:30:00,2026-10-07T09:32:00,CA1,,,,200,200,0,False,,
EVT-001976,LOT-0253,STN-T1,START,2026-10-07T09:32:30,2026-10-07T09:34:30,CA1,,,,200,200,0,False,,
EVT-001977,LOT-0253,STN-PK,START,2026-10-07T09:35:00,2026-10-07T09:37:00,CA1,,,,200,200,0,False,,
EVT-001978,LOT-0253,STN-SHP,START,2026-10-07T09:37:30,2026-10-07T09:39:30,CA1,,,,200,200,0,False,,
EVT-001979,LOT-0254,STN-INB,START,2026-10-07T18:00:00,2026-10-07T18:02:00,CA2,,,,200,200,0,False,,
EVT-001980,LOT-0254,STN-M1,START,2026-10-07T18:02:30,2026-10-07T18:04:30,CA2,,,2.3,200,200,0,False,,
EVT-001981,LOT-0254,STN-M2,START,2026-10-07T18:05:00,2026-10-07T18:07:00,CA2,179.6,44.2,,200,200,0,False,,
EVT-001982,LOT-0254,STN-HT,START,2026-10-07T18:07:30,2026-10-07T18:17:30,CA2,178.8,,,200,200,0,False,,
EVT-001983,LOT-0254,STN-AS1,START,2026-10-07T18:18:00,2026-10-07T18:20:00,CA2,,,,200,200,0,False,,
EVT-001984,LOT-0254,STN-T1,START,2026-10-07T18:20:30,2026-10-07T18:22:30,CA2,,,,200,200,0,False,,
EVT-001985,LOT-0254,STN-PK,START,2026-10-07T18:23:00,2026-10-07T18:25:00,CA2,,,,200,200,0,False,,
EVT-001986,LOT-0254,STN-SHP,START,2026-10-07T18:25:30,2026-10-07T18:27:30,CA2,,,,200,200,0,False,,
EVT-001987,LOT-0255,STN-INB,START,2026-10-07T10:48:00,2026-10-07T10:50:00,CA1,,,,200,200,0,False,,
EVT-001988,LOT-0255,STN-M1,START,2026-10-07T10:50:30,2026-10-07T10:52:30,CA1,,,5.0,200,200,0,False,,
EVT-001989,LOT-0255,STN-HT,START,2026-10-07T10:53:00,2026-10-07T11:03:00,CA1,176.2,,,200,200,0,False,,
EVT-001990,LOT-0255,STN-AS2,START,2026-10-07T11:03:30,2026-10-07T11:05:30,CA1,,,,200,200,0,False,,
EVT-001991,LOT-0255,STN-T1,START,2026-10-07T11:06:00,2026-10-07T11:08:00,CA1,,,,200,200,0,False,,
EVT-001992,LOT-0255,STN-PK,START,2026-10-07T11:08:30,2026-10-07T11:10:30,CA1,,,,200,200,0,False,,
EVT-001993,LOT-0255,STN-SHP,START,2026-10-07T11:11:00,2026-10-07T11:13:00,CA1,,,,200,200,0,False,,
EVT-001994,LOT-0256,STN-INB,START,2026-10-07T19:36:00,2026-10-07T19:38:00,CA2,,,,200,200,0,False,,
EVT-001995,LOT-0256,STN-M1,START,2026-10-07T19:38:30,2026-10-07T19:40:30,CA2,,,2.6,200,200,0,False,,
EVT-001996,LOT-0256,STN-HT,START,2026-10-07T19:41:00,2026-10-07T19:51:00,CA2,175.0,,,200,200,0,False,,
EVT-001997,LOT-0256,STN-AS2,START,2026-10-07T19:51:30,2026-10-07T19:53:30,CA2,,,,200,200,0,False,,
EVT-001998,LOT-0256,STN-T1,START,2026-10-07T19:54:00,2026-10-07T19:56:00,CA2,,,,200,200,0,False,,
EVT-001999,LOT-0256,STN-PK,START,2026-10-07T19:56:30,2026-10-07T19:58:30,CA2,,,,200,200,0,False,,
EVT-002000,LOT-0256,STN-SHP,START,2026-10-07T19:59:00,2026-10-07T20:01:00,CA2,,,,200,200,0,False,,
EVT-002001,LOT-0257,STN-INB,START,2026-10-07T06:00:00,2026-10-07T06:02:00,CA1,,,,200,200,0,False,,
EVT-002002,LOT-0257,STN-M1,START,2026-10-07T06:02:30,2026-10-07T06:04:30,CA1,,,3.7,200,200,0,False,,
EVT-002003,LOT-0257,STN-M2,START,2026-10-07T06:05:00,2026-10-07T06:07:00,CA1,175.6,42.4,,200,200,0,False,,
EVT-002004,LOT-0257,STN-HT,START,2026-10-07T06:07:30,2026-10-07T06:17:30,CA1,180.5,,,200,198,2,True,FORCE_DROP,FMEA-M2-001
EVT-002005,LOT-0257,STN-AS1,START,2026-10-07T06:18:00,2026-10-07T06:20:00,CA1,,,,200,200,0,False,,
EVT-002006,LOT-0257,STN-T1,START,2026-10-07T06:20:30,2026-10-07T06:22:30,CA1,,,,200,200,0,False,,
EVT-002007,LOT-0257,STN-PK,START,2026-10-07T06:23:00,2026-10-07T06:25:00,CA1,,,,200,200,0,False,,
EVT-002008,LOT-0257,STN-SHP,START,2026-10-07T06:25:30,2026-10-07T06:27:30,CA1,,,,200,200,0,False,,
EVT-002009,LOT-0258,STN-INB,START,2026-10-07T14:48:00,2026-10-07T14:50:00,CA2,,,,200,200,0,False,,
EVT-002010,LOT-0258,STN-M1,START,2026-10-07T14:50:30,2026-10-07T14:52:30,CA2,,,5.7,200,200,0,False,,
EVT-002011,LOT-0258,STN-M2,START,2026-10-07T14:53:00,2026-10-07T14:55:00,CA2,175.1,46.2,,200,200,0,False,,
EVT-002012,LOT-0258,STN-HT,START,2026-10-07T14:55:30,2026-10-07T15:05:30,CA2,181.9,,,200,200,0,False,,
EVT-002013,LOT-0258,STN-AS1,START,2026-10-07T15:06:00,2026-10-07T15:08:00,CA2,,,,200,200,0,False,,
EVT-002014,LOT-0258,STN-T1,START,2026-10-07T15:08:30,2026-10-07T15:10:30,CA2,,,,200,200,0,False,,
EVT-002015,LOT-0258,STN-PK,START,2026-10-07T15:11:00,2026-10-07T15:13:00,CA2,,,,200,200,0,False,,
EVT-002016,LOT-0258,STN-SHP,START,2026-10-07T15:13:30,2026-10-07T15:15:30,CA2,,,,200,200,0,False,,
EVT-002017,LOT-0259,STN-INB,START,2026-10-07T07:36:00,2026-10-07T07:38:00,CA1,,,,200,200,0,False,,
EVT-002018,LOT-0259,STN-M1,START,2026-10-07T07:38:30,2026-10-07T07:40:30,CA1,,,4.2,200,200,0,False,,
EVT-002019,LOT-0259,STN-HT,START,2026-10-07T07:41:00,2026-10-07T07:51:00,CA1,175.3,,,200,200,0,False,,
EVT-002020,LOT-0259,STN-AS2,START,2026-10-07T07:51:30,2026-10-07T07:53:30,CA1,,,,200,200,0,False,,
EVT-002021,LOT-0259,STN-T1,START,2026-10-07T07:54:00,2026-10-07T07:56:00,CA1,,,,200,200,0,False,,
EVT-002022,LOT-0259,STN-PK,START,2026-10-07T07:56:30,2026-10-07T07:58:30,CA1,,,,200,200,0,False,,
EVT-002023,LOT-0259,STN-SHP,START,2026-10-07T07:59:00,2026-10-07T08:01:00,CA1,,,,200,200,0,False,,
EVT-002024,LOT-0260,STN-INB,START,2026-10-07T16:24:00,2026-10-07T16:26:00,CA2,,,,200,200,0,False,,
EVT-002025,LOT-0260,STN-M1,START,2026-10-07T16:26:30,2026-10-07T16:28:30,CA2,,,3.9,200,200,0,False,,
EVT-002026,LOT-0260,STN-HT,START,2026-10-07T16:29:00,2026-10-07T16:39:00,CA2,178.9,,,200,200,0,False,,
EVT-002027,LOT-0260,STN-AS2,START,2026-10-07T16:39:30,2026-10-07T16:41:30,CA2,,,,200,200,0,False,,
EVT-002028,LOT-0260,STN-T1,START,2026-10-07T16:42:00,2026-10-07T16:44:00,CA2,,,,200,200,0,False,,
EVT-002029,LOT-0260,STN-PK,START,2026-10-07T16:44:30,2026-10-07T16:46:30,CA2,,,,200,200,0,False,,
EVT-002030,LOT-0260,STN-SHP,START,2026-10-07T16:47:00,2026-10-07T16:49:00,CA2,,,,200,200,0,False,,
EVT-002031,LOT-0261,STN-INB,START,2026-10-08T06:00:00,2026-10-08T06:02:00,CA1,,,,200,200,0,False,,
EVT-002032,LOT-0261,STN-M1,START,2026-10-08T06:02:30,2026-10-08T06:04:30,CA1,,,2.5,200,200,0,False,,
EVT-002033,LOT-0261,STN-M2,START,2026-10-08T06:05:00,2026-10-08T06:07:00,CA1,179.9,43.1,,200,200,0,False,,
EVT-002034,LOT-0261,STN-HT,START,2026-10-08T06:07:30,2026-10-08T06:17:30,CA1,172.4,,,200,200,0,False,,
EVT-002035,LOT-0261,STN-AS1,START,2026-10-08T06:18:00,2026-10-08T06:20:00,CA1,,,,200,200,0,False,,
EVT-002036,LOT-0261,STN-T1,START,2026-10-08T06:20:30,2026-10-08T06:22:30,CA1,,,,200,200,0,False,,
EVT-002037,LOT-0261,STN-PK,START,2026-10-08T06:23:00,2026-10-08T06:25:00,CA1,,,,200,200,0,False,,
EVT-002038,LOT-0261,STN-SHP,START,2026-10-08T06:25:30,2026-10-08T06:27:30,CA1,,,,200,200,0,False,,
EVT-002039,LOT-0262,STN-INB,START,2026-10-08T14:48:00,2026-10-08T14:50:00,CA2,,,,200,200,0,False,,
EVT-002040,LOT-0262,STN-M1,START,2026-10-08T14:50:30,2026-10-08T14:52:30,CA2,,,1.7,200,200,0,False,,
EVT-002041,LOT-0262,STN-M2,START,2026-10-08T14:53:00,2026-10-08T14:55:00,CA2,177.8,45.7,,200,200,0,False,,
EVT-002042,LOT-0262,STN-HT,START,2026-10-08T14:55:30,2026-10-08T15:05:30,CA2,170.5,,,200,200,0,False,,
EVT-002043,LOT-0262,STN-AS1,START,2026-10-08T15:06:00,2026-10-08T15:08:00,CA2,,,,200,200,0,False,,
EVT-002044,LOT-0262,STN-T1,START,2026-10-08T15:08:30,2026-10-08T15:10:30,CA2,,,,200,200,0,False,,
EVT-002045,LOT-0262,STN-PK,START,2026-10-08T15:11:00,2026-10-08T15:13:00,CA2,,,,200,200,0,False,,
EVT-002046,LOT-0262,STN-SHP,START,2026-10-08T15:13:30,2026-10-08T15:15:30,CA2,,,,200,200,0,False,,
EVT-002047,LOT-0263,STN-INB,START,2026-10-08T07:36:00,2026-10-08T07:38:00,CA1,,,,200,200,0,False,,
EVT-002048,LOT-0263,STN-M1,START,2026-10-08T07:38:30,2026-10-08T07:40:30,CA1,,,4.4,200,200,0,False,,
EVT-002049,LOT-0263,STN-HT,START,2026-10-08T07:41:00,2026-10-08T07:51:00,CA1,176.8,,,200,200,0,False,,
EVT-002050,LOT-0263,STN-AS2,START,2026-10-08T07:51:30,2026-10-08T07:53:30,CA1,,,,200,200,0,False,,
EVT-002051,LOT-0263,STN-T1,START,2026-10-08T07:54:00,2026-10-08T07:56:00,CA1,,,,200,198,2,True,FORCE_DROP,FMEA-M2-001
EVT-002052,LOT-0263,STN-PK,START,2026-10-08T07:56:30,2026-10-08T07:58:30,CA1,,,,200,200,0,False,,
EVT-002053,LOT-0263,STN-SHP,START,2026-10-08T07:59:00,2026-10-08T08:01:00,CA1,,,,200,200,0,False,,
EVT-002054,LOT-0264,STN-INB,START,2026-10-08T16:24:00,2026-10-08T16:26:00,CA2,,,,200,200,0,False,,
EVT-002055,LOT-0264,STN-M1,START,2026-10-08T16:26:30,2026-10-08T16:28:30,CA2,,,1.9,200,200,0,False,,
EVT-002056,LOT-0264,STN-HT,START,2026-10-08T16:29:00,2026-10-08T16:39:00,CA2,171.9,,,200,200,0,False,,
EVT-002057,LOT-0264,STN-AS2,START,2026-10-08T16:39:30,2026-10-08T16:41:30,CA2,,,,200,200,0,False,,
EVT-002058,LOT-0264,STN-T1,START,2026-10-08T16:42:00,2026-10-08T16:44:00,CA2,,,,200,200,0,False,,
EVT-002059,LOT-0264,STN-PK,START,2026-10-08T16:44:30,2026-10-08T16:46:30,CA2,,,,200,200,0,False,,
EVT-002060,LOT-0264,STN-SHP,START,2026-10-08T16:47:00,2026-10-08T16:49:00,CA2,,,,200,200,0,False,,
EVT-002061,LOT-0265,STN-INB,START,2026-10-08T09:12:00,2026-10-08T09:14:00,CA1,,,,200,200,0,False,,
EVT-002062,LOT-0265,STN-M1,START,2026-10-08T09:14:30,2026-10-08T09:16:30,CA1,,,2.8,200,198,2,True,TOOL_VIBRATION,FMEA-M2-001
EVT-002063,LOT-0265,STN-M2,START,2026-10-08T09:17:00,2026-10-08T09:19:00,CA1,178.0,44.0,,200,200,0,False,,
EVT-002064,LOT-0265,STN-HT,START,2026-10-08T09:19:30,2026-10-08T09:29:30,CA1,182.3,,,200,200,0,False,,
EVT-002065,LOT-0265,STN-AS1,START,2026-10-08T09:30:00,2026-10-08T09:32:00,CA1,,,,200,200,0,False,,
EVT-002066,LOT-0265,STN-T1,START,2026-10-08T09:32:30,2026-10-08T09:34:30,CA1,,,,200,200,0,False,,
EVT-002067,LOT-0265,STN-PK,START,2026-10-08T09:35:00,2026-10-08T09:37:00,CA1,,,,200,200,0,False,,
EVT-002068,LOT-0265,STN-SHP,START,2026-10-08T09:37:30,2026-10-08T09:39:30,CA1,,,,200,200,0,False,,
EVT-002069,LOT-0266,STN-INB,START,2026-10-08T18:00:00,2026-10-08T18:02:00,CA2,,,,200,200,0,False,,
EVT-002070,LOT-0266,STN-M1,START,2026-10-08T18:02:30,2026-10-08T18:04:30,CA2,,,3.6,200,200,0,False,,
EVT-002071,LOT-0266,STN-M2,START,2026-10-08T18:05:00,2026-10-08T18:07:00,CA2,178.5,44.3,,200,200,0,False,,
EVT-002072,LOT-0266,STN-HT,START,2026-10-08T18:07:30,2026-10-08T18:17:30,CA2,176.2,,,200,200,0,False,,
EVT-002073,LOT-0266,STN-AS1,START,2026-10-08T18:18:00,2026-10-08T18:20:00,CA2,,,,200,200,0,False,,
EVT-002074,LOT-0266,STN-T1,START,2026-10-08T18:20:30,2026-10-08T18:22:30,CA2,,,,200,200,0,False,,
EVT-002075,LOT-0266,STN-PK,START,2026-10-08T18:23:00,2026-10-08T18:25:00,CA2,,,,200,200,0,False,,
EVT-002076,LOT-0266,STN-SHP,START,2026-10-08T18:25:30,2026-10-08T18:27:30,CA2,,,,200,200,0,False,,
EVT-002077,LOT-0267,STN-INB,START,2026-10-08T10:48:00,2026-10-08T10:50:00,CA1,,,,200,200,0,False,,
EVT-002078,LOT-0267,STN-M1,START,2026-10-08T10:50:30,2026-10-08T10:52:30,CA1,,,2.8,200,200,0,False,,
EVT-002079,LOT-0267,STN-HT,START,2026-10-08T10:53:00,2026-10-08T11:03:00,CA1,181.0,,,200,200,0,False,,
EVT-002080,LOT-0267,STN-AS2,START,2026-10-08T11:03:30,2026-10-08T11:05:30,CA1,,,,200,200,0,False,,
EVT-002081,LOT-0267,STN-T1,START,2026-10-08T11:06:00,2026-10-08T11:08:00,CA1,,,,200,200,0,False,,
EVT-002082,LOT-0267,STN-PK,START,2026-10-08T11:08:30,2026-10-08T11:10:30,CA1,,,,200,200,0,False,,
EVT-002083,LOT-0267,STN-SHP,START,2026-10-08T11:11:00,2026-10-08T11:13:00,CA1,,,,200,200,0,False,,
EVT-002084,LOT-0268,STN-INB,START,2026-10-08T19:36:00,2026-10-08T19:38:00,CA2,,,,200,200,0,False,,
EVT-002085,LOT-0268,STN-M1,START,2026-10-08T19:38:30,2026-10-08T19:40:30,CA2,,,3.3,200,200,0,False,,
EVT-002086,LOT-0268,STN-HT,START,2026-10-08T19:41:00,2026-10-08T19:51:00,CA2,175.4,,,200,200,0,False,,
EVT-002087,LOT-0268,STN-AS2,START,2026-10-08T19:51:30,2026-10-08T19:53:30,CA2,,,,200,200,0,False,,
EVT-002088,LOT-0268,STN-T1,START,2026-10-08T19:54:00,2026-10-08T19:56:00,CA2,,,,200,200,0,False,,
EVT-002089,LOT-0268,STN-PK,START,2026-10-08T19:56:30,2026-10-08T19:58:30,CA2,,,,200,200,0,False,,
EVT-002090,LOT-0268,STN-SHP,START,2026-10-08T19:59:00,2026-10-08T20:01:00,CA2,,,,200,200,0,False,,
EVT-002091,LOT-0269,STN-INB,START,2026-10-08T06:00:00,2026-10-08T06:02:00,CA1,,,,200,200,0,False,,
EVT-002092,LOT-0269,STN-M1,START,2026-10-08T06:02:30,2026-10-08T06:04:30,CA1,,,3.1,200,200,0,False,,
EVT-002093,LOT-0269,STN-M2,START,2026-10-08T06:05:00,2026-10-08T06:07:00,CA1,182.8,45.9,,200,200,0,False,,
EVT-002094,LOT-0269,STN-HT,START,2026-10-08T06:07:30,2026-10-08T06:17:30,CA1,175.2,,,200,200,0,False,,
EVT-002095,LOT-0269,STN-AS1,START,2026-10-08T06:18:00,2026-10-08T06:20:00,CA1,,,,200,200,0,False,,
EVT-002096,LOT-0269,STN-T1,START,2026-10-08T06:20:30,2026-10-08T06:22:30,CA1,,,,200,200,0,False,,
EVT-002097,LOT-0269,STN-PK,START,2026-10-08T06:23:00,2026-10-08T06:25:00,CA1,,,,200,200,0,False,,
EVT-002098,LOT-0269,STN-SHP,START,2026-10-08T06:25:30,2026-10-08T06:27:30,CA1,,,,200,200,0,False,,
EVT-002099,LOT-0270,STN-INB,START,2026-10-08T14:48:00,2026-10-08T14:50:00,CA2,,,,200,198,2,True,TOOL_VIBRATION,FMEA-M2-001
EVT-002100,LOT-0270,STN-M1,START,2026-10-08T14:50:30,2026-10-08T14:52:30,CA2,,,2.8,200,200,0,False,,
EVT-002101,LOT-0270,STN-M2,START,2026-10-08T14:53:00,2026-10-08T14:55:00,CA2,180.9,43.0,,200,200,0,False,,
EVT-002102,LOT-0270,STN-HT,START,2026-10-08T14:55:30,2026-10-08T15:05:30,CA2,172.7,,,200,200,0,False,,
EVT-002103,LOT-0270,STN-AS1,START,2026-10-08T15:06:00,2026-10-08T15:08:00,CA2,,,,200,200,0,False,,
EVT-002104,LOT-0270,STN-T1,START,2026-10-08T15:08:30,2026-10-08T15:10:30,CA2,,,,200,200,0,False,,
EVT-002105,LOT-0270,STN-PK,START,2026-10-08T15:11:00,2026-10-08T15:13:00,CA2,,,,200,200,0,False,,
EVT-002106,LOT-0270,STN-SHP,START,2026-10-08T15:13:30,2026-10-08T15:15:30,CA2,,,,200,200,0,False,,
EVT-002107,LOT-0271,STN-INB,START,2026-10-08T07:36:00,2026-10-08T07:38:00,CA1,,,,200,200,0,False,,
EVT-002108,LOT-0271,STN-M1,START,2026-10-08T07:38:30,2026-10-08T07:40:30,CA1,,,2.6,200,200,0,False,,
EVT-002109,LOT-0271,STN-HT,START,2026-10-08T07:41:00,2026-10-08T07:51:00,CA1,176.5,,,200,200,0,False,,
EVT-002110,LOT-0271,STN-AS2,START,2026-10-08T07:51:30,2026-10-08T07:53:30,CA1,,,,200,200,0,False,,
EVT-002111,LOT-0271,STN-T1,START,2026-10-08T07:54:00,2026-10-08T07:56:00,CA1,,,,200,200,0,False,,
EVT-002112,LOT-0271,STN-PK,START,2026-10-08T07:56:30,2026-10-08T07:58:30,CA1,,,,200,200,0,False,,
EVT-002113,LOT-0271,STN-SHP,START,2026-10-08T07:59:00,2026-10-08T08:01:00,CA1,,,,200,200,0,False,,
EVT-002114,LOT-0272,STN-INB,START,2026-10-08T16:24:00,2026-10-08T16:26:00,CA2,,,,200,200,0,False,,
EVT-002115,LOT-0272,STN-M1,START,2026-10-08T16:26:30,2026-10-08T16:28:30,CA2,,,4.0,200,200,0,False,,
EVT-002116,LOT-0272,STN-HT,START,2026-10-08T16:29:00,2026-10-08T16:39:00,CA2,179.1,,,200,200,0,False,,
EVT-002117,LOT-0272,STN-AS2,START,2026-10-08T16:39:30,2026-10-08T16:41:30,CA2,,,,200,200,0,False,,
EVT-002118,LOT-0272,STN-T1,START,2026-10-08T16:42:00,2026-10-08T16:44:00,CA2,,,,200,200,0,False,,
EVT-002119,LOT-0272,STN-PK,START,2026-10-08T16:44:30,2026-10-08T16:46:30,CA2,,,,200,200,0,False,,
EVT-002120,LOT-0272,STN-SHP,START,2026-10-08T16:47:00,2026-10-08T16:49:00,CA2,,,,200,200,0,False,,
EVT-002121,LOT-0273,STN-INB,START,2026-10-08T09:12:00,2026-10-08T09:14:00,CA1,,,,200,200,0,False,,
EVT-002122,LOT-0273,STN-M1,START,2026-10-08T09:14:30,2026-10-08T09:16:30,CA1,,,3.5,200,200,0,False,,
EVT-002123,LOT-0273,STN-M2,START,2026-10-08T09:17:00,2026-10-08T09:19:00,CA1,183.8,45.7,,200,200,0,False,,
EVT-002124,LOT-0273,STN-HT,START,2026-10-08T09:19:30,2026-10-08T09:29:30,CA1,177.9,,,200,200,0,False,,
EVT-002125,LOT-0273,STN-AS1,START,2026-10-08T09:30:00,2026-10-08T09:32:00,CA1,,,,200,200,0,False,,
EVT-002126,LOT-0273,STN-T1,START,2026-10-08T09:32:30,2026-10-08T09:34:30,CA1,,,,200,200,0,False,,
EVT-002127,LOT-0273,STN-PK,START,2026-10-08T09:35:00,2026-10-08T09:37:00,CA1,,,,200,200,0,False,,
EVT-002128,LOT-0273,STN-SHP,START,2026-10-08T09:37:30,2026-10-08T09:39:30,CA1,,,,200,200,0,False,,
EVT-002129,LOT-0274,STN-INB,START,2026-10-08T18:00:00,2026-10-08T18:02:00,CA2,,,,200,200,0,False,,
EVT-002130,LOT-0274,STN-M1,START,2026-10-08T18:02:30,2026-10-08T18:04:30,CA2,,,4.5,200,200,0,False,,
EVT-002131,LOT-0274,STN-M2,START,2026-10-08T18:05:00,2026-10-08T18:07:00,CA2,179.0,46.9,,200,200,0,False,,
EVT-002132,LOT-0274,STN-HT,START,2026-10-08T18:07:30,2026-10-08T18:17:30,CA2,177.3,,,200,200,0,False,,
EVT-002133,LOT-0274,STN-AS1,START,2026-10-08T18:18:00,2026-10-08T18:20:00,CA2,,,,200,200,0,False,,
EVT-002134,LOT-0274,STN-T1,START,2026-10-08T18:20:30,2026-10-08T18:22:30,CA2,,,,200,200,0,False,,
EVT-002135,LOT-0274,STN-PK,START,2026-10-08T18:23:00,2026-10-08T18:25:00,CA2,,,,200,200,0,False,,
EVT-002136,LOT-0274,STN-SHP,START,2026-10-08T18:25:30,2026-10-08T18:27:30,CA2,,,,200,200,0,False,,
EVT-002137,LOT-0275,STN-INB,START,2026-10-08T10:48:00,2026-10-08T10:50:00,CA1,,,,200,200,0,False,,
EVT-002138,LOT-0275,STN-M1,START,2026-10-08T10:50:30,2026-10-08T10:52:30,CA1,,,3.2,200,200,0,False,,
EVT-002139,LOT-0275,STN-HT,START,2026-10-08T10:53:00,2026-10-08T11:03:00,CA1,179.0,,,200,200,0,False,,
EVT-002140,LOT-0275,STN-AS2,START,2026-10-08T11:03:30,2026-10-08T11:05:30,CA1,,,,200,200,0,False,,
EVT-002141,LOT-0275,STN-T1,START,2026-10-08T11:06:00,2026-10-08T11:08:00,CA1,,,,200,200,0,False,,
EVT-002142,LOT-0275,STN-PK,START,2026-10-08T11:08:30,2026-10-08T11:10:30,CA1,,,,200,200,0,False,,
EVT-002143,LOT-0275,STN-SHP,START,2026-10-08T11:11:00,2026-10-08T11:13:00,CA1,,,,200,200,0,False,,
EVT-002144,LOT-0276,STN-INB,START,2026-10-08T19:36:00,2026-10-08T19:38:00,CA2,,,,200,200,0,False,,
EVT-002145,LOT-0276,STN-M1,START,2026-10-08T19:38:30,2026-10-08T19:40:30,CA2,,,3.5,200,200,0,False,,
EVT-002146,LOT-0276,STN-HT,START,2026-10-08T19:41:00,2026-10-08T19:51:00,CA2,177.4,,,200,200,0,False,,
EVT-002147,LOT-0276,STN-AS2,START,2026-10-08T19:51:30,2026-10-08T19:53:30,CA2,,,,200,198,2,True,TOOL_VIBRATION,FMEA-M2-001
EVT-002148,LOT-0276,STN-T1,START,2026-10-08T19:54:00,2026-10-08T19:56:00,CA2,,,,200,200,0,False,,
EVT-002149,LOT-0276,STN-PK,START,2026-10-08T19:56:30,2026-10-08T19:58:30,CA2,,,,200,200,0,False,,
EVT-002150,LOT-0276,STN-SHP,START,2026-10-08T19:59:00,2026-10-08T20:01:00,CA2,,,,200,200,0,False,,
EVT-002151,LOT-0277,STN-INB,START,2026-10-08T06:00:00,2026-10-08T06:02:00,CA1,,,,200,200,0,False,,
EVT-002152,LOT-0277,STN-M1,START,2026-10-08T06:02:30,2026-10-08T06:04:30,CA1,,,3.7,200,200,0,False,,
EVT-002153,LOT-0277,STN-M2,START,2026-10-08T06:05:00,2026-10-08T06:07:00,CA1,176.3,47.4,,200,200,0,False,,
EVT-002154,LOT-0277,STN-HT,START,2026-10-08T06:07:30,2026-10-08T06:17:30,CA1,176.5,,,200,200,0,False,,
EVT-002155,LOT-0277,STN-AS1,START,2026-10-08T06:18:00,2026-10-08T06:20:00,CA1,,,,200,200,0,False,,
EVT-002156,LOT-0277,STN-T1,START,2026-10-08T06:20:30,2026-10-08T06:22:30,CA1,,,,200,200,0,False,,
EVT-002157,LOT-0277,STN-PK,START,2026-10-08T06:23:00,2026-10-08T06:25:00,CA1,,,,200,200,0,False,,
EVT-002158,LOT-0277,STN-SHP,START,2026-10-08T06:25:30,2026-10-08T06:27:30,CA1,,,,200,200,0,False,,
EVT-002159,LOT-0278,STN-INB,START,2026-10-08T14:48:00,2026-10-08T14:50:00,CA2,,,,200,200,0,False,,
EVT-002160,LOT-0278,STN-M1,START,2026-10-08T14:50:30,2026-10-08T14:52:30,CA2,,,3.3,200,200,0,False,,
EVT-002161,LOT-0278,STN-M2,START,2026-10-08T14:53:00,2026-10-08T14:55:00,CA2,176.1,46.8,,200,200,0,False,,
EVT-002162,LOT-0278,STN-HT,START,2026-10-08T14:55:30,2026-10-08T15:05:30,CA2,181.8,,,200,200,0,False,,
EVT-002163,LOT-0278,STN-AS1,START,2026-10-08T15:06:00,2026-10-08T15:08:00,CA2,,,,200,198,2,True,FORCE_DROP,FMEA-M2-001
EVT-002164,LOT-0278,STN-T1,START,2026-10-08T15:08:30,2026-10-08T15:10:30,CA2,,,,200,200,0,False,,
EVT-002165,LOT-0278,STN-PK,START,2026-10-08T15:11:00,2026-10-08T15:13:00,CA2,,,,200,200,0,False,,
EVT-002166,LOT-0278,STN-SHP,START,2026-10-08T15:13:30,2026-10-08T15:15:30,CA2,,,,200,200,0,False,,
EVT-002167,LOT-0279,STN-INB,START,2026-10-08T07:36:00,2026-10-08T07:38:00,CA1,,,,200,200,0,False,,
EVT-002168,LOT-0279,STN-M1,START,2026-10-08T07:38:30,2026-10-08T07:40:30,CA1,,,1.8,200,200,0,False,,
EVT-002169,LOT-0279,STN-HT,START,2026-10-08T07:41:00,2026-10-08T07:51:00,CA1,183.5,,,200,200,0,False,,
EVT-002170,LOT-0279,STN-AS2,START,2026-10-08T07:51:30,2026-10-08T07:53:30,CA1,,,,200,200,0,False,,
EVT-002171,LOT-0279,STN-T1,START,2026-10-08T07:54:00,2026-10-08T07:56:00,CA1,,,,200,200,0,False,,
EVT-002172,LOT-0279,STN-PK,START,2026-10-08T07:56:30,2026-10-08T07:58:30,CA1,,,,200,200,0,False,,
EVT-002173,LOT-0279,STN-SHP,START,2026-10-08T07:59:00,2026-10-08T08:01:00,CA1,,,,200,200,0,False,,
EVT-002174,LOT-0280,STN-INB,START,2026-10-08T16:24:00,2026-10-08T16:26:00,CA2,,,,200,198,2,True,FORCE_DROP,FMEA-M2-001
EVT-002175,LOT-0280,STN-M1,START,2026-10-08T16:26:30,2026-10-08T16:28:30,CA2,,,2.8,200,200,0,False,,
EVT-002176,LOT-0280,STN-HT,START,2026-10-08T16:29:00,2026-10-08T16:39:00,CA2,179.6,,,200,200,0,False,,
EVT-002177,LOT-0280,STN-AS2,START,2026-10-08T16:39:30,2026-10-08T16:41:30,CA2,,,,200,200,0,False,,
EVT-002178,LOT-0280,STN-T1,START,2026-10-08T16:42:00,2026-10-08T16:44:00,CA2,,,,200,200,0,False,,
EVT-002179,LOT-0280,STN-PK,START,2026-10-08T16:44:30,2026-10-08T16:46:30,CA2,,,,200,200,0,False,,
EVT-002180,LOT-0280,STN-SHP,START,2026-10-08T16:47:00,2026-10-08T16:49:00,CA2,,,,200,200,0,False,,
EVT-002181,LOT-0281,STN-INB,START,2026-10-08T09:12:00,2026-10-08T09:14:00,CA1,,,,200,200,0,False,,
EVT-002182,LOT-0281,STN-M1,START,2026-10-08T09:14:30,2026-10-08T09:16:30,CA1,,,3.7,200,200,0,False,,
EVT-002183,LOT-0281,STN-M2,START,2026-10-08T09:17:00,2026-10-08T09:19:00,CA1,180.8,44.8,,200,200,0,False,,
EVT-002184,LOT-0281,STN-HT,START,2026-10-08T09:19:30,2026-10-08T09:29:30,CA1,174.3,,,200,200,0,False,,
EVT-002185,LOT-0281,STN-AS1,START,2026-10-08T09:30:00,2026-10-08T09:32:00,CA1,,,,200,200,0,False,,
EVT-002186,LOT-0281,STN-T1,START,2026-10-08T09:32:30,2026-10-08T09:34:30,CA1,,,,200,200,0,False,,
EVT-002187,LOT-0281,STN-PK,START,2026-10-08T09:35:00,2026-10-08T09:37:00,CA1,,,,200,200,0,False,,
EVT-002188,LOT-0281,STN-SHP,START,2026-10-08T09:37:30,2026-10-08T09:39:30,CA1,,,,200,200,0,False,,
EVT-002189,LOT-0282,STN-INB,START,2026-10-08T18:00:00,2026-10-08T18:02:00,CA2,,,,200,200,0,False,,
EVT-002190,LOT-0282,STN-M1,START,2026-10-08T18:02:30,2026-10-08T18:04:30,CA2,,,3.5,200,200,0,False,,
EVT-002191,LOT-0282,STN-M2,START,2026-10-08T18:05:00,2026-10-08T18:07:00,CA2,180.7,45.4,,200,200,0,False,,
EVT-002192,LOT-0282,STN-HT,START,2026-10-08T18:07:30,2026-10-08T18:17:30,CA2,176.6,,,200,200,0,False,,
EVT-002193,LOT-0282,STN-AS1,START,2026-10-08T18:18:00,2026-10-08T18:20:00,CA2,,,,200,200,0,False,,
EVT-002194,LOT-0282,STN-T1,START,2026-10-08T18:20:30,2026-10-08T18:22:30,CA2,,,,200,200,0,False,,
EVT-002195,LOT-0282,STN-PK,START,2026-10-08T18:23:00,2026-10-08T18:25:00,CA2,,,,200,200,0,False,,
EVT-002196,LOT-0282,STN-SHP,START,2026-10-08T18:25:30,2026-10-08T18:27:30,CA2,,,,200,200,0,False,,
EVT-002197,LOT-0283,STN-INB,START,2026-10-08T10:48:00,2026-10-08T10:50:00,CA1,,,,200,200,0,False,,
EVT-002198,LOT-0283,STN-M1,START,2026-10-08T10:50:30,2026-10-08T10:52:30,CA1,,,3.7,200,200,0,False,,
EVT-002199,LOT-0283,STN-HT,START,2026-10-08T10:53:00,2026-10-08T11:03:00,CA1,179.7,,,200,200,0,False,,
EVT-002200,LOT-0283,STN-AS2,START,2026-10-08T11:03:30,2026-10-08T11:05:30,CA1,,,,200,200,0,False,,
EVT-002201,LOT-0283,STN-T1,START,2026-10-08T11:06:00,2026-10-08T11:08:00,CA1,,,,200,200,0,False,,
EVT-002202,LOT-0283,STN-PK,START,2026-10-08T11:08:30,2026-10-08T11:10:30,CA1,,,,200,200,0,False,,
EVT-002203,LOT-0283,STN-SHP,START,2026-10-08T11:11:00,2026-10-08T11:13:00,CA1,,,,200,200,0,False,,
EVT-002204,LOT-0284,STN-INB,START,2026-10-08T19:36:00,2026-10-08T19:38:00,CA2,,,,200,200,0,False,,
EVT-002205,LOT-0284,STN-M1,START,2026-10-08T19:38:30,2026-10-08T19:40:30,CA2,,,4.5,200,200,0,False,,
EVT-002206,LOT-0284,STN-HT,START,2026-10-08T19:41:00,2026-10-08T19:51:00,CA2,179.6,,,200,200,0,False,,
EVT-002207,LOT-0284,STN-AS2,START,2026-10-08T19:51:30,2026-10-08T19:53:30,CA2,,,,200,200,0,False,,
EVT-002208,LOT-0284,STN-T1,START,2026-10-08T19:54:00,2026-10-08T19:56:00,CA2,,,,200,200,0,False,,
EVT-002209,LOT-0284,STN-PK,START,2026-10-08T19:56:30,2026-10-08T19:58:30,CA2,,,,200,200,0,False,,
EVT-002210,LOT-0284,STN-SHP,START,2026-10-08T19:59:00,2026-10-08T20:01:00,CA2,,,,200,200,0,False,,
EVT-002211,LOT-0285,STN-INB,START,2026-10-08T06:00:00,2026-10-08T06:02:00,CA1,,,,200,200,0,False,,
EVT-002212,LOT-0285,STN-M1,START,2026-10-08T06:02:30,2026-10-08T06:04:30,CA1,,,3.8,200,200,0,False,,
EVT-002213,LOT-0285,STN-M2,START,2026-10-08T06:05:00,2026-10-08T06:07:00,CA1,173.3,44.3,,200,198,2,True,TOOL_VIBRATION,FMEA-M2-001
EVT-002214,LOT-0285,STN-HT,START,2026-10-08T06:07:30,2026-10-08T06:17:30,CA1,182.3,,,200,200,0,False,,
EVT-002215,LOT-0285,STN-AS1,START,2026-10-08T06:18:00,2026-10-08T06:20:00,CA1,,,,200,200,0,False,,
EVT-002216,LOT-0285,STN-T1,START,2026-10-08T06:20:30,2026-10-08T06:22:30,CA1,,,,200,200,0,False,,
EVT-002217,LOT-0285,STN-PK,START,2026-10-08T06:23:00,2026-10-08T06:25:00,CA1,,,,200,200,0,False,,
EVT-002218,LOT-0285,STN-SHP,START,2026-10-08T06:25:30,2026-10-08T06:27:30,CA1,,,,200,200,0,False,,
EVT-002219,LOT-0286,STN-INB,START,2026-10-08T14:48:00,2026-10-08T14:50:00,CA2,,,,200,200,0,False,,
EVT-002220,LOT-0286,STN-M1,START,2026-10-08T14:50:30,2026-10-08T14:52:30,CA2,,,4.1,200,200,0,False,,
EVT-002221,LOT-0286,STN-M2,START,2026-10-08T14:53:00,2026-10-08T14:55:00,CA2,180.7,49.9,,200,200,0,False,,
EVT-002222,LOT-0286,STN-HT,START,2026-10-08T14:55:30,2026-10-08T15:05:30,CA2,174.5,,,200,200,0,False,,
EVT-002223,LOT-0286,STN-AS1,START,2026-10-08T15:06:00,2026-10-08T15:08:00,CA2,,,,200,200,0,False,,
EVT-002224,LOT-0286,STN-T1,START,2026-10-08T15:08:30,2026-10-08T15:10:30,CA2,,,,200,200,0,False,,
EVT-002225,LOT-0286,STN-PK,START,2026-10-08T15:11:00,2026-10-08T15:13:00,CA2,,,,200,200,0,False,,
EVT-002226,LOT-0286,STN-SHP,START,2026-10-08T15:13:30,2026-10-08T15:15:30,CA2,,,,200,200,0,False,,
EVT-002227,LOT-0287,STN-INB,START,2026-10-08T07:36:00,2026-10-08T07:38:00,CA1,,,,200,200,0,False,,
EVT-002228,LOT-0287,STN-M1,START,2026-10-08T07:38:30,2026-10-08T07:40:30,CA1,,,4.1,200,198,2,True,TEMP_SPIKE,FMEA-M2-001
EVT-002229,LOT-0287,STN-HT,START,2026-10-08T07:41:00,2026-10-08T07:51:00,CA1,182.0,,,200,200,0,False,,
EVT-002230,LOT-0287,STN-AS2,START,2026-10-08T07:51:30,2026-10-08T07:53:30,CA1,,,,200,198,2,True,FORCE_DROP,FMEA-M2-001
EVT-002231,LOT-0287,STN-T1,START,2026-10-08T07:54:00,2026-10-08T07:56:00,CA1,,,,200,200,0,False,,
EVT-002232,LOT-0287,STN-PK,START,2026-10-08T07:56:30,2026-10-08T07:58:30,CA1,,,,200,198,2,True,FORCE_DROP,FMEA-M2-001
EVT-002233,LOT-0287,STN-SHP,START,2026-10-08T07:59:00,2026-10-08T08:01:00,CA1,,,,200,200,0,False,,
EVT-002234,LOT-0288,STN-INB,START,2026-10-08T16:24:00,2026-10-08T16:26:00,CA2,,,,200,200,0,False,,
EVT-002235,LOT-0288,STN-M1,START,2026-10-08T16:26:30,2026-10-08T16:28:30,CA2,,,3.6,200,200,0,False,,
EVT-002236,LOT-0288,STN-HT,START,2026-10-08T16:29:00,2026-10-08T16:39:00,CA2,178.1,,,200,200,0,False,,
EVT-002237,LOT-0288,STN-AS2,START,2026-10-08T16:39:30,2026-10-08T16:41:30,CA2,,,,200,200,0,False,,
EVT-002238,LOT-0288,STN-T1,START,2026-10-08T16:42:00,2026-10-08T16:44:00,CA2,,,,200,200,0,False,,
EVT-002239,LOT-0288,STN-PK,START,2026-10-08T16:44:30,2026-10-08T16:46:30,CA2,,,,200,200,0,False,,
EVT-002240,LOT-0288,STN-SHP,START,2026-10-08T16:47:00,2026-10-08T16:49:00,CA2,,,,200,200,0,False,,
EVT-002241,LOT-0289,STN-INB,START,2026-10-09T06:00:00,2026-10-09T06:02:00,CA1,,,,200,200,0,False,,
EVT-002242,LOT-0289,STN-M1,START,2026-10-09T06:02:30,2026-10-09T06:04:30,CA1,,,3.3,200,200,0,False,,
EVT-002243,LOT-0289,STN-M2,START,2026-10-09T06:05:00,2026-10-09T06:07:00,CA1,179.7,46.3,,200,200,0,False,,
EVT-002244,LOT-0289,STN-HT,START,2026-10-09T06:07:30,2026-10-09T06:17:30,CA1,180.7,,,200,200,0,False,,
EVT-002245,LOT-0289,STN-AS1,START,2026-10-09T06:18:00,2026-10-09T06:20:00,CA1,,,,200,200,0,False,,
EVT-002246,LOT-0289,STN-T1,START,2026-10-09T06:20:30,2026-10-09T06:22:30,CA1,,,,200,200,0,False,,
EVT-002247,LOT-0289,STN-PK,START,2026-10-09T06:23:00,2026-10-09T06:25:00,CA1,,,,200,200,0,False,,
EVT-002248,LOT-0289,STN-SHP,START,2026-10-09T06:25:30,2026-10-09T06:27:30,CA1,,,,200,200,0,False,,
EVT-002249,LOT-0290,STN-INB,START,2026-10-09T14:48:00,2026-10-09T14:50:00,CA2,,,,200,200,0,False,,
EVT-002250,LOT-0290,STN-M1,START,2026-10-09T14:50:30,2026-10-09T14:52:30,CA2,,,3.5,200,200,0,False,,
EVT-002251,LOT-0290,STN-M2,START,2026-10-09T14:53:00,2026-10-09T14:55:00,CA2,174.2,47.0,,200,200,0,False,,
EVT-002252,LOT-0290,STN-HT,START,2026-10-09T14:55:30,2026-10-09T15:05:30,CA2,182.0,,,200,200,0,False,,
EVT-002253,LOT-0290,STN-AS1,START,2026-10-09T15:06:00,2026-10-09T15:08:00,CA2,,,,200,200,0,False,,
EVT-002254,LOT-0290,STN-T1,START,2026-10-09T15:08:30,2026-10-09T15:10:30,CA2,,,,200,200,0,False,,
EVT-002255,LOT-0290,STN-PK,START,2026-10-09T15:11:00,2026-10-09T15:13:00,CA2,,,,200,200,0,False,,
EVT-002256,LOT-0290,STN-SHP,START,2026-10-09T15:13:30,2026-10-09T15:15:30,CA2,,,,200,200,0,False,,
EVT-002257,LOT-0291,STN-INB,START,2026-10-09T07:36:00,2026-10-09T07:38:00,CA1,,,,200,200,0,False,,
EVT-002258,LOT-0291,STN-M1,START,2026-10-09T07:38:30,2026-10-09T07:40:30,CA1,,,4.5,200,200,0,False,,
EVT-002259,LOT-0291,STN-HT,START,2026-10-09T07:41:00,2026-10-09T07:51:00,CA1,179.4,,,200,200,0,False,,
EVT-002260,LOT-0291,STN-AS2,START,2026-10-09T07:51:30,2026-10-09T07:53:30,CA1,,,,200,198,2,True,TEMP_SPIKE,FMEA-M2-001
EVT-002261,LOT-0291,STN-T1,START,2026-10-09T07:54:00,2026-10-09T07:56:00,CA1,,,,200,200,0,False,,
EVT-002262,LOT-0291,STN-PK,START,2026-10-09T07:56:30,2026-10-09T07:58:30,CA1,,,,200,200,0,False,,
EVT-002263,LOT-0291,STN-SHP,START,2026-10-09T07:59:00,2026-10-09T08:01:00,CA1,,,,200,200,0,False,,
EVT-002264,LOT-0292,STN-INB,START,2026-10-09T16:24:00,2026-10-09T16:26:00,CA2,,,,200,200,0,False,,
EVT-002265,LOT-0292,STN-M1,START,2026-10-09T16:26:30,2026-10-09T16:28:30,CA2,,,2.5,200,200,0,False,,
EVT-002266,LOT-0292,STN-HT,START,2026-10-09T16:29:00,2026-10-09T16:39:00,CA2,187.2,,,200,200,0,False,,
EVT-002267,LOT-0292,STN-AS2,START,2026-10-09T16:39:30,2026-10-09T16:41:30,CA2,,,,200,200,0,False,,
EVT-002268,LOT-0292,STN-T1,START,2026-10-09T16:42:00,2026-10-09T16:44:00,CA2,,,,200,200,0,False,,
EVT-002269,LOT-0292,STN-PK,START,2026-10-09T16:44:30,2026-10-09T16:46:30,CA2,,,,200,200,0,False,,
EVT-002270,LOT-0292,STN-SHP,START,2026-10-09T16:47:00,2026-10-09T16:49:00,CA2,,,,200,200,0,False,,
EVT-002271,LOT-0293,STN-INB,START,2026-10-09T09:12:00,2026-10-09T09:14:00,CA1,,,,200,200,0,False,,
EVT-002272,LOT-0293,STN-M1,START,2026-10-09T09:14:30,2026-10-09T09:16:30,CA1,,,3.0,200,200,0,False,,
EVT-002273,LOT-0293,STN-M2,START,2026-10-09T09:17:00,2026-10-09T09:19:00,CA1,177.5,45.4,,200,198,2,True,TOOL_VIBRATION,FMEA-M2-001
EVT-002274,LOT-0293,STN-HT,START,2026-10-09T09:19:30,2026-10-09T09:29:30,CA1,175.7,,,200,200,0,False,,
EVT-002275,LOT-0293,STN-AS1,START,2026-10-09T09:30:00,2026-10-09T09:32:00,CA1,,,,200,200,0,False,,
EVT-002276,LOT-0293,STN-T1,START,2026-10-09T09:32:30,2026-10-09T09:34:30,CA1,,,,200,200,0,False,,
EVT-002277,LOT-0293,STN-PK,START,2026-10-09T09:35:00,2026-10-09T09:37:00,CA1,,,,200,200,0,False,,
EVT-002278,LOT-0293,STN-SHP,START,2026-10-09T09:37:30,2026-10-09T09:39:30,CA1,,,,200,200,0,False,,
EVT-002279,LOT-0294,STN-INB,START,2026-10-09T18:00:00,2026-10-09T18:02:00,CA2,,,,200,200,0,False,,
EVT-002280,LOT-0294,STN-M1,START,2026-10-09T18:02:30,2026-10-09T18:04:30,CA2,,,2.6,200,200,0,False,,
EVT-002281,LOT-0294,STN-M2,START,2026-10-09T18:05:00,2026-10-09T18:07:00,CA2,181.0,45.5,,200,200,0,False,,
EVT-002282,LOT-0294,STN-HT,START,2026-10-09T18:07:30,2026-10-09T18:17:30,CA2,180.5,,,200,200,0,False,,
EVT-002283,LOT-0294,STN-AS1,START,2026-10-09T18:18:00,2026-10-09T18:20:00,CA2,,,,200,200,0,False,,
EVT-002284,LOT-0294,STN-T1,START,2026-10-09T18:20:30,2026-10-09T18:22:30,CA2,,,,200,200,0,False,,
EVT-002285,LOT-0294,STN-PK,START,2026-10-09T18:23:00,2026-10-09T18:25:00,CA2,,,,200,200,0,False,,
EVT-002286,LOT-0294,STN-SHP,START,2026-10-09T18:25:30,2026-10-09T18:27:30,CA2,,,,200,200,0,False,,
EVT-002287,LOT-0295,STN-INB,START,2026-10-09T10:48:00,2026-10-09T10:50:00,CA1,,,,200,200,0,False,,
EVT-002288,LOT-0295,STN-M1,START,2026-10-09T10:50:30,2026-10-09T10:52:30,CA1,,,3.8,200,200,0,False,,
EVT-002289,LOT-0295,STN-HT,START,2026-10-09T10:53:00,2026-10-09T11:03:00,CA1,178.9,,,200,200,0,False,,
EVT-002290,LOT-0295,STN-AS2,START,2026-10-09T11:03:30,2026-10-09T11:05:30,CA1,,,,200,200,0,False,,
EVT-002291,LOT-0295,STN-T1,START,2026-10-09T11:06:00,2026-10-09T11:08:00,CA1,,,,200,200,0,False,,
EVT-002292,LOT-0295,STN-PK,START,2026-10-09T11:08:30,2026-10-09T11:10:30,CA1,,,,200,200,0,False,,
EVT-002293,LOT-0295,STN-SHP,START,2026-10-09T11:11:00,2026-10-09T11:13:00,CA1,,,,200,200,0,False,,
EVT-002294,LOT-0296,STN-INB,START,2026-10-09T19:36:00,2026-10-09T19:38:00,CA2,,,,200,200,0,False,,
EVT-002295,LOT-0296,STN-M1,START,2026-10-09T19:38:30,2026-10-09T19:40:30,CA2,,,3.0,200,200,0,False,,
EVT-002296,LOT-0296,STN-HT,START,2026-10-09T19:41:00,2026-10-09T19:51:00,CA2,177.1,,,200,200,0,False,,
EVT-002297,LOT-0296,STN-AS2,START,2026-10-09T19:51:30,2026-10-09T19:53:30,CA2,,,,200,200,0,False,,
EVT-002298,LOT-0296,STN-T1,START,2026-10-09T19:54:00,2026-10-09T19:56:00,CA2,,,,200,200,0,False,,
EVT-002299,LOT-0296,STN-PK,START,2026-10-09T19:56:30,2026-10-09T19:58:30,CA2,,,,200,200,0,False,,
EVT-002300,LOT-0296,STN-SHP,START,2026-10-09T19:59:00,2026-10-09T20:01:00,CA2,,,,200,200,0,False,,
EVT-002301,LOT-0297,STN-INB,START,2026-10-09T06:00:00,2026-10-09T06:02:00,CA1,,,,200,200,0,False,,
EVT-002302,LOT-0297,STN-M1,START,2026-10-09T06:02:30,2026-10-09T06:04:30,CA1,,,2.9,200,200,0,False,,
EVT-002303,LOT-0297,STN-M2,START,2026-10-09T06:05:00,2026-10-09T06:07:00,CA1,181.2,44.0,,200,200,0,False,,
EVT-002304,LOT-0297,STN-HT,START,2026-10-09T06:07:30,2026-10-09T06:17:30,CA1,176.9,,,200,200,0,False,,
EVT-002305,LOT-0297,STN-AS1,START,2026-10-09T06:18:00,2026-10-09T06:20:00,CA1,,,,200,200,0,False,,
EVT-002306,LOT-0297,STN-T1,START,2026-10-09T06:20:30,2026-10-09T06:22:30,CA1,,,,200,200,0,False,,
EVT-002307,LOT-0297,STN-PK,START,2026-10-09T06:23:00,2026-10-09T06:25:00,CA1,,,,200,200,0,False,,
EVT-002308,LOT-0297,STN-SHP,START,2026-10-09T06:25:30,2026-10-09T06:27:30,CA1,,,,200,200,0,False,,
EVT-002309,LOT-0298,STN-INB,START,2026-10-09T14:48:00,2026-10-09T14:50:00,CA2,,,,200,200,0,False,,
EVT-002310,LOT-0298,STN-M1,START,2026-10-09T14:50:30,2026-10-09T14:52:30,CA2,,,4.4,200,200,0,False,,
EVT-002311,LOT-0298,STN-M2,START,2026-10-09T14:53:00,2026-10-09T14:55:00,CA2,176.9,44.9,,200,200,0,False,,
EVT-002312,LOT-0298,STN-HT,START,2026-10-09T14:55:30,2026-10-09T15:05:30,CA2,175.5,,,200,200,0,False,,
EVT-002313,LOT-0298,STN-AS1,START,2026-10-09T15:06:00,2026-10-09T15:08:00,CA2,,,,200,200,0,False,,
EVT-002314,LOT-0298,STN-T1,START,2026-10-09T15:08:30,2026-10-09T15:10:30,CA2,,,,200,200,0,False,,
EVT-002315,LOT-0298,STN-PK,START,2026-10-09T15:11:00,2026-10-09T15:13:00,CA2,,,,200,200,0,False,,
EVT-002316,LOT-0298,STN-SHP,START,2026-10-09T15:13:30,2026-10-09T15:15:30,CA2,,,,200,200,0,False,,
EVT-002317,LOT-0299,STN-INB,START,2026-10-09T07:36:00,2026-10-09T07:38:00,CA1,,,,200,200,0,False,,
EVT-002318,LOT-0299,STN-M1,START,2026-10-09T07:38:30,2026-10-09T07:40:30,CA1,,,2.1,200,200,0,False,,
EVT-002319,LOT-0299,STN-HT,START,2026-10-09T07:41:00,2026-10-09T07:51:00,CA1,180.3,,,200,200,0,False,,
EVT-002320,LOT-0299,STN-AS2,START,2026-10-09T07:51:30,2026-10-09T07:53:30,CA1,,,,200,200,0,False,,
EVT-002321,LOT-0299,STN-T1,START,2026-10-09T07:54:00,2026-10-09T07:56:00,CA1,,,,200,200,0,False,,
EVT-002322,LOT-0299,STN-PK,START,2026-10-09T07:56:30,2026-10-09T07:58:30,CA1,,,,200,200,0,False,,
EVT-002323,LOT-0299,STN-SHP,START,2026-10-09T07:59:00,2026-10-09T08:01:00,CA1,,,,200,200,0,False,,
EVT-002324,LOT-0300,STN-INB,START,2026-10-09T16:24:00,2026-10-09T16:26:00,CA2,,,,200,200,0,False,,
EVT-002325,LOT-0300,STN-M1,START,2026-10-09T16:26:30,2026-10-09T16:28:30,CA2,,,5.2,200,200,0,False,,
EVT-002326,LOT-0300,STN-HT,START,2026-10-09T16:29:00,2026-10-09T16:39:00,CA2,177.0,,,200,200,0,False,,
EVT-002327,LOT-0300,STN-AS2,START,2026-10-09T16:39:30,2026-10-09T16:41:30,CA2,,,,200,200,0,False,,
EVT-002328,LOT-0300,STN-T1,START,2026-10-09T16:42:00,2026-10-09T16:44:00,CA2,,,,200,200,0,False,,
EVT-002329,LOT-0300,STN-PK,START,2026-10-09T16:44:30,2026-10-09T16:46:30,CA2,,,,200,200,0,False,,
EVT-002330,LOT-0300,STN-SHP,START,2026-10-09T16:47:00,2026-10-09T16:49:00,CA2,,,,200,200,0,False,,
EVT-002331,LOT-0301,STN-INB,START,2026-10-09T09:12:00,2026-10-09T09:14:00,CA1,,,,200,200,0,False,,
EVT-002332,LOT-0301,STN-M1,START,2026-10-09T09:14:30,2026-10-09T09:16:30,CA1,,,2.3,200,200,0,False,,
EVT-002333,LOT-0301,STN-M2,START,2026-10-09T09:17:00,2026-10-09T09:19:00,CA1,176.5,44.9,,200,200,0,False,,
EVT-002334,LOT-0301,STN-HT,START,2026-10-09T09:19:30,2026-10-09T09:29:30,CA1,183.1,,,200,200,0,False,,
EVT-002335,LOT-0301,STN-AS1,START,2026-10-09T09:30:00,2026-10-09T09:32:00,CA1,,,,200,200,0,False,,
EVT-002336,LOT-0301,STN-T1,START,2026-10-09T09:32:30,2026-10-09T09:34:30,CA1,,,,200,200,0,False,,
EVT-002337,LOT-0301,STN-PK,START,2026-10-09T09:35:00,2026-10-09T09:37:00,CA1,,,,200,200,0,False,,
EVT-002338,LOT-0301,STN-SHP,START,2026-10-09T09:37:30,2026-10-09T09:39:30,CA1,,,,200,200,0,False,,
EVT-002339,LOT-0302,STN-INB,START,2026-10-09T18:00:00,2026-10-09T18:02:00,CA2,,,,200,200,0,False,,
EVT-002340,LOT-0302,STN-M1,START,2026-10-09T18:02:30,2026-10-09T18:04:30,CA2,,,3.0,200,200,0,False,,
EVT-002341,LOT-0302,STN-M2,START,2026-10-09T18:05:00,2026-10-09T18:07:00,CA2,179.0,48.8,,200,200,0,False,,
EVT-002342,LOT-0302,STN-HT,START,2026-10-09T18:07:30,2026-10-09T18:17:30,CA2,182.9,,,200,200,0,False,,
EVT-002343,LOT-0302,STN-AS1,START,2026-10-09T18:18:00,2026-10-09T18:20:00,CA2,,,,200,200,0,False,,
EVT-002344,LOT-0302,STN-T1,START,2026-10-09T18:20:30,2026-10-09T18:22:30,CA2,,,,200,200,0,False,,
EVT-002345,LOT-0302,STN-PK,START,2026-10-09T18:23:00,2026-10-09T18:25:00,CA2,,,,200,200,0,False,,
EVT-002346,LOT-0302,STN-SHP,START,2026-10-09T18:25:30,2026-10-09T18:27:30,CA2,,,,200,200,0,False,,
EVT-002347,LOT-0303,STN-INB,START,2026-10-09T10:48:00,2026-10-09T10:50:00,CA1,,,,200,200,0,False,,
EVT-002348,LOT-0303,STN-M1,START,2026-10-09T10:50:30,2026-10-09T10:52:30,CA1,,,2.2,200,200,0,False,,
EVT-002349,LOT-0303,STN-HT,START,2026-10-09T10:53:00,2026-10-09T11:03:00,CA1,178.9,,,200,200,0,False,,
EVT-002350,LOT-0303,STN-AS2,START,2026-10-09T11:03:30,2026-10-09T11:05:30,CA1,,,,200,200,0,False,,
EVT-002351,LOT-0303,STN-T1,START,2026-10-09T11:06:00,2026-10-09T11:08:00,CA1,,,,200,200,0,False,,
EVT-002352,LOT-0303,STN-PK,START,2026-10-09T11:08:30,2026-10-09T11:10:30,CA1,,,,200,200,0,False,,
EVT-002353,LOT-0303,STN-SHP,START,2026-10-09T11:11:00,2026-10-09T11:13:00,CA1,,,,200,200,0,False,,
EVT-002354,LOT-0304,STN-INB,START,2026-10-09T19:36:00,2026-10-09T19:38:00,CA2,,,,200,200,0,False,,
EVT-002355,LOT-0304,STN-M1,START,2026-10-09T19:38:30,2026-10-09T19:40:30,CA2,,,2.4,200,200,0,False,,
EVT-002356,LOT-0304,STN-HT,START,2026-10-09T19:41:00,2026-10-09T19:51:00,CA2,178.7,,,200,200,0,False,,
EVT-002357,LOT-0304,STN-AS2,START,2026-10-09T19:51:30,2026-10-09T19:53:30,CA2,,,,200,200,0,False,,
EVT-002358,LOT-0304,STN-T1,START,2026-10-09T19:54:00,2026-10-09T19:56:00,CA2,,,,200,200,0,False,,
EVT-002359,LOT-0304,STN-PK,START,2026-10-09T19:56:30,2026-10-09T19:58:30,CA2,,,,200,200,0,False,,
EVT-002360,LOT-0304,STN-SHP,START,2026-10-09T19:59:00,2026-10-09T20:01:00,CA2,,,,200,200,0,False,,
EVT-002361,LOT-0305,STN-INB,START,2026-10-09T06:00:00,2026-10-09T06:02:00,CA1,,,,200,200,0,False,,
EVT-002362,LOT-0305,STN-M1,START,2026-10-09T06:02:30,2026-10-09T06:04:30,CA1,,,4.0,200,200,0,False,,
EVT-002363,LOT-0305,STN-M2,START,2026-10-09T06:05:00,2026-10-09T06:07:00,CA1,175.1,45.8,,200,200,0,False,,
EVT-002364,LOT-0305,STN-HT,START,2026-10-09T06:07:30,2026-10-09T06:17:30,CA1,177.1,,,200,200,0,False,,
EVT-002365,LOT-0305,STN-AS1,START,2026-10-09T06:18:00,2026-10-09T06:20:00,CA1,,,,200,200,0,False,,
EVT-002366,LOT-0305,STN-T1,START,2026-10-09T06:20:30,2026-10-09T06:22:30,CA1,,,,200,198,2,True,FORCE_DROP,FMEA-M2-001
EVT-002367,LOT-0305,STN-PK,START,2026-10-09T06:23:00,2026-10-09T06:25:00,CA1,,,,200,200,0,False,,
EVT-002368,LOT-0305,STN-SHP,START,2026-10-09T06:25:30,2026-10-09T06:27:30,CA1,,,,200,200,0,False,,
EVT-002369,LOT-0306,STN-INB,START,2026-10-09T14:48:00,2026-10-09T14:50:00,CA2,,,,200,200,0,False,,
EVT-002370,LOT-0306,STN-M1,START,2026-10-09T14:50:30,2026-10-09T14:52:30,CA2,,,3.9,200,200,0,False,,
EVT-002371,LOT-0306,STN-M2,START,2026-10-09T14:53:00,2026-10-09T14:55:00,CA2,173.0,43.0,,200,200,0,False,,
EVT-002372,LOT-0306,STN-HT,START,2026-10-09T14:55:30,2026-10-09T15:05:30,CA2,175.6,,,200,200,0,False,,
EVT-002373,LOT-0306,STN-AS1,START,2026-10-09T15:06:00,2026-10-09T15:08:00,CA2,,,,200,200,0,False,,
EVT-002374,LOT-0306,STN-T1,START,2026-10-09T15:08:30,2026-10-09T15:10:30,CA2,,,,200,200,0,False,,
EVT-002375,LOT-0306,STN-PK,START,2026-10-09T15:11:00,2026-10-09T15:13:00,CA2,,,,200,200,0,False,,
EVT-002376,LOT-0306,STN-SHP,START,2026-10-09T15:13:30,2026-10-09T15:15:30,CA2,,,,200,200,0,False,,
EVT-002377,LOT-0307,STN-INB,START,2026-10-09T07:36:00,2026-10-09T07:38:00,CA1,,,,200,200,0,False,,
EVT-002378,LOT-0307,STN-M1,START,2026-10-09T07:38:30,2026-10-09T07:40:30,CA1,,,4.4,200,198,2,True,TEMP_SPIKE,FMEA-M2-001
EVT-002379,LOT-0307,STN-HT,START,2026-10-09T07:41:00,2026-10-09T07:51:00,CA1,182.6,,,200,200,0,False,,
EVT-002380,LOT-0307,STN-AS2,START,2026-10-09T07:51:30,2026-10-09T07:53:30,CA1,,,,200,200,0,False,,
EVT-002381,LOT-0307,STN-T1,START,2026-10-09T07:54:00,2026-10-09T07:56:00,CA1,,,,200,200,0,False,,
EVT-002382,LOT-0307,STN-PK,START,2026-10-09T07:56:30,2026-10-09T07:58:30,CA1,,,,200,200,0,False,,
EVT-002383,LOT-0307,STN-SHP,START,2026-10-09T07:59:00,2026-10-09T08:01:00,CA1,,,,200,200,0,False,,
EVT-002384,LOT-0308,STN-INB,START,2026-10-09T16:24:00,2026-10-09T16:26:00,CA2,,,,200,200,0,False,,
EVT-002385,LOT-0308,STN-M1,START,2026-10-09T16:26:30,2026-10-09T16:28:30,CA2,,,4.6,200,200,0,False,,
EVT-002386,LOT-0308,STN-HT,START,2026-10-09T16:29:00,2026-10-09T16:39:00,CA2,180.3,,,200,200,0,False,,
EVT-002387,LOT-0308,STN-AS2,START,2026-10-09T16:39:30,2026-10-09T16:41:30,CA2,,,,200,200,0,False,,
EVT-002388,LOT-0308,STN-T1,START,2026-10-09T16:42:00,2026-10-09T16:44:00,CA2,,,,200,200,0,False,,
EVT-002389,LOT-0308,STN-PK,START,2026-10-09T16:44:30,2026-10-09T16:46:30,CA2,,,,200,200,0,False,,
EVT-002390,LOT-0308,STN-SHP,START,2026-10-09T16:47:00,2026-10-09T16:49:00,CA2,,,,200,200,0,False,,
EVT-002391,LOT-0309,STN-INB,START,2026-10-09T09:12:00,2026-10-09T09:14:00,CA1,,,,200,200,0,False,,
EVT-002392,LOT-0309,STN-M1,START,2026-10-09T09:14:30,2026-10-09T09:16:30,CA1,,,2.1,200,200,0,False,,
EVT-002393,LOT-0309,STN-M2,START,2026-10-09T09:17:00,2026-10-09T09:19:00,CA1,180.4,46.3,,200,200,0,False,,
EVT-002394,LOT-0309,STN-HT,START,2026-10-09T09:19:30,2026-10-09T09:29:30,CA1,180.3,,,200,200,0,False,,
EVT-002395,LOT-0309,STN-AS1,START,2026-10-09T09:30:00,2026-10-09T09:32:00,CA1,,,,200,200,0,False,,
EVT-002396,LOT-0309,STN-T1,START,2026-10-09T09:32:30,2026-10-09T09:34:30,CA1,,,,200,200,0,False,,
EVT-002397,LOT-0309,STN-PK,START,2026-10-09T09:35:00,2026-10-09T09:37:00,CA1,,,,200,200,0,False,,
EVT-002398,LOT-0309,STN-SHP,START,2026-10-09T09:37:30,2026-10-09T09:39:30,CA1,,,,200,200,0,False,,
EVT-002399,LOT-0310,STN-INB,START,2026-10-09T18:00:00,2026-10-09T18:02:00,CA2,,,,200,200,0,False,,
EVT-002400,LOT-0310,STN-M1,START,2026-10-09T18:02:30,2026-10-09T18:04:30,CA2,,,4.4,200,200,0,False,,
EVT-002401,LOT-0310,STN-M2,START,2026-10-09T18:05:00,2026-10-09T18:07:00,CA2,182.7,45.2,,200,200,0,False,,
EVT-002402,LOT-0310,STN-HT,START,2026-10-09T18:07:30,2026-10-09T18:17:30,CA2,176.1,,,200,200,0,False,,
EVT-002403,LOT-0310,STN-AS1,START,2026-10-09T18:18:00,2026-10-09T18:20:00,CA2,,,,200,200,0,False,,
EVT-002404,LOT-0310,STN-T1,START,2026-10-09T18:20:30,2026-10-09T18:22:30,CA2,,,,200,200,0,False,,
EVT-002405,LOT-0310,STN-PK,START,2026-10-09T18:23:00,2026-10-09T18:25:00,CA2,,,,200,200,0,False,,
EVT-002406,LOT-0310,STN-SHP,START,2026-10-09T18:25:30,2026-10-09T18:27:30,CA2,,,,200,200,0,False,,
EVT-002407,LOT-0311,STN-INB,START,2026-10-09T10:48:00,2026-10-09T10:50:00,CA1,,,,200,200,0,False,,
EVT-002408,LOT-0311,STN-M1,START,2026-10-09T10:50:30,2026-10-09T10:52:30,CA1,,,4.6,200,200,0,False,,
EVT-002409,LOT-0311,STN-HT,START,2026-10-09T10:53:00,2026-10-09T11:03:00,CA1,175.5,,,200,200,0,False,,
EVT-002410,LOT-0311,STN-AS2,START,2026-10-09T11:03:30,2026-10-09T11:05:30,CA1,,,,200,200,0,False,,
EVT-002411,LOT-0311,STN-T1,START,2026-10-09T11:06:00,2026-10-09T11:08:00,CA1,,,,200,200,0,False,,
EVT-002412,LOT-0311,STN-PK,START,2026-10-09T11:08:30,2026-10-09T11:10:30,CA1,,,,200,200,0,False,,
EVT-002413,LOT-0311,STN-SHP,START,2026-10-09T11:11:00,2026-10-09T11:13:00,CA1,,,,200,200,0,False,,
EVT-002414,LOT-0312,STN-INB,START,2026-10-09T19:36:00,2026-10-09T19:38:00,CA2,,,,200,200,0,False,,
EVT-002415,LOT-0312,STN-M1,START,2026-10-09T19:38:30,2026-10-09T19:40:30,CA2,,,3.6,200,200,0,False,,
EVT-002416,LOT-0312,STN-HT,START,2026-10-09T19:41:00,2026-10-09T19:51:00,CA2,176.8,,,200,200,0,False,,
EVT-002417,LOT-0312,STN-AS2,START,2026-10-09T19:51:30,2026-10-09T19:53:30,CA2,,,,200,200,0,False,,
EVT-002418,LOT-0312,STN-T1,START,2026-10-09T19:54:00,2026-10-09T19:56:00,CA2,,,,200,200,0,False,,
EVT-002419,LOT-0312,STN-PK,START,2026-10-09T19:56:30,2026-10-09T19:58:30,CA2,,,,200,200,0,False,,
EVT-002420,LOT-0312,STN-SHP,START,2026-10-09T19:59:00,2026-10-09T20:01:00,CA2,,,,200,200,0,False,,
EVT-002421,LOT-0313,STN-INB,START,2026-10-09T06:00:00,2026-10-09T06:02:00,CA1,,,,200,200,0,False,,
EVT-002422,LOT-0313,STN-M1,START,2026-10-09T06:02:30,2026-10-09T06:04:30,CA1,,,4.2,200,200,0,False,,
EVT-002423,LOT-0313,STN-M2,START,2026-10-09T06:05:00,2026-10-09T06:07:00,CA1,177.3,48.9,,200,200,0,False,,
EVT-002424,LOT-0313,STN-HT,START,2026-10-09T06:07:30,2026-10-09T06:17:30,CA1,176.5,,,200,200,0,False,,
EVT-002425,LOT-0313,STN-AS1,START,2026-10-09T06:18:00,2026-10-09T06:20:00,CA1,,,,200,200,0,False,,
EVT-002426,LOT-0313,STN-T1,START,2026-10-09T06:20:30,2026-10-09T06:22:30,CA1,,,,200,200,0,False,,
EVT-002427,LOT-0313,STN-PK,START,2026-10-09T06:23:00,2026-10-09T06:25:00,CA1,,,,200,200,0,False,,
EVT-002428,LOT-0313,STN-SHP,START,2026-10-09T06:25:30,2026-10-09T06:27:30,CA1,,,,200,200,0,False,,
EVT-002429,LOT-0314,STN-INB,START,2026-10-09T14:48:00,2026-10-09T14:50:00,CA2,,,,200,200,0,False,,
EVT-002430,LOT-0314,STN-M1,START,2026-10-09T14:50:30,2026-10-09T14:52:30,CA2,,,3.5,200,200,0,False,,
EVT-002431,LOT-0314,STN-M2,START,2026-10-09T14:53:00,2026-10-09T14:55:00,CA2,178.7,44.8,,200,200,0,False,,
EVT-002432,LOT-0314,STN-HT,START,2026-10-09T14:55:30,2026-10-09T15:05:30,CA2,180.1,,,200,200,0,False,,
EVT-002433,LOT-0314,STN-AS1,START,2026-10-09T15:06:00,2026-10-09T15:08:00,CA2,,,,200,200,0,False,,
EVT-002434,LOT-0314,STN-T1,START,2026-10-09T15:08:30,2026-10-09T15:10:30,CA2,,,,200,200,0,False,,
EVT-002435,LOT-0314,STN-PK,START,2026-10-09T15:11:00,2026-10-09T15:13:00,CA2,,,,200,200,0,False,,
EVT-002436,LOT-0314,STN-SHP,START,2026-10-09T15:13:30,2026-10-09T15:15:30,CA2,,,,200,200,0,False,,
EVT-002437,LOT-0315,STN-INB,START,2026-10-09T07:36:00,2026-10-09T07:38:00,CA1,,,,200,200,0,False,,
EVT-002438,LOT-0315,STN-M1,START,2026-10-09T07:38:30,2026-10-09T07:40:30,CA1,,,3.8,200,200,0,False,,
EVT-002439,LOT-0315,STN-HT,START,2026-10-09T07:41:00,2026-10-09T07:51:00,CA1,180.2,,,200,200,0,False,,
EVT-002440,LOT-0315,STN-AS2,START,2026-10-09T07:51:30,2026-10-09T07:53:30,CA1,,,,200,200,0,False,,
EVT-002441,LOT-0315,STN-T1,START,2026-10-09T07:54:00,2026-10-09T07:56:00,CA1,,,,200,200,0,False,,
EVT-002442,LOT-0315,STN-PK,START,2026-10-09T07:56:30,2026-10-09T07:58:30,CA1,,,,200,200,0,False,,
EVT-002443,LOT-0315,STN-SHP,START,2026-10-09T07:59:00,2026-10-09T08:01:00,CA1,,,,200,200,0,False,,
EVT-002444,LOT-0316,STN-INB,START,2026-10-09T16:24:00,2026-10-09T16:26:00,CA2,,,,200,200,0,False,,
EVT-002445,LOT-0316,STN-M1,START,2026-10-09T16:26:30,2026-10-09T16:28:30,CA2,,,3.1,200,200,0,False,,
EVT-002446,LOT-0316,STN-HT,START,2026-10-09T16:29:00,2026-10-09T16:39:00,CA2,179.7,,,200,200,0,False,,
EVT-002447,LOT-0316,STN-AS2,START,2026-10-09T16:39:30,2026-10-09T16:41:30,CA2,,,,200,200,0,False,,
EVT-002448,LOT-0316,STN-T1,START,2026-10-09T16:42:00,2026-10-09T16:44:00,CA2,,,,200,200,0,False,,
EVT-002449,LOT-0316,STN-PK,START,2026-10-09T16:44:30,2026-10-09T16:46:30,CA2,,,,200,200,0,False,,
EVT-002450,LOT-0316,STN-SHP,START,2026-10-09T16:47:00,2026-10-09T16:49:00,CA2,,,,200,200,0,False,,
EVT-002451,LOT-0317,STN-INB,START,2026-10-10T06:00:00,2026-10-10T06:02:00,CA1,,,,200,200,0,False,,
EVT-002452,LOT-0317,STN-M1,START,2026-10-10T06:02:30,2026-10-10T06:04:30,CA1,,,5.2,200,200,0,False,,
EVT-002453,LOT-0317,STN-M2,START,2026-10-10T06:05:00,2026-10-10T06:07:00,CA1,176.7,47.0,,200,200,0,False,,
EVT-002454,LOT-0317,STN-HT,START,2026-10-10T06:07:30,2026-10-10T06:17:30,CA1,178.9,,,200,200,0,False,,
EVT-002455,LOT-0317,STN-AS1,START,2026-10-10T06:18:00,2026-10-10T06:20:00,CA1,,,,200,200,0,False,,
EVT-002456,LOT-0317,STN-T1,START,2026-10-10T06:20:30,2026-10-10T06:22:30,CA1,,,,200,200,0,False,,
EVT-002457,LOT-0317,STN-PK,START,2026-10-10T06:23:00,2026-10-10T06:25:00,CA1,,,,200,200,0,False,,
EVT-002458,LOT-0317,STN-SHP,START,2026-10-10T06:25:30,2026-10-10T06:27:30,CA1,,,,200,200,0,False,,
EVT-002459,LOT-0318,STN-INB,START,2026-10-10T14:48:00,2026-10-10T14:50:00,CA2,,,,200,200,0,False,,
EVT-002460,LOT-0318,STN-M1,START,2026-10-10T14:50:30,2026-10-10T14:52:30,CA2,,,4.3,200,200,0,False,,
EVT-002461,LOT-0318,STN-M2,START,2026-10-10T14:53:00,2026-10-10T14:55:00,CA2,182.1,41.8,,200,200,0,False,,
EVT-002462,LOT-0318,STN-HT,START,2026-10-10T14:55:30,2026-10-10T15:05:30,CA2,174.4,,,200,200,0,False,,
EVT-002463,LOT-0318,STN-AS1,START,2026-10-10T15:06:00,2026-10-10T15:08:00,CA2,,,,200,200,0,False,,
EVT-002464,LOT-0318,STN-T1,START,2026-10-10T15:08:30,2026-10-10T15:10:30,CA2,,,,200,198,2,True,FORCE_DROP,FMEA-M2-001
EVT-002465,LOT-0318,STN-PK,START,2026-10-10T15:11:00,2026-10-10T15:13:00,CA2,,,,200,200,0,False,,
EVT-002466,LOT-0318,STN-SHP,START,2026-10-10T15:13:30,2026-10-10T15:15:30,CA2,,,,200,200,0,False,,
EVT-002467,LOT-0319,STN-INB,START,2026-10-10T07:36:00,2026-10-10T07:38:00,CA1,,,,200,200,0,False,,
EVT-002468,LOT-0319,STN-M1,START,2026-10-10T07:38:30,2026-10-10T07:40:30,CA1,,,3.3,200,200,0,False,,
EVT-002469,LOT-0319,STN-HT,START,2026-10-10T07:41:00,2026-10-10T07:51:00,CA1,180.6,,,200,200,0,False,,
EVT-002470,LOT-0319,STN-AS2,START,2026-10-10T07:51:30,2026-10-10T07:53:30,CA1,,,,200,198,2,True,FORCE_DROP,FMEA-M2-001
EVT-002471,LOT-0319,STN-T1,START,2026-10-10T07:54:00,2026-10-10T07:56:00,CA1,,,,200,200,0,False,,
EVT-002472,LOT-0319,STN-PK,START,2026-10-10T07:56:30,2026-10-10T07:58:30,CA1,,,,200,200,0,False,,
EVT-002473,LOT-0319,STN-SHP,START,2026-10-10T07:59:00,2026-10-10T08:01:00,CA1,,,,200,200,0,False,,
EVT-002474,LOT-0320,STN-INB,START,2026-10-10T16:24:00,2026-10-10T16:26:00,CA2,,,,200,200,0,False,,
EVT-002475,LOT-0320,STN-M1,START,2026-10-10T16:26:30,2026-10-10T16:28:30,CA2,,,3.7,200,200,0,False,,
EVT-002476,LOT-0320,STN-HT,START,2026-10-10T16:29:00,2026-10-10T16:39:00,CA2,175.5,,,200,200,0,False,,
EVT-002477,LOT-0320,STN-AS2,START,2026-10-10T16:39:30,2026-10-10T16:41:30,CA2,,,,200,200,0,False,,
EVT-002478,LOT-0320,STN-T1,START,2026-10-10T16:42:00,2026-10-10T16:44:00,CA2,,,,200,200,0,False,,
EVT-002479,LOT-0320,STN-PK,START,2026-10-10T16:44:30,2026-10-10T16:46:30,CA2,,,,200,200,0,False,,
EVT-002480,LOT-0320,STN-SHP,START,2026-10-10T16:47:00,2026-10-10T16:49:00,CA2,,,,200,200,0,False,,
EVT-002481,LOT-0321,STN-INB,START,2026-10-10T09:12:00,2026-10-10T09:14:00,CA1,,,,200,200,0,False,,
EVT-002482,LOT-0321,STN-M1,START,2026-10-10T09:14:30,2026-10-10T09:16:30,CA1,,,3.8,200,200,0,False,,
EVT-002483,LOT-0321,STN-M2,START,2026-10-10T09:17:00,2026-10-10T09:19:00,CA1,179.1,41.9,,200,200,0,False,,
EVT-002484,LOT-0321,STN-HT,START,2026-10-10T09:19:30,2026-10-10T09:29:30,CA1,179.1,,,200,200,0,False,,
EVT-002485,LOT-0321,STN-AS1,START,2026-10-10T09:30:00,2026-10-10T09:32:00,CA1,,,,200,200,0,False,,
EVT-002486,LOT-0321,STN-T1,START,2026-10-10T09:32:30,2026-10-10T09:34:30,CA1,,,,200,198,2,True,TOOL_VIBRATION,FMEA-M2-001
EVT-002487,LOT-0321,STN-PK,START,2026-10-10T09:35:00,2026-10-10T09:37:00,CA1,,,,200,200,0,False,,
EVT-002488,LOT-0321,STN-SHP,START,2026-10-10T09:37:30,2026-10-10T09:39:30,CA1,,,,200,200,0,False,,
EVT-002489,LOT-0322,STN-INB,START,2026-10-10T18:00:00,2026-10-10T18:02:00,CA2,,,,200,200,0,False,,
EVT-002490,LOT-0322,STN-M1,START,2026-10-10T18:02:30,2026-10-10T18:04:30,CA2,,,3.1,200,200,0,False,,
EVT-002491,LOT-0322,STN-M2,START,2026-10-10T18:05:00,2026-10-10T18:07:00,CA2,183.7,42.2,,200,200,0,False,,
EVT-002492,LOT-0322,STN-HT,START,2026-10-10T18:07:30,2026-10-10T18:17:30,CA2,180.0,,,200,200,0,False,,
EVT-002493,LOT-0322,STN-AS1,START,2026-10-10T18:18:00,2026-10-10T18:20:00,CA2,,,,200,200,0,False,,
EVT-002494,LOT-0322,STN-T1,START,2026-10-10T18:20:30,2026-10-10T18:22:30,CA2,,,,200,200,0,False,,
EVT-002495,LOT-0322,STN-PK,START,2026-10-10T18:23:00,2026-10-10T18:25:00,CA2,,,,200,200,0,False,,
EVT-002496,LOT-0322,STN-SHP,START,2026-10-10T18:25:30,2026-10-10T18:27:30,CA2,,,,200,200,0,False,,
EVT-002497,LOT-0323,STN-INB,START,2026-10-10T10:48:00,2026-10-10T10:50:00,CA1,,,,200,200,0,False,,
EVT-002498,LOT-0323,STN-M1,START,2026-10-10T10:50:30,2026-10-10T10:52:30,CA1,,,2.9,200,200,0,False,,
EVT-002499,LOT-0323,STN-HT,START,2026-10-10T10:53:00,2026-10-10T11:03:00,CA1,181.1,,,200,200,0,False,,
EVT-002500,LOT-0323,STN-AS2,START,2026-10-10T11:03:30,2026-10-10T11:05:30,CA1,,,,200,200,0,False,,
EVT-002501,LOT-0323,STN-T1,START,2026-10-10T11:06:00,2026-10-10T11:08:00,CA1,,,,200,200,0,False,,
EVT-002502,LOT-0323,STN-PK,START,2026-10-10T11:08:30,2026-10-10T11:10:30,CA1,,,,200,200,0,False,,
EVT-002503,LOT-0323,STN-SHP,START,2026-10-10T11:11:00,2026-10-10T11:13:00,CA1,,,,200,200,0,False,,
EVT-002504,LOT-0324,STN-INB,START,2026-10-10T19:36:00,2026-10-10T19:38:00,CA2,,,,200,200,0,False,,
EVT-002505,LOT-0324,STN-M1,START,2026-10-10T19:38:30,2026-10-10T19:40:30,CA2,,,4.0,200,200,0,False,,
EVT-002506,LOT-0324,STN-HT,START,2026-10-10T19:41:00,2026-10-10T19:51:00,CA2,179.4,,,200,200,0,False,,
EVT-002507,LOT-0324,STN-AS2,START,2026-10-10T19:51:30,2026-10-10T19:53:30,CA2,,,,200,200,0,False,,
EVT-002508,LOT-0324,STN-T1,START,2026-10-10T19:54:00,2026-10-10T19:56:00,CA2,,,,200,200,0,False,,
EVT-002509,LOT-0324,STN-PK,START,2026-10-10T19:56:30,2026-10-10T19:58:30,CA2,,,,200,200,0,False,,
EVT-002510,LOT-0324,STN-SHP,START,2026-10-10T19:59:00,2026-10-10T20:01:00,CA2,,,,200,200,0,False,,
EVT-002511,LOT-0325,STN-INB,START,2026-10-10T06:00:00,2026-10-10T06:02:00,CA1,,,,200,200,0,False,,
EVT-002512,LOT-0325,STN-M1,START,2026-10-10T06:02:30,2026-10-10T06:04:30,CA1,,,3.0,200,200,0,False,,
EVT-002513,LOT-0325,STN-M2,START,2026-10-10T06:05:00,2026-10-10T06:07:00,CA1,178.1,42.7,,200,200,0,False,,
EVT-002514,LOT-0325,STN-HT,START,2026-10-10T06:07:30,2026-10-10T06:17:30,CA1,177.1,,,200,200,0,False,,
EVT-002515,LOT-0325,STN-AS1,START,2026-10-10T06:18:00,2026-10-10T06:20:00,CA1,,,,200,200,0,False,,
EVT-002516,LOT-0325,STN-T1,START,2026-10-10T06:20:30,2026-10-10T06:22:30,CA1,,,,200,200,0,False,,
EVT-002517,LOT-0325,STN-PK,START,2026-10-10T06:23:00,2026-10-10T06:25:00,CA1,,,,200,200,0,False,,
EVT-002518,LOT-0325,STN-SHP,START,2026-10-10T06:25:30,2026-10-10T06:27:30,CA1,,,,200,200,0,False,,
EVT-002519,LOT-0326,STN-INB,START,2026-10-10T14:48:00,2026-10-10T14:50:00,CA2,,,,200,200,0,False,,
EVT-002520,LOT-0326,STN-M1,START,2026-10-10T14:50:30,2026-10-10T14:52:30,CA2,,,4.1,200,200,0,False,,
EVT-002521,LOT-0326,STN-M2,START,2026-10-10T14:53:00,2026-10-10T14:55:00,CA2,178.5,44.6,,200,200,0,False,,
EVT-002522,LOT-0326,STN-HT,START,2026-10-10T14:55:30,2026-10-10T15:05:30,CA2,176.1,,,200,200,0,False,,
EVT-002523,LOT-0326,STN-AS1,START,2026-10-10T15:06:00,2026-10-10T15:08:00,CA2,,,,200,200,0,False,,
EVT-002524,LOT-0326,STN-T1,START,2026-10-10T15:08:30,2026-10-10T15:10:30,CA2,,,,200,200,0,False,,
EVT-002525,LOT-0326,STN-PK,START,2026-10-10T15:11:00,2026-10-10T15:13:00,CA2,,,,200,200,0,False,,
EVT-002526,LOT-0326,STN-SHP,START,2026-10-10T15:13:30,2026-10-10T15:15:30,CA2,,,,200,200,0,False,,
EVT-002527,LOT-0327,STN-INB,START,2026-10-10T07:36:00,2026-10-10T07:38:00,CA1,,,,200,200,0,False,,
EVT-002528,LOT-0327,STN-M1,START,2026-10-10T07:38:30,2026-10-10T07:40:30,CA1,,,3.2,200,200,0,False,,
EVT-002529,LOT-0327,STN-HT,START,2026-10-10T07:41:00,2026-10-10T07:51:00,CA1,175.6,,,200,200,0,False,,
EVT-002530,LOT-0327,STN-AS2,START,2026-10-10T07:51:30,2026-10-10T07:53:30,CA1,,,,200,200,0,False,,
EVT-002531,LOT-0327,STN-T1,START,2026-10-10T07:54:00,2026-10-10T07:56:00,CA1,,,,200,200,0,False,,
EVT-002532,LOT-0327,STN-PK,START,2026-10-10T07:56:30,2026-10-10T07:58:30,CA1,,,,200,200,0,False,,
EVT-002533,LOT-0327,STN-SHP,START,2026-10-10T07:59:00,2026-10-10T08:01:00,CA1,,,,200,200,0,False,,
EVT-002534,LOT-0328,STN-INB,START,2026-10-10T16:24:00,2026-10-10T16:26:00,CA2,,,,200,200,0,False,,
EVT-002535,LOT-0328,STN-M1,START,2026-10-10T16:26:30,2026-10-10T16:28:30,CA2,,,2.3,200,200,0,False,,
EVT-002536,LOT-0328,STN-HT,START,2026-10-10T16:29:00,2026-10-10T16:39:00,CA2,177.1,,,200,200,0,False,,
EVT-002537,LOT-0328,STN-AS2,START,2026-10-10T16:39:30,2026-10-10T16:41:30,CA2,,,,200,200,0,False,,
EVT-002538,LOT-0328,STN-T1,START,2026-10-10T16:42:00,2026-10-10T16:44:00,CA2,,,,200,200,0,False,,
EVT-002539,LOT-0328,STN-PK,START,2026-10-10T16:44:30,2026-10-10T16:46:30,CA2,,,,200,200,0,False,,
EVT-002540,LOT-0328,STN-SHP,START,2026-10-10T16:47:00,2026-10-10T16:49:00,CA2,,,,200,200,0,False,,
EVT-002541,LOT-0329,STN-INB,START,2026-10-10T09:12:00,2026-10-10T09:14:00,CA1,,,,200,200,0,False,,
EVT-002542,LOT-0329,STN-M1,START,2026-10-10T09:14:30,2026-10-10T09:16:30,CA1,,,3.7,200,200,0,False,,
EVT-002543,LOT-0329,STN-M2,START,2026-10-10T09:17:00,2026-10-10T09:19:00,CA1,180.1,47.9,,200,200,0,False,,
EVT-002544,LOT-0329,STN-HT,START,2026-10-10T09:19:30,2026-10-10T09:29:30,CA1,176.3,,,200,200,0,False,,
EVT-002545,LOT-0329,STN-AS1,START,2026-10-10T09:30:00,2026-10-10T09:32:00,CA1,,,,200,200,0,False,,
EVT-002546,LOT-0329,STN-T1,START,2026-10-10T09:32:30,2026-10-10T09:34:30,CA1,,,,200,200,0,False,,
EVT-002547,LOT-0329,STN-PK,START,2026-10-10T09:35:00,2026-10-10T09:37:00,CA1,,,,200,200,0,False,,
EVT-002548,LOT-0329,STN-SHP,START,2026-10-10T09:37:30,2026-10-10T09:39:30,CA1,,,,200,200,0,False,,
EVT-002549,LOT-0330,STN-INB,START,2026-10-10T18:00:00,2026-10-10T18:02:00,CA2,,,,200,200,0,False,,
EVT-002550,LOT-0330,STN-M1,START,2026-10-10T18:02:30,2026-10-10T18:04:30,CA2,,,4.7,200,200,0,False,,
EVT-002551,LOT-0330,STN-M2,START,2026-10-10T18:05:00,2026-10-10T18:07:00,CA2,178.4,46.5,,200,200,0,False,,
EVT-002552,LOT-0330,STN-HT,START,2026-10-10T18:07:30,2026-10-10T18:17:30,CA2,177.4,,,200,200,0,False,,
EVT-002553,LOT-0330,STN-AS1,START,2026-10-10T18:18:00,2026-10-10T18:20:00,CA2,,,,200,200,0,False,,
EVT-002554,LOT-0330,STN-T1,START,2026-10-10T18:20:30,2026-10-10T18:22:30,CA2,,,,200,200,0,False,,
EVT-002555,LOT-0330,STN-PK,START,2026-10-10T18:23:00,2026-10-10T18:25:00,CA2,,,,200,200,0,False,,
EVT-002556,LOT-0330,STN-SHP,START,2026-10-10T18:25:30,2026-10-10T18:27:30,CA2,,,,200,200,0,False,,
EVT-002557,LOT-0331,STN-INB,START,2026-10-10T10:48:00,2026-10-10T10:50:00,CA1,,,,200,200,0,False,,
EVT-002558,LOT-0331,STN-M1,START,2026-10-10T10:50:30,2026-10-10T10:52:30,CA1,,,3.4,200,200,0,False,,
EVT-002559,LOT-0331,STN-HT,START,2026-10-10T10:53:00,2026-10-10T11:03:00,CA1,179.3,,,200,200,0,False,,
EVT-002560,LOT-0331,STN-AS2,START,2026-10-10T11:03:30,2026-10-10T11:05:30,CA1,,,,200,200,0,False,,
EVT-002561,LOT-0331,STN-T1,START,2026-10-10T11:06:00,2026-10-10T11:08:00,CA1,,,,200,200,0,False,,
EVT-002562,LOT-0331,STN-PK,START,2026-10-10T11:08:30,2026-10-10T11:10:30,CA1,,,,200,200,0,False,,
EVT-002563,LOT-0331,STN-SHP,START,2026-10-10T11:11:00,2026-10-10T11:13:00,CA1,,,,200,200,0,False,,
EVT-002564,LOT-0332,STN-INB,START,2026-10-10T19:36:00,2026-10-10T19:38:00,CA2,,,,200,200,0,False,,
EVT-002565,LOT-0332,STN-M1,START,2026-10-10T19:38:30,2026-10-10T19:40:30,CA2,,,3.6,200,200,0,False,,
EVT-002566,LOT-0332,STN-HT,START,2026-10-10T19:41:00,2026-10-10T19:51:00,CA2,177.0,,,200,200,0,False,,
EVT-002567,LOT-0332,STN-AS2,START,2026-10-10T19:51:30,2026-10-10T19:53:30,CA2,,,,200,200,0,False,,
EVT-002568,LOT-0332,STN-T1,START,2026-10-10T19:54:00,2026-10-10T19:56:00,CA2,,,,200,200,0,False,,
EVT-002569,LOT-0332,STN-PK,START,2026-10-10T19:56:30,2026-10-10T19:58:30,CA2,,,,200,200,0,False,,
EVT-002570,LOT-0332,STN-SHP,START,2026-10-10T19:59:00,2026-10-10T20:01:00,CA2,,,,200,200,0,False,,
EVT-002571,LOT-0333,STN-INB,START,2026-10-10T06:00:00,2026-10-10T06:02:00,CA1,,,,200,200,0,False,,
EVT-002572,LOT-0333,STN-M1,START,2026-10-10T06:02:30,2026-10-10T06:04:30,CA1,,,4.0,200,200,0,False,,
EVT-002573,LOT-0333,STN-M2,START,2026-10-10T06:05:00,2026-10-10T06:07:00,CA1,172.4,44.3,,200,200,0,False,,
EVT-002574,LOT-0333,STN-HT,START,2026-10-10T06:07:30,2026-10-10T06:17:30,CA1,177.0,,,200,200,0,False,,
EVT-002575,LOT-0333,STN-AS1,START,2026-10-10T06:18:00,2026-10-10T06:20:00,CA1,,,,200,200,0,False,,
EVT-002576,LOT-0333,STN-T1,START,2026-10-10T06:20:30,2026-10-10T06:22:30,CA1,,,,200,200,0,False,,
EVT-002577,LOT-0333,STN-PK,START,2026-10-10T06:23:00,2026-10-10T06:25:00,CA1,,,,200,200,0,False,,
EVT-002578,LOT-0333,STN-SHP,START,2026-10-10T06:25:30,2026-10-10T06:27:30,CA1,,,,200,200,0,False,,
EVT-002579,LOT-0334,STN-INB,START,2026-10-10T14:48:00,2026-10-10T14:50:00,CA2,,,,200,200,0,False,,
EVT-002580,LOT-0334,STN-M1,START,2026-10-10T14:50:30,2026-10-10T14:52:30,CA2,,,3.0,200,198,2,True,TOOL_VIBRATION,FMEA-M2-001
EVT-002581,LOT-0334,STN-M2,START,2026-10-10T14:53:00,2026-10-10T14:55:00,CA2,175.1,46.3,,200,200,0,False,,
EVT-002582,LOT-0334,STN-HT,START,2026-10-10T14:55:30,2026-10-10T15:05:30,CA2,176.5,,,200,200,0,False,,
EVT-002583,LOT-0334,STN-AS1,START,2026-10-10T15:06:00,2026-10-10T15:08:00,CA2,,,,200,200,0,False,,
EVT-002584,LOT-0334,STN-T1,START,2026-10-10T15:08:30,2026-10-10T15:10:30,CA2,,,,200,200,0,False,,
EVT-002585,LOT-0334,STN-PK,START,2026-10-10T15:11:00,2026-10-10T15:13:00,CA2,,,,200,200,0,False,,
EVT-002586,LOT-0334,STN-SHP,START,2026-10-10T15:13:30,2026-10-10T15:15:30,CA2,,,,200,200,0,False,,
EVT-002587,LOT-0335,STN-INB,START,2026-10-10T07:36:00,2026-10-10T07:38:00,CA1,,,,200,198,2,True,TOOL_VIBRATION,FMEA-M2-001
EVT-002588,LOT-0335,STN-M1,START,2026-10-10T07:38:30,2026-10-10T07:40:30,CA1,,,3.6,200,200,0,False,,
EVT-002589,LOT-0335,STN-HT,START,2026-10-10T07:41:00,2026-10-10T07:51:00,CA1,176.4,,,200,200,0,False,,
EVT-002590,LOT-0335,STN-AS2,START,2026-10-10T07:51:30,2026-10-10T07:53:30,CA1,,,,200,198,2,True,TOOL_VIBRATION,FMEA-M2-001
EVT-002591,LOT-0335,STN-T1,START,2026-10-10T07:54:00,2026-10-10T07:56:00,CA1,,,,200,200,0,False,,
EVT-002592,LOT-0335,STN-PK,START,2026-10-10T07:56:30,2026-10-10T07:58:30,CA1,,,,200,200,0,False,,
EVT-002593,LOT-0335,STN-SHP,START,2026-10-10T07:59:00,2026-10-10T08:01:00,CA1,,,,200,200,0,False,,
EVT-002594,LOT-0336,STN-INB,START,2026-10-10T16:24:00,2026-10-10T16:26:00,CA2,,,,200,200,0,False,,
EVT-002595,LOT-0336,STN-M1,START,2026-10-10T16:26:30,2026-10-10T16:28:30,CA2,,,4.5,200,200,0,False,,
EVT-002596,LOT-0336,STN-HT,START,2026-10-10T16:29:00,2026-10-10T16:39:00,CA2,172.1,,,200,198,2,True,TOOL_VIBRATION,FMEA-M2-001
EVT-002597,LOT-0336,STN-AS2,START,2026-10-10T16:39:30,2026-10-10T16:41:30,CA2,,,,200,200,0,False,,
EVT-002598,LOT-0336,STN-T1,START,2026-10-10T16:42:00,2026-10-10T16:44:00,CA2,,,,200,200,0,False,,
EVT-002599,LOT-0336,STN-PK,START,2026-10-10T16:44:30,2026-10-10T16:46:30,CA2,,,,200,200,0,False,,
EVT-002600,LOT-0336,STN-SHP,START,2026-10-10T16:47:00,2026-10-10T16:49:00,CA2,,,,200,200,0,False,,
EVT-002601,LOT-0337,STN-INB,START,2026-10-10T09:12:00,2026-10-10T09:14:00,CA1,,,,200,200,0,False,,
EVT-002602,LOT-0337,STN-M1,START,2026-10-10T09:14:30,2026-10-10T09:16:30,CA1,,,3.4,200,200,0,False,,
EVT-002603,LOT-0337,STN-M2,START,2026-10-10T09:17:00,2026-10-10T09:19:00,CA1,176.2,43.8,,200,200,0,False,,
EVT-002604,LOT-0337,STN-HT,START,2026-10-10T09:19:30,2026-10-10T09:29:30,CA1,180.0,,,200,200,0,False,,
EVT-002605,LOT-0337,STN-AS1,START,2026-10-10T09:30:00,2026-10-10T09:32:00,CA1,,,,200,200,0,False,,
EVT-002606,LOT-0337,STN-T1,START,2026-10-10T09:32:30,2026-10-10T09:34:30,CA1,,,,200,200,0,False,,
EVT-002607,LOT-0337,STN-PK,START,2026-10-10T09:35:00,2026-10-10T09:37:00,CA1,,,,200,200,0,False,,
EVT-002608,LOT-0337,STN-SHP,START,2026-10-10T09:37:30,2026-10-10T09:39:30,CA1,,,,200,200,0,False,,
EVT-002609,LOT-0338,STN-INB,START,2026-10-10T18:00:00,2026-10-10T18:02:00,CA2,,,,200,200,0,False,,
EVT-002610,LOT-0338,STN-M1,START,2026-10-10T18:02:30,2026-10-10T18:04:30,CA2,,,0.6,200,200,0,False,,
EVT-002611,LOT-0338,STN-M2,START,2026-10-10T18:05:00,2026-10-10T18:07:00,CA2,176.9,46.3,,200,200,0,False,,
EVT-002612,LOT-0338,STN-HT,START,2026-10-10T18:07:30,2026-10-10T18:17:30,CA2,170.9,,,200,200,0,False,,
EVT-002613,LOT-0338,STN-AS1,START,2026-10-10T18:18:00,2026-10-10T18:20:00,CA2,,,,200,200,0,False,,
EVT-002614,LOT-0338,STN-T1,START,2026-10-10T18:20:30,2026-10-10T18:22:30,CA2,,,,200,200,0,False,,
EVT-002615,LOT-0338,STN-PK,START,2026-10-10T18:23:00,2026-10-10T18:25:00,CA2,,,,200,200,0,False,,
EVT-002616,LOT-0338,STN-SHP,START,2026-10-10T18:25:30,2026-10-10T18:27:30,CA2,,,,200,200,0,False,,
EVT-002617,LOT-0339,STN-INB,START,2026-10-10T10:48:00,2026-10-10T10:50:00,CA1,,,,200,200,0,False,,
EVT-002618,LOT-0339,STN-M1,START,2026-10-10T10:50:30,2026-10-10T10:52:30,CA1,,,2.3,200,200,0,False,,
EVT-002619,LOT-0339,STN-HT,START,2026-10-10T10:53:00,2026-10-10T11:03:00,CA1,172.7,,,200,200,0,False,,
EVT-002620,LOT-0339,STN-AS2,START,2026-10-10T11:03:30,2026-10-10T11:05:30,CA1,,,,200,200,0,False,,
EVT-002621,LOT-0339,STN-T1,START,2026-10-10T11:06:00,2026-10-10T11:08:00,CA1,,,,200,198,2,True,TEMP_SPIKE,FMEA-M2-001
EVT-002622,LOT-0339,STN-PK,START,2026-10-10T11:08:30,2026-10-10T11:10:30,CA1,,,,200,200,0,False,,
EVT-002623,LOT-0339,STN-SHP,START,2026-10-10T11:11:00,2026-10-10T11:13:00,CA1,,,,200,200,0,False,,
EVT-002624,LOT-0340,STN-INB,START,2026-10-10T19:36:00,2026-10-10T19:38:00,CA2,,,,200,200,0,False,,
EVT-002625,LOT-0340,STN-M1,START,2026-10-10T19:38:30,2026-10-10T19:40:30,CA2,,,2.2,200,200,0,False,,
EVT-002626,LOT-0340,STN-HT,START,2026-10-10T19:41:00,2026-10-10T19:51:00,CA2,174.3,,,200,200,0,False,,
EVT-002627,LOT-0340,STN-AS2,START,2026-10-10T19:51:30,2026-10-10T19:53:30,CA2,,,,200,200,0,False,,
EVT-002628,LOT-0340,STN-T1,START,2026-10-10T19:54:00,2026-10-10T19:56:00,CA2,,,,200,200,0,False,,
EVT-002629,LOT-0340,STN-PK,START,2026-10-10T19:56:30,2026-10-10T19:58:30,CA2,,,,200,200,0,False,,
EVT-002630,LOT-0340,STN-SHP,START,2026-10-10T19:59:00,2026-10-10T20:01:00,CA2,,,,200,200,0,False,,
EVT-002631,LOT-0341,STN-INB,START,2026-10-10T06:00:00,2026-10-10T06:02:00,CA1,,,,200,200,0,False,,
EVT-002632,LOT-0341,STN-M1,START,2026-10-10T06:02:30,2026-10-10T06:04:30,CA1,,,2.5,200,200,0,False,,
EVT-002633,LOT-0341,STN-M2,START,2026-10-10T06:05:00,2026-10-10T06:07:00,CA1,178.3,45.9,,200,200,0,False,,
EVT-002634,LOT-0341,STN-HT,START,2026-10-10T06:07:30,2026-10-10T06:17:30,CA1,184.2,,,200,200,0,False,,
EVT-002635,LOT-0341,STN-AS1,START,2026-10-10T06:18:00,2026-10-10T06:20:00,CA1,,,,200,198,2,True,TOOL_VIBRATION,FMEA-M2-001
EVT-002636,LOT-0341,STN-T1,START,2026-10-10T06:20:30,2026-10-10T06:22:30,CA1,,,,200,198,2,True,TEMP_SPIKE,FMEA-M2-001
EVT-002637,LOT-0341,STN-PK,START,2026-10-10T06:23:00,2026-10-10T06:25:00,CA1,,,,200,200,0,False,,
EVT-002638,LOT-0341,STN-SHP,START,2026-10-10T06:25:30,2026-10-10T06:27:30,CA1,,,,200,200,0,False,,
EVT-002639,LOT-0342,STN-INB,START,2026-10-10T14:48:00,2026-10-10T14:50:00,CA2,,,,200,200,0,False,,
EVT-002640,LOT-0342,STN-M1,START,2026-10-10T14:50:30,2026-10-10T14:52:30,CA2,,,4.4,200,200,0,False,,
EVT-002641,LOT-0342,STN-M2,START,2026-10-10T14:53:00,2026-10-10T14:55:00,CA2,183.5,44.4,,200,200,0,False,,
EVT-002642,LOT-0342,STN-HT,START,2026-10-10T14:55:30,2026-10-10T15:05:30,CA2,172.5,,,200,200,0,False,,
EVT-002643,LOT-0342,STN-AS1,START,2026-10-10T15:06:00,2026-10-10T15:08:00,CA2,,,,200,200,0,False,,
EVT-002644,LOT-0342,STN-T1,START,2026-10-10T15:08:30,2026-10-10T15:10:30,CA2,,,,200,200,0,False,,
EVT-002645,LOT-0342,STN-PK,START,2026-10-10T15:11:00,2026-10-10T15:13:00,CA2,,,,200,200,0,False,,
EVT-002646,LOT-0342,STN-SHP,START,2026-10-10T15:13:30,2026-10-10T15:15:30,CA2,,,,200,200,0,False,,
EVT-002647,LOT-0343,STN-INB,START,2026-10-10T07:36:00,2026-10-10T07:38:00,CA1,,,,200,200,0,False,,
EVT-002648,LOT-0343,STN-M1,START,2026-10-10T07:38:30,2026-10-10T07:40:30,CA1,,,3.7,200,200,0,False,,
EVT-002649,LOT-0343,STN-HT,START,2026-10-10T07:41:00,2026-10-10T07:51:00,CA1,179.3,,,200,200,0,False,,
EVT-002650,LOT-0343,STN-AS2,START,2026-10-10T07:51:30,2026-10-10T07:53:30,CA1,,,,200,200,0,False,,
EVT-002651,LOT-0343,STN-T1,START,2026-10-10T07:54:00,2026-10-10T07:56:00,CA1,,,,200,200,0,False,,
EVT-002652,LOT-0343,STN-PK,START,2026-10-10T07:56:30,2026-10-10T07:58:30,CA1,,,,200,198,2,True,TOOL_VIBRATION,FMEA-M2-001
EVT-002653,LOT-0343,STN-SHP,START,2026-10-10T07:59:00,2026-10-10T08:01:00,CA1,,,,200,200,0,False,,
EVT-002654,LOT-0344,STN-INB,START,2026-10-10T16:24:00,2026-10-10T16:26:00,CA2,,,,200,200,0,False,,
EVT-002655,LOT-0344,STN-M1,START,2026-10-10T16:26:30,2026-10-10T16:28:30,CA2,,,4.1,200,200,0,False,,
EVT-002656,LOT-0344,STN-HT,START,2026-10-10T16:29:00,2026-10-10T16:39:00,CA2,174.7,,,200,200,0,False,,
EVT-002657,LOT-0344,STN-AS2,START,2026-10-10T16:39:30,2026-10-10T16:41:30,CA2,,,,200,200,0,False,,
EVT-002658,LOT-0344,STN-T1,START,2026-10-10T16:42:00,2026-10-10T16:44:00,CA2,,,,200,200,0,False,,
EVT-002659,LOT-0344,STN-PK,START,2026-10-10T16:44:30,2026-10-10T16:46:30,CA2,,,,200,200,0,False,,
EVT-002660,LOT-0344,STN-SHP,START,2026-10-10T16:47:00,2026-10-10T16:49:00,CA2,,,,200,200,0,False,,
EVT-002661,LOT-0345,STN-INB,START,2026-10-11T06:00:00,2026-10-11T06:02:00,CA1,,,,200,200,0,False,,
EVT-002662,LOT-0345,STN-M1,START,2026-10-11T06:02:30,2026-10-11T06:04:30,CA1,,,2.5,200,200,0,False,,
EVT-002663,LOT-0345,STN-M2,START,2026-10-11T06:05:00,2026-10-11T06:07:00,CA1,177.0,42.9,,200,198,2,True,TOOL_VIBRATION,FMEA-M2-001
EVT-002664,LOT-0345,STN-HT,START,2026-10-11T06:07:30,2026-10-11T06:17:30,CA1,180.3,,,200,200,0,False,,
EVT-002665,LOT-0345,STN-AS1,START,2026-10-11T06:18:00,2026-10-11T06:20:00,CA1,,,,200,200,0,False,,
EVT-002666,LOT-0345,STN-T1,START,2026-10-11T06:20:30,2026-10-11T06:22:30,CA1,,,,200,200,0,False,,
EVT-002667,LOT-0345,STN-PK,START,2026-10-11T06:23:00,2026-10-11T06:25:00,CA1,,,,200,200,0,False,,
EVT-002668,LOT-0345,STN-SHP,START,2026-10-11T06:25:30,2026-10-11T06:27:30,CA1,,,,200,200,0,False,,
EVT-002669,LOT-0346,STN-INB,START,2026-10-11T14:48:00,2026-10-11T14:50:00,CA2,,,,200,200,0,False,,
EVT-002670,LOT-0346,STN-M1,START,2026-10-11T14:50:30,2026-10-11T14:52:30,CA2,,,3.2,200,200,0,False,,
EVT-002671,LOT-0346,STN-M2,START,2026-10-11T14:53:00,2026-10-11T14:55:00,CA2,171.7,44.2,,200,200,0,False,,
EVT-002672,LOT-0346,STN-HT,START,2026-10-11T14:55:30,2026-10-11T15:05:30,CA2,186.9,,,200,198,2,True,TEMP_SPIKE,FMEA-M2-001
EVT-002673,LOT-0346,STN-AS1,START,2026-10-11T15:06:00,2026-10-11T15:08:00,CA2,,,,200,200,0,False,,
EVT-002674,LOT-0346,STN-T1,START,2026-10-11T15:08:30,2026-10-11T15:10:30,CA2,,,,200,198,2,True,TOOL_VIBRATION,FMEA-M2-001
EVT-002675,LOT-0346,STN-PK,START,2026-10-11T15:11:00,2026-10-11T15:13:00,CA2,,,,200,200,0,False,,
EVT-002676,LOT-0346,STN-SHP,START,2026-10-11T15:13:30,2026-10-11T15:15:30,CA2,,,,200,200,0,False,,
EVT-002677,LOT-0347,STN-INB,START,2026-10-11T07:36:00,2026-10-11T07:38:00,CA1,,,,200,200,0,False,,
EVT-002678,LOT-0347,STN-M1,START,2026-10-11T07:38:30,2026-10-11T07:40:30,CA1,,,3.7,200,200,0,False,,
EVT-002679,LOT-0347,STN-HT,START,2026-10-11T07:41:00,2026-10-11T07:51:00,CA1,178.2,,,200,200,0,False,,
EVT-002680,LOT-0347,STN-AS2,START,2026-10-11T07:51:30,2026-10-11T07:53:30,CA1,,,,200,200,0,False,,
EVT-002681,LOT-0347,STN-T1,START,2026-10-11T07:54:00,2026-10-11T07:56:00,CA1,,,,200,200,0,False,,
EVT-002682,LOT-0347,STN-PK,START,2026-10-11T07:56:30,2026-10-11T07:58:30,CA1,,,,200,200,0,False,,
EVT-002683,LOT-0347,STN-SHP,START,2026-10-11T07:59:00,2026-10-11T08:01:00,CA1,,,,200,200,0,False,,
EVT-002684,LOT-0348,STN-INB,START,2026-10-11T16:24:00,2026-10-11T16:26:00,CA2,,,,200,200,0,False,,
EVT-002685,LOT-0348,STN-M1,START,2026-10-11T16:26:30,2026-10-11T16:28:30,CA2,,,1.8,200,200,0,False,,
EVT-002686,LOT-0348,STN-HT,START,2026-10-11T16:29:00,2026-10-11T16:39:00,CA2,181.2,,,200,200,0,False,,
EVT-002687,LOT-0348,STN-AS2,START,2026-10-11T16:39:30,2026-10-11T16:41:30,CA2,,,,200,200,0,False,,
EVT-002688,LOT-0348,STN-T1,START,2026-10-11T16:42:00,2026-10-11T16:44:00,CA2,,,,200,200,0,False,,
EVT-002689,LOT-0348,STN-PK,START,2026-10-11T16:44:30,2026-10-11T16:46:30,CA2,,,,200,200,0,False,,
EVT-002690,LOT-0348,STN-SHP,START,2026-10-11T16:47:00,2026-10-11T16:49:00,CA2,,,,200,200,0,False,,
EVT-002691,LOT-0349,STN-INB,START,2026-10-11T09:12:00,2026-10-11T09:14:00,CA1,,,,200,200,0,False,,
EVT-002692,LOT-0349,STN-M1,START,2026-10-11T09:14:30,2026-10-11T09:16:30,CA1,,,3.6,200,200,0,False,,
EVT-002693,LOT-0349,STN-M2,START,2026-10-11T09:17:00,2026-10-11T09:19:00,CA1,178.5,45.7,,200,200,0,False,,
EVT-002694,LOT-0349,STN-HT,START,2026-10-11T09:19:30,2026-10-11T09:29:30,CA1,178.4,,,200,200,0,False,,
EVT-002695,LOT-0349,STN-AS1,START,2026-10-11T09:30:00,2026-10-11T09:32:00,CA1,,,,200,198,2,True,FORCE_DROP,FMEA-M2-001
EVT-002696,LOT-0349,STN-T1,START,2026-10-11T09:32:30,2026-10-11T09:34:30,CA1,,,,200,200,0,False,,
EVT-002697,LOT-0349,STN-PK,START,2026-10-11T09:35:00,2026-10-11T09:37:00,CA1,,,,200,200,0,False,,
EVT-002698,LOT-0349,STN-SHP,START,2026-10-11T09:37:30,2026-10-11T09:39:30,CA1,,,,200,200,0,False,,
EVT-002699,LOT-0350,STN-INB,START,2026-10-11T18:00:00,2026-10-11T18:02:00,CA2,,,,200,200,0,False,,
EVT-002700,LOT-0350,STN-M1,START,2026-10-11T18:02:30,2026-10-11T18:04:30,CA2,,,3.6,200,200,0,False,,
EVT-002701,LOT-0350,STN-M2,START,2026-10-11T18:05:00,2026-10-11T18:07:00,CA2,177.4,45.4,,200,200,0,False,,
EVT-002702,LOT-0350,STN-HT,START,2026-10-11T18:07:30,2026-10-11T18:17:30,CA2,177.3,,,200,200,0,False,,
EVT-002703,LOT-0350,STN-AS1,START,2026-10-11T18:18:00,2026-10-11T18:20:00,CA2,,,,200,200,0,False,,
EVT-002704,LOT-0350,STN-T1,START,2026-10-11T18:20:30,2026-10-11T18:22:30,CA2,,,,200,200,0,False,,
EVT-002705,LOT-0350,STN-PK,START,2026-10-11T18:23:00,2026-10-11T18:25:00,CA2,,,,200,200,0,False,,
EVT-002706,LOT-0350,STN-SHP,START,2026-10-11T18:25:30,2026-10-11T18:27:30,CA2,,,,200,200,0,False,,
EVT-002707,LOT-0351,STN-INB,START,2026-10-11T10:48:00,2026-10-11T10:50:00,CA1,,,,200,200,0,False,,
EVT-002708,LOT-0351,STN-M1,START,2026-10-11T10:50:30,2026-10-11T10:52:30,CA1,,,4.1,200,200,0,False,,
EVT-002709,LOT-0351,STN-HT,START,2026-10-11T10:53:00,2026-10-11T11:03:00,CA1,177.0,,,200,198,2,True,FORCE_DROP,FMEA-M2-001
EVT-002710,LOT-0351,STN-AS2,START,2026-10-11T11:03:30,2026-10-11T11:05:30,CA1,,,,200,200,0,False,,
EVT-002711,LOT-0351,STN-T1,START,2026-10-11T11:06:00,2026-10-11T11:08:00,CA1,,,,200,200,0,False,,
EVT-002712,LOT-0351,STN-PK,START,2026-10-11T11:08:30,2026-10-11T11:10:30,CA1,,,,200,198,2,True,FORCE_DROP,FMEA-M2-001
EVT-002713,LOT-0351,STN-SHP,START,2026-10-11T11:11:00,2026-10-11T11:13:00,CA1,,,,200,200,0,False,,
EVT-002714,LOT-0352,STN-INB,START,2026-10-11T19:36:00,2026-10-11T19:38:00,CA2,,,,200,200,0,False,,
EVT-002715,LOT-0352,STN-M1,START,2026-10-11T19:38:30,2026-10-11T19:40:30,CA2,,,3.6,200,200,0,False,,
EVT-002716,LOT-0352,STN-HT,START,2026-10-11T19:41:00,2026-10-11T19:51:00,CA2,180.8,,,200,200,0,False,,
EVT-002717,LOT-0352,STN-AS2,START,2026-10-11T19:51:30,2026-10-11T19:53:30,CA2,,,,200,200,0,False,,
EVT-002718,LOT-0352,STN-T1,START,2026-10-11T19:54:00,2026-10-11T19:56:00,CA2,,,,200,200,0,False,,
EVT-002719,LOT-0352,STN-PK,START,2026-10-11T19:56:30,2026-10-11T19:58:30,CA2,,,,200,200,0,False,,
EVT-002720,LOT-0352,STN-SHP,START,2026-10-11T19:59:00,2026-10-11T20:01:00,CA2,,,,200,200,0,False,,
EVT-002721,LOT-0353,STN-INB,START,2026-10-11T06:00:00,2026-10-11T06:02:00,CA1,,,,200,200,0,False,,
EVT-002722,LOT-0353,STN-M1,START,2026-10-11T06:02:30,2026-10-11T06:04:30,CA1,,,2.7,200,200,0,False,,
EVT-002723,LOT-0353,STN-M2,START,2026-10-11T06:05:00,2026-10-11T06:07:00,CA1,177.4,44.8,,200,200,0,False,,
EVT-002724,LOT-0353,STN-HT,START,2026-10-11T06:07:30,2026-10-11T06:17:30,CA1,180.9,,,200,200,0,False,,
EVT-002725,LOT-0353,STN-AS1,START,2026-10-11T06:18:00,2026-10-11T06:20:00,CA1,,,,200,200,0,False,,
EVT-002726,LOT-0353,STN-T1,START,2026-10-11T06:20:30,2026-10-11T06:22:30,CA1,,,,200,200,0,False,,
EVT-002727,LOT-0353,STN-PK,START,2026-10-11T06:23:00,2026-10-11T06:25:00,CA1,,,,200,200,0,False,,
EVT-002728,LOT-0353,STN-SHP,START,2026-10-11T06:25:30,2026-10-11T06:27:30,CA1,,,,200,200,0,False,,
EVT-002729,LOT-0354,STN-INB,START,2026-10-11T14:48:00,2026-10-11T14:50:00,CA2,,,,200,200,0,False,,
EVT-002730,LOT-0354,STN-M1,START,2026-10-11T14:50:30,2026-10-11T14:52:30,CA2,,,4.8,200,200,0,False,,
EVT-002731,LOT-0354,STN-M2,START,2026-10-11T14:53:00,2026-10-11T14:55:00,CA2,175.7,45.4,,200,200,0,False,,
EVT-002732,LOT-0354,STN-HT,START,2026-10-11T14:55:30,2026-10-11T15:05:30,CA2,175.0,,,200,200,0,False,,
EVT-002733,LOT-0354,STN-AS1,START,2026-10-11T15:06:00,2026-10-11T15:08:00,CA2,,,,200,200,0,False,,
EVT-002734,LOT-0354,STN-T1,START,2026-10-11T15:08:30,2026-10-11T15:10:30,CA2,,,,200,200,0,False,,
EVT-002735,LOT-0354,STN-PK,START,2026-10-11T15:11:00,2026-10-11T15:13:00,CA2,,,,200,200,0,False,,
EVT-002736,LOT-0354,STN-SHP,START,2026-10-11T15:13:30,2026-10-11T15:15:30,CA2,,,,200,200,0,False,,
EVT-002737,LOT-0355,STN-INB,START,2026-10-11T07:36:00,2026-10-11T07:38:00,CA1,,,,200,200,0,False,,
EVT-002738,LOT-0355,STN-M1,START,2026-10-11T07:38:30,2026-10-11T07:40:30,CA1,,,2.7,200,200,0,False,,
EVT-002739,LOT-0355,STN-HT,START,2026-10-11T07:41:00,2026-10-11T07:51:00,CA1,181.1,,,200,200,0,False,,
EVT-002740,LOT-0355,STN-AS2,START,2026-10-11T07:51:30,2026-10-11T07:53:30,CA1,,,,200,200,0,False,,
EVT-002741,LOT-0355,STN-T1,START,2026-10-11T07:54:00,2026-10-11T07:56:00,CA1,,,,200,200,0,False,,
EVT-002742,LOT-0355,STN-PK,START,2026-10-11T07:56:30,2026-10-11T07:58:30,CA1,,,,200,200,0,False,,
EVT-002743,LOT-0355,STN-SHP,START,2026-10-11T07:59:00,2026-10-11T08:01:00,CA1,,,,200,200,0,False,,
EVT-002744,LOT-0356,STN-INB,START,2026-10-11T16:24:00,2026-10-11T16:26:00,CA2,,,,200,200,0,False,,
EVT-002745,LOT-0356,STN-M1,START,2026-10-11T16:26:30,2026-10-11T16:28:30,CA2,,,2.4,200,200,0,False,,
EVT-002746,LOT-0356,STN-HT,START,2026-10-11T16:29:00,2026-10-11T16:39:00,CA2,175.1,,,200,200,0,False,,
EVT-002747,LOT-0356,STN-AS2,START,2026-10-11T16:39:30,2026-10-11T16:41:30,CA2,,,,200,200,0,False,,
EVT-002748,LOT-0356,STN-T1,START,2026-10-11T16:42:00,2026-10-11T16:44:00,CA2,,,,200,200,0,False,,
EVT-002749,LOT-0356,STN-PK,START,2026-10-11T16:44:30,2026-10-11T16:46:30,CA2,,,,200,200,0,False,,
EVT-002750,LOT-0356,STN-SHP,START,2026-10-11T16:47:00,2026-10-11T16:49:00,CA2,,,,200,200,0,False,,
EVT-002751,LOT-0357,STN-INB,START,2026-10-11T09:12:00,2026-10-11T09:14:00,CA1,,,,200,200,0,False,,
EVT-002752,LOT-0357,STN-M1,START,2026-10-11T09:14:30,2026-10-11T09:16:30,CA1,,,3.9,200,200,0,False,,
EVT-002753,LOT-0357,STN-M2,START,2026-10-11T09:17:00,2026-10-11T09:19:00,CA1,177.5,43.7,,200,200,0,False,,
EVT-002754,LOT-0357,STN-HT,START,2026-10-11T09:19:30,2026-10-11T09:29:30,CA1,173.4,,,200,200,0,False,,
EVT-002755,LOT-0357,STN-AS1,START,2026-10-11T09:30:00,2026-10-11T09:32:00,CA1,,,,200,200,0,False,,
EVT-002756,LOT-0357,STN-T1,START,2026-10-11T09:32:30,2026-10-11T09:34:30,CA1,,,,200,200,0,False,,
EVT-002757,LOT-0357,STN-PK,START,2026-10-11T09:35:00,2026-10-11T09:37:00,CA1,,,,200,200,0,False,,
EVT-002758,LOT-0357,STN-SHP,START,2026-10-11T09:37:30,2026-10-11T09:39:30,CA1,,,,200,200,0,False,,
EVT-002759,LOT-0358,STN-INB,START,2026-10-11T18:00:00,2026-10-11T18:02:00,CA2,,,,200,200,0,False,,
EVT-002760,LOT-0358,STN-M1,START,2026-10-11T18:02:30,2026-10-11T18:04:30,CA2,,,2.8,200,200,0,False,,
EVT-002761,LOT-0358,STN-M2,START,2026-10-11T18:05:00,2026-10-11T18:07:00,CA2,181.5,48.5,,200,200,0,False,,
EVT-002762,LOT-0358,STN-HT,START,2026-10-11T18:07:30,2026-10-11T18:17:30,CA2,178.7,,,200,200,0,False,,
EVT-002763,LOT-0358,STN-AS1,START,2026-10-11T18:18:00,2026-10-11T18:20:00,CA2,,,,200,200,0,False,,
EVT-002764,LOT-0358,STN-T1,START,2026-10-11T18:20:30,2026-10-11T18:22:30,CA2,,,,200,200,0,False,,
EVT-002765,LOT-0358,STN-PK,START,2026-10-11T18:23:00,2026-10-11T18:25:00,CA2,,,,200,200,0,False,,
EVT-002766,LOT-0358,STN-SHP,START,2026-10-11T18:25:30,2026-10-11T18:27:30,CA2,,,,200,200,0,False,,
EVT-002767,LOT-0359,STN-INB,START,2026-10-11T10:48:00,2026-10-11T10:50:00,CA1,,,,200,200,0,False,,
EVT-002768,LOT-0359,STN-M1,START,2026-10-11T10:50:30,2026-10-11T10:52:30,CA1,,,2.3,200,200,0,False,,
EVT-002769,LOT-0359,STN-HT,START,2026-10-11T10:53:00,2026-10-11T11:03:00,CA1,181.3,,,200,200,0,False,,
EVT-002770,LOT-0359,STN-AS2,START,2026-10-11T11:03:30,2026-10-11T11:05:30,CA1,,,,200,200,0,False,,
EVT-002771,LOT-0359,STN-T1,START,2026-10-11T11:06:00,2026-10-11T11:08:00,CA1,,,,200,200,0,False,,
EVT-002772,LOT-0359,STN-PK,START,2026-10-11T11:08:30,2026-10-11T11:10:30,CA1,,,,200,200,0,False,,
EVT-002773,LOT-0359,STN-SHP,START,2026-10-11T11:11:00,2026-10-11T11:13:00,CA1,,,,200,200,0,False,,
EVT-002774,LOT-0360,STN-INB,START,2026-10-11T19:36:00,2026-10-11T19:38:00,CA2,,,,200,200,0,False,,
EVT-002775,LOT-0360,STN-M1,START,2026-10-11T19:38:30,2026-10-11T19:40:30,CA2,,,2.7,200,200,0,False,,
EVT-002776,LOT-0360,STN-HT,START,2026-10-11T19:41:00,2026-10-11T19:51:00,CA2,177.8,,,200,200,0,False,,
EVT-002777,LOT-0360,STN-AS2,START,2026-10-11T19:51:30,2026-10-11T19:53:30,CA2,,,,200,200,0,False,,
EVT-002778,LOT-0360,STN-T1,START,2026-10-11T19:54:00,2026-10-11T19:56:00,CA2,,,,200,200,0,False,,
EVT-002779,LOT-0360,STN-PK,START,2026-10-11T19:56:30,2026-10-11T19:58:30,CA2,,,,200,200,0,False,,
EVT-002780,LOT-0360,STN-SHP,START,2026-10-11T19:59:00,2026-10-11T20:01:00,CA2,,,,200,200,0,False,,
EVT-002781,LOT-0361,STN-INB,START,2026-10-11T06:00:00,2026-10-11T06:02:00,CA1,,,,200,200,0,False,,
EVT-002782,LOT-0361,STN-M1,START,2026-10-11T06:02:30,2026-10-11T06:04:30,CA1,,,3.8,200,200,0,False,,
EVT-002783,LOT-0361,STN-M2,START,2026-10-11T06:05:00,2026-10-11T06:07:00,CA1,177.9,43.6,,200,198,2,True,FORCE_DROP,FMEA-M2-001
EVT-002784,LOT-0361,STN-HT,START,2026-10-11T06:07:30,2026-10-11T06:17:30,CA1,183.9,,,200,200,0,False,,
EVT-002785,LOT-0361,STN-AS1,START,2026-10-11T06:18:00,2026-10-11T06:20:00,CA1,,,,200,200,0,False,,
EVT-002786,LOT-0361,STN-T1,START,2026-10-11T06:20:30,2026-10-11T06:22:30,CA1,,,,200,200,0,False,,
EVT-002787,LOT-0361,STN-PK,START,2026-10-11T06:23:00,2026-10-11T06:25:00,CA1,,,,200,200,0,False,,
EVT-002788,LOT-0361,STN-SHP,START,2026-10-11T06:25:30,2026-10-11T06:27:30,CA1,,,,200,200,0,False,,
EVT-002789,LOT-0362,STN-INB,START,2026-10-11T14:48:00,2026-10-11T14:50:00,CA2,,,,200,200,0,False,,
EVT-002790,LOT-0362,STN-M1,START,2026-10-11T14:50:30,2026-10-11T14:52:30,CA2,,,5.9,200,200,0,False,,
EVT-002791,LOT-0362,STN-M2,START,2026-10-11T14:53:00,2026-10-11T14:55:00,CA2,176.4,41.6,,200,200,0,False,,
EVT-002792,LOT-0362,STN-HT,START,2026-10-11T14:55:30,2026-10-11T15:05:30,CA2,174.9,,,200,200,0,False,,
EVT-002793,LOT-0362,STN-AS1,START,2026-10-11T15:06:00,2026-10-11T15:08:00,CA2,,,,200,200,0,False,,
EVT-002794,LOT-0362,STN-T1,START,2026-10-11T15:08:30,2026-10-11T15:10:30,CA2,,,,200,200,0,False,,
EVT-002795,LOT-0362,STN-PK,START,2026-10-11T15:11:00,2026-10-11T15:13:00,CA2,,,,200,200,0,False,,
EVT-002796,LOT-0362,STN-SHP,START,2026-10-11T15:13:30,2026-10-11T15:15:30,CA2,,,,200,200,0,False,,
EVT-002797,LOT-0363,STN-INB,START,2026-10-11T07:36:00,2026-10-11T07:38:00,CA1,,,,200,200,0,False,,
EVT-002798,LOT-0363,STN-M1,START,2026-10-11T07:38:30,2026-10-11T07:40:30,CA1,,,4.5,200,200,0,False,,
EVT-002799,LOT-0363,STN-HT,START,2026-10-11T07:41:00,2026-10-11T07:51:00,CA1,178.8,,,200,200,0,False,,
EVT-002800,LOT-0363,STN-AS2,START,2026-10-11T07:51:30,2026-10-11T07:53:30,CA1,,,,200,200,0,False,,
EVT-002801,LOT-0363,STN-T1,START,2026-10-11T07:54:00,2026-10-11T07:56:00,CA1,,,,200,200,0,False,,
EVT-002802,LOT-0363,STN-PK,START,2026-10-11T07:56:30,2026-10-11T07:58:30,CA1,,,,200,200,0,False,,
EVT-002803,LOT-0363,STN-SHP,START,2026-10-11T07:59:00,2026-10-11T08:01:00,CA1,,,,200,200,0,False,,
EVT-002804,LOT-0364,STN-INB,START,2026-10-11T16:24:00,2026-10-11T16:26:00,CA2,,,,200,200,0,False,,
EVT-002805,LOT-0364,STN-M1,START,2026-10-11T16:26:30,2026-10-11T16:28:30,CA2,,,1.9,200,200,0,False,,
EVT-002806,LOT-0364,STN-HT,START,2026-10-11T16:29:00,2026-10-11T16:39:00,CA2,175.6,,,200,200,0,False,,
EVT-002807,LOT-0364,STN-AS2,START,2026-10-11T16:39:30,2026-10-11T16:41:30,CA2,,,,200,200,0,False,,
EVT-002808,LOT-0364,STN-T1,START,2026-10-11T16:42:00,2026-10-11T16:44:00,CA2,,,,200,200,0,False,,
EVT-002809,LOT-0364,STN-PK,START,2026-10-11T16:44:30,2026-10-11T16:46:30,CA2,,,,200,200,0,False,,
EVT-002810,LOT-0364,STN-SHP,START,2026-10-11T16:47:00,2026-10-11T16:49:00,CA2,,,,200,200,0,False,,
EVT-002811,LOT-0365,STN-INB,START,2026-10-11T09:12:00,2026-10-11T09:14:00,CA1,,,,200,200,0,False,,
EVT-002812,LOT-0365,STN-M1,START,2026-10-11T09:14:30,2026-10-11T09:16:30,CA1,,,4.7,200,200,0,False,,
EVT-002813,LOT-0365,STN-M2,START,2026-10-11T09:17:00,2026-10-11T09:19:00,CA1,179.0,49.5,,200,200,0,False,,
EVT-002814,LOT-0365,STN-HT,START,2026-10-11T09:19:30,2026-10-11T09:29:30,CA1,176.8,,,200,200,0,False,,
EVT-002815,LOT-0365,STN-AS1,START,2026-10-11T09:30:00,2026-10-11T09:32:00,CA1,,,,200,200,0,False,,
EVT-002816,LOT-0365,STN-T1,START,2026-10-11T09:32:30,2026-10-11T09:34:30,CA1,,,,200,200,0,False,,
EVT-002817,LOT-0365,STN-PK,START,2026-10-11T09:35:00,2026-10-11T09:37:00,CA1,,,,200,200,0,False,,
EVT-002818,LOT-0365,STN-SHP,START,2026-10-11T09:37:30,2026-10-11T09:39:30,CA1,,,,200,200,0,False,,
EVT-002819,LOT-0366,STN-INB,START,2026-10-11T18:00:00,2026-10-11T18:02:00,CA2,,,,200,200,0,False,,
EVT-002820,LOT-0366,STN-M1,START,2026-10-11T18:02:30,2026-10-11T18:04:30,CA2,,,4.1,200,200,0,False,,
EVT-002821,LOT-0366,STN-M2,START,2026-10-11T18:05:00,2026-10-11T18:07:00,CA2,175.6,45.9,,200,200,0,False,,
EVT-002822,LOT-0366,STN-HT,START,2026-10-11T18:07:30,2026-10-11T18:17:30,CA2,170.4,,,200,200,0,False,,
EVT-002823,LOT-0366,STN-AS1,START,2026-10-11T18:18:00,2026-10-11T18:20:00,CA2,,,,200,200,0,False,,
EVT-002824,LOT-0366,STN-T1,START,2026-10-11T18:20:30,2026-10-11T18:22:30,CA2,,,,200,200,0,False,,
EVT-002825,LOT-0366,STN-PK,START,2026-10-11T18:23:00,2026-10-11T18:25:00,CA2,,,,200,200,0,False,,
EVT-002826,LOT-0366,STN-SHP,START,2026-10-11T18:25:30,2026-10-11T18:27:30,CA2,,,,200,200,0,False,,
EVT-002827,LOT-0367,STN-INB,START,2026-10-11T10:48:00,2026-10-11T10:50:00,CA1,,,,200,200,0,False,,
EVT-002828,LOT-0367,STN-M1,START,2026-10-11T10:50:30,2026-10-11T10:52:30,CA1,,,3.9,200,198,2,True,TEMP_SPIKE,FMEA-M2-001
EVT-002829,LOT-0367,STN-HT,START,2026-10-11T10:53:00,2026-10-11T11:03:00,CA1,173.6,,,200,200,0,False,,
EVT-002830,LOT-0367,STN-AS2,START,2026-10-11T11:03:30,2026-10-11T11:05:30,CA1,,,,200,200,0,False,,
EVT-002831,LOT-0367,STN-T1,START,2026-10-11T11:06:00,2026-10-11T11:08:00,CA1,,,,200,198,2,True,TOOL_VIBRATION,FMEA-M2-001
EVT-002832,LOT-0367,STN-PK,START,2026-10-11T11:08:30,2026-10-11T11:10:30,CA1,,,,200,200,0,False,,
EVT-002833,LOT-0367,STN-SHP,START,2026-10-11T11:11:00,2026-10-11T11:13:00,CA1,,,,200,200,0,False,,
EVT-002834,LOT-0368,STN-INB,START,2026-10-11T19:36:00,2026-10-11T19:38:00,CA2,,,,200,200,0,False,,
EVT-002835,LOT-0368,STN-M1,START,2026-10-11T19:38:30,2026-10-11T19:40:30,CA2,,,3.2,200,200,0,False,,
EVT-002836,LOT-0368,STN-HT,START,2026-10-11T19:41:00,2026-10-11T19:51:00,CA2,173.9,,,200,200,0,False,,
EVT-002837,LOT-0368,STN-AS2,START,2026-10-11T19:51:30,2026-10-11T19:53:30,CA2,,,,200,200,0,False,,
EVT-002838,LOT-0368,STN-T1,START,2026-10-11T19:54:00,2026-10-11T19:56:00,CA2,,,,200,200,0,False,,
EVT-002839,LOT-0368,STN-PK,START,2026-10-11T19:56:30,2026-10-11T19:58:30,CA2,,,,200,200,0,False,,
EVT-002840,LOT-0368,STN-SHP,START,2026-10-11T19:59:00,2026-10-11T20:01:00,CA2,,,,200,200,0,False,,
EVT-002841,LOT-0369,STN-INB,START,2026-10-11T06:00:00,2026-10-11T06:02:00,CA1,,,,200,200,0,False,,
EVT-002842,LOT-0369,STN-M1,START,2026-10-11T06:02:30,2026-10-11T06:04:30,CA1,,,3.2,200,200,0,False,,
EVT-002843,LOT-0369,STN-M2,START,2026-10-11T06:05:00,2026-10-11T06:07:00,CA1,177.9,44.8,,200,200,0,False,,
EVT-002844,LOT-0369,STN-HT,START,2026-10-11T06:07:30,2026-10-11T06:17:30,CA1,178.4,,,200,200,0,False,,
EVT-002845,LOT-0369,STN-AS1,START,2026-10-11T06:18:00,2026-10-11T06:20:00,CA1,,,,200,198,2,True,TEMP_SPIKE,FMEA-M2-001
EVT-002846,LOT-0369,STN-T1,START,2026-10-11T06:20:30,2026-10-11T06:22:30,CA1,,,,200,200,0,False,,
EVT-002847,LOT-0369,STN-PK,START,2026-10-11T06:23:00,2026-10-11T06:25:00,CA1,,,,200,200,0,False,,
EVT-002848,LOT-0369,STN-SHP,START,2026-10-11T06:25:30,2026-10-11T06:27:30,CA1,,,,200,200,0,False,,
EVT-002849,LOT-0370,STN-INB,START,2026-10-11T14:48:00,2026-10-11T14:50:00,CA2,,,,200,200,0,False,,
EVT-002850,LOT-0370,STN-M1,START,2026-10-11T14:50:30,2026-10-11T14:52:30,CA2,,,2.0,200,200,0,False,,
EVT-002851,LOT-0370,STN-M2,START,2026-10-11T14:53:00,2026-10-11T14:55:00,CA2,178.4,44.8,,200,200,0,False,,
EVT-002852,LOT-0370,STN-HT,START,2026-10-11T14:55:30,2026-10-11T15:05:30,CA2,175.6,,,200,200,0,False,,
EVT-002853,LOT-0370,STN-AS1,START,2026-10-11T15:06:00,2026-10-11T15:08:00,CA2,,,,200,200,0,False,,
EVT-002854,LOT-0370,STN-T1,START,2026-10-11T15:08:30,2026-10-11T15:10:30,CA2,,,,200,200,0,False,,
EVT-002855,LOT-0370,STN-PK,START,2026-10-11T15:11:00,2026-10-11T15:13:00,CA2,,,,200,200,0,False,,
EVT-002856,LOT-0370,STN-SHP,START,2026-10-11T15:13:30,2026-10-11T15:15:30,CA2,,,,200,200,0,False,,
EVT-002857,LOT-0371,STN-INB,START,2026-10-11T07:36:00,2026-10-11T07:38:00,CA1,,,,200,200,0,False,,
EVT-002858,LOT-0371,STN-M1,START,2026-10-11T07:38:30,2026-10-11T07:40:30,CA1,,,1.1,200,200,0,False,,
EVT-002859,LOT-0371,STN-HT,START,2026-10-11T07:41:00,2026-10-11T07:51:00,CA1,177.0,,,200,200,0,False,,
EVT-002860,LOT-0371,STN-AS2,START,2026-10-11T07:51:30,2026-10-11T07:53:30,CA1,,,,200,200,0,False,,
EVT-002861,LOT-0371,STN-T1,START,2026-10-11T07:54:00,2026-10-11T07:56:00,CA1,,,,200,200,0,False,,
EVT-002862,LOT-0371,STN-PK,START,2026-10-11T07:56:30,2026-10-11T07:58:30,CA1,,,,200,200,0,False,,
EVT-002863,LOT-0371,STN-SHP,START,2026-10-11T07:59:00,2026-10-11T08:01:00,CA1,,,,200,200,0,False,,
EVT-002864,LOT-0372,STN-INB,START,2026-10-11T16:24:00,2026-10-11T16:26:00,CA2,,,,200,200,0,False,,
EVT-002865,LOT-0372,STN-M1,START,2026-10-11T16:26:30,2026-10-11T16:28:30,CA2,,,3.7,200,200,0,False,,
EVT-002866,LOT-0372,STN-HT,START,2026-10-11T16:29:00,2026-10-11T16:39:00,CA2,181.1,,,200,200,0,False,,
EVT-002867,LOT-0372,STN-AS2,START,2026-10-11T16:39:30,2026-10-11T16:41:30,CA2,,,,200,200,0,False,,
EVT-002868,LOT-0372,STN-T1,START,2026-10-11T16:42:00,2026-10-11T16:44:00,CA2,,,,200,200,0,False,,
EVT-002869,LOT-0372,STN-PK,START,2026-10-11T16:44:30,2026-10-11T16:46:30,CA2,,,,200,200,0,False,,
EVT-002870,LOT-0372,STN-SHP,START,2026-10-11T16:47:00,2026-10-11T16:49:00,CA2,,,,200,200,0,False,,
EVT-002871,LOT-0373,STN-INB,START,2026-10-12T06:00:00,2026-10-12T06:02:00,CA1,,,,200,200,0,False,,
EVT-002872,LOT-0373,STN-M1,START,2026-10-12T06:02:30,2026-10-12T06:04:30,CA1,,,3.0,200,200,0,False,,
EVT-002873,LOT-0373,STN-M2,START,2026-10-12T06:05:00,2026-10-12T06:07:00,CA1,180.5,44.8,,200,200,0,False,,
EVT-002874,LOT-0373,STN-HT,START,2026-10-12T06:07:30,2026-10-12T06:17:30,CA1,177.8,,,200,200,0,False,,
EVT-002875,LOT-0373,STN-AS1,START,2026-10-12T06:18:00,2026-10-12T06:20:00,CA1,,,,200,200,0,False,,
EVT-002876,LOT-0373,STN-T1,START,2026-10-12T06:20:30,2026-10-12T06:22:30,CA1,,,,200,200,0,False,,
EVT-002877,LOT-0373,STN-PK,START,2026-10-12T06:23:00,2026-10-12T06:25:00,CA1,,,,200,200,0,False,,
EVT-002878,LOT-0373,STN-SHP,START,2026-10-12T06:25:30,2026-10-12T06:27:30,CA1,,,,200,200,0,False,,
EVT-002879,LOT-0374,STN-INB,START,2026-10-12T14:48:00,2026-10-12T14:50:00,CA2,,,,200,200,0,False,,
EVT-002880,LOT-0374,STN-M1,START,2026-10-12T14:50:30,2026-10-12T14:52:30,CA2,,,3.2,200,200,0,False,,
EVT-002881,LOT-0374,STN-M2,START,2026-10-12T14:53:00,2026-10-12T14:55:00,CA2,175.0,47.3,,200,200,0,False,,
EVT-002882,LOT-0374,STN-HT,START,2026-10-12T14:55:30,2026-10-12T15:05:30,CA2,182.2,,,200,200,0,False,,
EVT-002883,LOT-0374,STN-AS1,START,2026-10-12T15:06:00,2026-10-12T15:08:00,CA2,,,,200,200,0,False,,
EVT-002884,LOT-0374,STN-T1,START,2026-10-12T15:08:30,2026-10-12T15:10:30,CA2,,,,200,200,0,False,,
EVT-002885,LOT-0374,STN-PK,START,2026-10-12T15:11:00,2026-10-12T15:13:00,CA2,,,,200,198,2,True,TEMP_SPIKE,FMEA-M2-001
EVT-002886,LOT-0374,STN-SHP,START,2026-10-12T15:13:30,2026-10-12T15:15:30,CA2,,,,200,198,2,True,TEMP_SPIKE,FMEA-M2-001
EVT-002887,LOT-0375,STN-INB,START,2026-10-12T07:36:00,2026-10-12T07:38:00,CA1,,,,200,200,0,False,,
EVT-002888,LOT-0375,STN-M1,START,2026-10-12T07:38:30,2026-10-12T07:40:30,CA1,,,5.0,200,200,0,False,,
EVT-002889,LOT-0375,STN-HT,START,2026-10-12T07:41:00,2026-10-12T07:51:00,CA1,180.0,,,200,200,0,False,,
EVT-002890,LOT-0375,STN-AS2,START,2026-10-12T07:51:30,2026-10-12T07:53:30,CA1,,,,200,200,0,False,,
EVT-002891,LOT-0375,STN-T1,START,2026-10-12T07:54:00,2026-10-12T07:56:00,CA1,,,,200,200,0,False,,
EVT-002892,LOT-0375,STN-PK,START,2026-10-12T07:56:30,2026-10-12T07:58:30,CA1,,,,200,200,0,False,,
EVT-002893,LOT-0375,STN-SHP,START,2026-10-12T07:59:00,2026-10-12T08:01:00,CA1,,,,200,200,0,False,,
EVT-002894,LOT-0376,STN-INB,START,2026-10-12T16:24:00,2026-10-12T16:26:00,CA2,,,,200,200,0,False,,
EVT-002895,LOT-0376,STN-M1,START,2026-10-12T16:26:30,2026-10-12T16:28:30,CA2,,,2.1,200,200,0,False,,
EVT-002896,LOT-0376,STN-HT,START,2026-10-12T16:29:00,2026-10-12T16:39:00,CA2,185.9,,,200,200,0,False,,
EVT-002897,LOT-0376,STN-AS2,START,2026-10-12T16:39:30,2026-10-12T16:41:30,CA2,,,,200,200,0,False,,
EVT-002898,LOT-0376,STN-T1,START,2026-10-12T16:42:00,2026-10-12T16:44:00,CA2,,,,200,200,0,False,,
EVT-002899,LOT-0376,STN-PK,START,2026-10-12T16:44:30,2026-10-12T16:46:30,CA2,,,,200,200,0,False,,
EVT-002900,LOT-0376,STN-SHP,START,2026-10-12T16:47:00,2026-10-12T16:49:00,CA2,,,,200,200,0,False,,
EVT-002901,LOT-0377,STN-INB,START,2026-10-12T09:12:00,2026-10-12T09:14:00,CA1,,,,200,200,0,False,,
EVT-002902,LOT-0377,STN-M1,START,2026-10-12T09:14:30,2026-10-12T09:16:30,CA1,,,3.5,200,200,0,False,,
EVT-002903,LOT-0377,STN-M2,START,2026-10-12T09:17:00,2026-10-12T09:19:00,CA1,178.2,41.9,,200,200,0,False,,
EVT-002904,LOT-0377,STN-HT,START,2026-10-12T09:19:30,2026-10-12T09:29:30,CA1,172.9,,,200,200,0,False,,
EVT-002905,LOT-0377,STN-AS1,START,2026-10-12T09:30:00,2026-10-12T09:32:00,CA1,,,,200,200,0,False,,
EVT-002906,LOT-0377,STN-T1,START,2026-10-12T09:32:30,2026-10-12T09:34:30,CA1,,,,200,200,0,False,,
EVT-002907,LOT-0377,STN-PK,START,2026-10-12T09:35:00,2026-10-12T09:37:00,CA1,,,,200,200,0,False,,
EVT-002908,LOT-0377,STN-SHP,START,2026-10-12T09:37:30,2026-10-12T09:39:30,CA1,,,,200,200,0,False,,
EVT-002909,LOT-0378,STN-INB,START,2026-10-12T18:00:00,2026-10-12T18:02:00,CA2,,,,200,200,0,False,,
EVT-002910,LOT-0378,STN-M1,START,2026-10-12T18:02:30,2026-10-12T18:04:30,CA2,,,3.9,200,200,0,False,,
EVT-002911,LOT-0378,STN-M2,START,2026-10-12T18:05:00,2026-10-12T18:07:00,CA2,179.4,45.3,,200,200,0,False,,
EVT-002912,LOT-0378,STN-HT,START,2026-10-12T18:07:30,2026-10-12T18:17:30,CA2,176.9,,,200,200,0,False,,
EVT-002913,LOT-0378,STN-AS1,START,2026-10-12T18:18:00,2026-10-12T18:20:00,CA2,,,,200,200,0,False,,
EVT-002914,LOT-0378,STN-T1,START,2026-10-12T18:20:30,2026-10-12T18:22:30,CA2,,,,200,200,0,False,,
EVT-002915,LOT-0378,STN-PK,START,2026-10-12T18:23:00,2026-10-12T18:25:00,CA2,,,,200,200,0,False,,
EVT-002916,LOT-0378,STN-SHP,START,2026-10-12T18:25:30,2026-10-12T18:27:30,CA2,,,,200,200,0,False,,
EVT-002917,LOT-0379,STN-INB,START,2026-10-12T10:48:00,2026-10-12T10:50:00,CA1,,,,200,200,0,False,,
EVT-002918,LOT-0379,STN-M1,START,2026-10-12T10:50:30,2026-10-12T10:52:30,CA1,,,2.5,200,200,0,False,,
EVT-002919,LOT-0379,STN-HT,START,2026-10-12T10:53:00,2026-10-12T11:03:00,CA1,182.9,,,200,200,0,False,,
EVT-002920,LOT-0379,STN-AS2,START,2026-10-12T11:03:30,2026-10-12T11:05:30,CA1,,,,200,200,0,False,,
EVT-002921,LOT-0379,STN-T1,START,2026-10-12T11:06:00,2026-10-12T11:08:00,CA1,,,,200,200,0,False,,
EVT-002922,LOT-0379,STN-PK,START,2026-10-12T11:08:30,2026-10-12T11:10:30,CA1,,,,200,200,0,False,,
EVT-002923,LOT-0379,STN-SHP,START,2026-10-12T11:11:00,2026-10-12T11:13:00,CA1,,,,200,200,0,False,,
EVT-002924,LOT-0380,STN-INB,START,2026-10-12T19:36:00,2026-10-12T19:38:00,CA2,,,,200,200,0,False,,
EVT-002925,LOT-0380,STN-M1,START,2026-10-12T19:38:30,2026-10-12T19:40:30,CA2,,,4.9,200,200,0,False,,
EVT-002926,LOT-0380,STN-HT,START,2026-10-12T19:41:00,2026-10-12T19:51:00,CA2,174.5,,,200,200,0,False,,
EVT-002927,LOT-0380,STN-AS2,START,2026-10-12T19:51:30,2026-10-12T19:53:30,CA2,,,,200,200,0,False,,
EVT-002928,LOT-0380,STN-T1,START,2026-10-12T19:54:00,2026-10-12T19:56:00,CA2,,,,200,200,0,False,,
EVT-002929,LOT-0380,STN-PK,START,2026-10-12T19:56:30,2026-10-12T19:58:30,CA2,,,,200,200,0,False,,
EVT-002930,LOT-0380,STN-SHP,START,2026-10-12T19:59:00,2026-10-12T20:01:00,CA2,,,,200,200,0,False,,
EVT-002931,LOT-0381,STN-INB,START,2026-10-12T06:00:00,2026-10-12T06:02:00,CA1,,,,200,200,0,False,,
EVT-002932,LOT-0381,STN-M1,START,2026-10-12T06:02:30,2026-10-12T06:04:30,CA1,,,5.6,200,200,0,False,,
EVT-002933,LOT-0381,STN-M2,START,2026-10-12T06:05:00,2026-10-12T06:07:00,CA1,182.8,47.4,,200,200,0,False,,
EVT-002934,LOT-0381,STN-HT,START,2026-10-12T06:07:30,2026-10-12T06:17:30,CA1,176.1,,,200,200,0,False,,
EVT-002935,LOT-0381,STN-AS1,START,2026-10-12T06:18:00,2026-10-12T06:20:00,CA1,,,,200,200,0,False,,
EVT-002936,LOT-0381,STN-T1,START,2026-10-12T06:20:30,2026-10-12T06:22:30,CA1,,,,200,200,0,False,,
EVT-002937,LOT-0381,STN-PK,START,2026-10-12T06:23:00,2026-10-12T06:25:00,CA1,,,,200,200,0,False,,
EVT-002938,LOT-0381,STN-SHP,START,2026-10-12T06:25:30,2026-10-12T06:27:30,CA1,,,,200,200,0,False,,
EVT-002939,LOT-0382,STN-INB,START,2026-10-12T14:48:00,2026-10-12T14:50:00,CA2,,,,200,200,0,False,,
EVT-002940,LOT-0382,STN-M1,START,2026-10-12T14:50:30,2026-10-12T14:52:30,CA2,,,2.4,200,200,0,False,,
EVT-002941,LOT-0382,STN-M2,START,2026-10-12T14:53:00,2026-10-12T14:55:00,CA2,177.9,48.6,,200,200,0,False,,
EVT-002942,LOT-0382,STN-HT,START,2026-10-12T14:55:30,2026-10-12T15:05:30,CA2,173.6,,,200,200,0,False,,
EVT-002943,LOT-0382,STN-AS1,START,2026-10-12T15:06:00,2026-10-12T15:08:00,CA2,,,,200,200,0,False,,
EVT-002944,LOT-0382,STN-T1,START,2026-10-12T15:08:30,2026-10-12T15:10:30,CA2,,,,200,198,2,True,TOOL_VIBRATION,FMEA-M2-001
EVT-002945,LOT-0382,STN-PK,START,2026-10-12T15:11:00,2026-10-12T15:13:00,CA2,,,,200,200,0,False,,
EVT-002946,LOT-0382,STN-SHP,START,2026-10-12T15:13:30,2026-10-12T15:15:30,CA2,,,,200,200,0,False,,
EVT-002947,LOT-0383,STN-INB,START,2026-10-12T07:36:00,2026-10-12T07:38:00,CA1,,,,200,200,0,False,,
EVT-002948,LOT-0383,STN-M1,START,2026-10-12T07:38:30,2026-10-12T07:40:30,CA1,,,2.8,200,200,0,False,,
EVT-002949,LOT-0383,STN-HT,START,2026-10-12T07:41:00,2026-10-12T07:51:00,CA1,193.3,,,200,198,2,True,TEMP_SPIKE,FMEA-M2-001
EVT-002950,LOT-0383,STN-AS2,START,2026-10-12T07:51:30,2026-10-12T07:53:30,CA1,,,,200,200,0,False,,
EVT-002951,LOT-0383,STN-T1,START,2026-10-12T07:54:00,2026-10-12T07:56:00,CA1,,,,200,200,0,False,,
EVT-002952,LOT-0383,STN-PK,START,2026-10-12T07:56:30,2026-10-12T07:58:30,CA1,,,,200,200,0,False,,
EVT-002953,LOT-0383,STN-SHP,START,2026-10-12T07:59:00,2026-10-12T08:01:00,CA1,,,,200,200,0,False,,
EVT-002954,LOT-0384,STN-INB,START,2026-10-12T16:24:00,2026-10-12T16:26:00,CA2,,,,200,200,0,False,,
EVT-002955,LOT-0384,STN-M1,START,2026-10-12T16:26:30,2026-10-12T16:28:30,CA2,,,3.7,200,200,0,False,,
EVT-002956,LOT-0384,STN-HT,START,2026-10-12T16:29:00,2026-10-12T16:39:00,CA2,175.1,,,200,200,0,False,,
EVT-002957,LOT-0384,STN-AS2,START,2026-10-12T16:39:30,2026-10-12T16:41:30,CA2,,,,200,200,0,False,,
EVT-002958,LOT-0384,STN-T1,START,2026-10-12T16:42:00,2026-10-12T16:44:00,CA2,,,,200,200,0,False,,
EVT-002959,LOT-0384,STN-PK,START,2026-10-12T16:44:30,2026-10-12T16:46:30,CA2,,,,200,200,0,False,,
EVT-002960,LOT-0384,STN-SHP,START,2026-10-12T16:47:00,2026-10-12T16:49:00,CA2,,,,200,200,0,False,,
EVT-002961,LOT-0385,STN-INB,START,2026-10-12T09:12:00,2026-10-12T09:14:00,CA1,,,,200,200,0,False,,
EVT-002962,LOT-0385,STN-M1,START,2026-10-12T09:14:30,2026-10-12T09:16:30,CA1,,,3.1,200,200,0,False,,
EVT-002963,LOT-0385,STN-M2,START,2026-10-12T09:17:00,2026-10-12T09:19:00,CA1,176.8,42.8,,200,200,0,False,,
EVT-002964,LOT-0385,STN-HT,START,2026-10-12T09:19:30,2026-10-12T09:29:30,CA1,171.9,,,200,200,0,False,,
EVT-002965,LOT-0385,STN-AS1,START,2026-10-12T09:30:00,2026-10-12T09:32:00,CA1,,,,200,200,0,False,,
EVT-002966,LOT-0385,STN-T1,START,2026-10-12T09:32:30,2026-10-12T09:34:30,CA1,,,,200,200,0,False,,
EVT-002967,LOT-0385,STN-PK,START,2026-10-12T09:35:00,2026-10-12T09:37:00,CA1,,,,200,200,0,False,,
EVT-002968,LOT-0385,STN-SHP,START,2026-10-12T09:37:30,2026-10-12T09:39:30,CA1,,,,200,200,0,False,,
EVT-002969,LOT-0386,STN-INB,START,2026-10-12T18:00:00,2026-10-12T18:02:00,CA2,,,,200,200,0,False,,
EVT-002970,LOT-0386,STN-M1,START,2026-10-12T18:02:30,2026-10-12T18:04:30,CA2,,,4.1,200,200,0,False,,
EVT-002971,LOT-0386,STN-M2,START,2026-10-12T18:05:00,2026-10-12T18:07:00,CA2,198.0,47.7,,200,198,2,True,TEMP_SPIKE,FMEA-M2-001
EVT-002972,LOT-0386,STN-HT,START,2026-10-12T18:07:30,2026-10-12T18:17:30,CA2,181.5,,,200,200,0,False,,
EVT-002973,LOT-0386,STN-AS1,START,2026-10-12T18:18:00,2026-10-12T18:20:00,CA2,,,,200,200,0,False,,
EVT-002974,LOT-0386,STN-T1,START,2026-10-12T18:20:30,2026-10-12T18:22:30,CA2,,,,200,198,2,True,FORCE_DROP,FMEA-M2-001
EVT-002975,LOT-0386,STN-PK,START,2026-10-12T18:23:00,2026-10-12T18:25:00,CA2,,,,200,200,0,False,,
EVT-002976,LOT-0386,STN-SHP,START,2026-10-12T18:25:30,2026-10-12T18:27:30,CA2,,,,200,200,0,False,,
EVT-002977,LOT-0387,STN-INB,START,2026-10-12T10:48:00,2026-10-12T10:50:00,CA1,,,,200,200,0,False,,
EVT-002978,LOT-0387,STN-M1,START,2026-10-12T10:50:30,2026-10-12T10:52:30,CA1,,,3.6,200,200,0,False,,
EVT-002979,LOT-0387,STN-HT,START,2026-10-12T10:53:00,2026-10-12T11:03:00,CA1,193.2,,,200,198,2,True,TEMP_SPIKE,FMEA-M2-001
EVT-002980,LOT-0387,STN-AS2,START,2026-10-12T11:03:30,2026-10-12T11:05:30,CA1,,,,200,200,0,False,,
EVT-002981,LOT-0387,STN-T1,START,2026-10-12T11:06:00,2026-10-12T11:08:00,CA1,,,,200,200,0,False,,
EVT-002982,LOT-0387,STN-PK,START,2026-10-12T11:08:30,2026-10-12T11:10:30,CA1,,,,200,200,0,False,,
EVT-002983,LOT-0387,STN-SHP,START,2026-10-12T11:11:00,2026-10-12T11:13:00,CA1,,,,200,200,0,False,,
EVT-002984,LOT-0388,STN-INB,START,2026-10-12T19:36:00,2026-10-12T19:38:00,CA2,,,,200,200,0,False,,
EVT-002985,LOT-0388,STN-M1,START,2026-10-12T19:38:30,2026-10-12T19:40:30,CA2,,,2.7,200,200,0,False,,
EVT-002986,LOT-0388,STN-HT,START,2026-10-12T19:41:00,2026-10-12T19:51:00,CA2,175.8,,,200,200,0,False,,
EVT-002987,LOT-0388,STN-AS2,START,2026-10-12T19:51:30,2026-10-12T19:53:30,CA2,,,,200,200,0,False,,
EVT-002988,LOT-0388,STN-T1,START,2026-10-12T19:54:00,2026-10-12T19:56:00,CA2,,,,200,200,0,False,,
EVT-002989,LOT-0388,STN-PK,START,2026-10-12T19:56:30,2026-10-12T19:58:30,CA2,,,,200,200,0,False,,
EVT-002990,LOT-0388,STN-SHP,START,2026-10-12T19:59:00,2026-10-12T20:01:00,CA2,,,,200,200,0,False,,
EVT-002991,LOT-0389,STN-INB,START,2026-10-12T06:00:00,2026-10-12T06:02:00,CA1,,,,200,200,0,False,,
EVT-002992,LOT-0389,STN-M1,START,2026-10-12T06:02:30,2026-10-12T06:04:30,CA1,,,2.7,200,200,0,False,,
EVT-002993,LOT-0389,STN-M2,START,2026-10-12T06:05:00,2026-10-12T06:07:00,CA1,172.9,45.1,,200,200,0,False,,
EVT-002994,LOT-0389,STN-HT,START,2026-10-12T06:07:30,2026-10-12T06:17:30,CA1,178.3,,,200,200,0,False,,
EVT-002995,LOT-0389,STN-AS1,START,2026-10-12T06:18:00,2026-10-12T06:20:00,CA1,,,,200,200,0,False,,
EVT-002996,LOT-0389,STN-T1,START,2026-10-12T06:20:30,2026-10-12T06:22:30,CA1,,,,200,200,0,False,,
EVT-002997,LOT-0389,STN-PK,START,2026-10-12T06:23:00,2026-10-12T06:25:00,CA1,,,,200,200,0,False,,
EVT-002998,LOT-0389,STN-SHP,START,2026-10-12T06:25:30,2026-10-12T06:27:30,CA1,,,,200,200,0,False,,
EVT-002999,LOT-0390,STN-INB,START,2026-10-12T14:48:00,2026-10-12T14:50:00,CA2,,,,200,200,0,False,,
EVT-003000,LOT-0390,STN-M1,START,2026-10-12T14:50:30,2026-10-12T14:52:30,CA2,,,3.9,200,200,0,False,,
EVT-003001,LOT-0390,STN-M2,START,2026-10-12T14:53:00,2026-10-12T14:55:00,CA2,175.5,42.3,,200,200,0,False,,
EVT-003002,LOT-0390,STN-HT,START,2026-10-12T14:55:30,2026-10-12T15:05:30,CA2,179.1,,,200,200,0,False,,
EVT-003003,LOT-0390,STN-AS1,START,2026-10-12T15:06:00,2026-10-12T15:08:00,CA2,,,,200,200,0,False,,
EVT-003004,LOT-0390,STN-T1,START,2026-10-12T15:08:30,2026-10-12T15:10:30,CA2,,,,200,200,0,False,,
EVT-003005,LOT-0390,STN-PK,START,2026-10-12T15:11:00,2026-10-12T15:13:00,CA2,,,,200,200,0,False,,
EVT-003006,LOT-0390,STN-SHP,START,2026-10-12T15:13:30,2026-10-12T15:15:30,CA2,,,,200,200,0,False,,
EVT-003007,LOT-0391,STN-INB,START,2026-10-12T07:36:00,2026-10-12T07:38:00,CA1,,,,200,200,0,False,,
EVT-003008,LOT-0391,STN-M1,START,2026-10-12T07:38:30,2026-10-12T07:40:30,CA1,,,2.7,200,200,0,False,,
EVT-003009,LOT-0391,STN-HT,START,2026-10-12T07:41:00,2026-10-12T07:51:00,CA1,176.1,,,200,200,0,False,,
EVT-003010,LOT-0391,STN-AS2,START,2026-10-12T07:51:30,2026-10-12T07:53:30,CA1,,,,200,200,0,False,,
EVT-003011,LOT-0391,STN-T1,START,2026-10-12T07:54:00,2026-10-12T07:56:00,CA1,,,,200,200,0,False,,
EVT-003012,LOT-0391,STN-PK,START,2026-10-12T07:56:30,2026-10-12T07:58:30,CA1,,,,200,200,0,False,,
EVT-003013,LOT-0391,STN-SHP,START,2026-10-12T07:59:00,2026-10-12T08:01:00,CA1,,,,200,200,0,False,,
EVT-003014,LOT-0392,STN-INB,START,2026-10-12T16:24:00,2026-10-12T16:26:00,CA2,,,,200,200,0,False,,
EVT-003015,LOT-0392,STN-M1,START,2026-10-12T16:26:30,2026-10-12T16:28:30,CA2,,,3.4,200,200,0,False,,
EVT-003016,LOT-0392,STN-HT,START,2026-10-12T16:29:00,2026-10-12T16:39:00,CA2,179.4,,,200,200,0,False,,
EVT-003017,LOT-0392,STN-AS2,START,2026-10-12T16:39:30,2026-10-12T16:41:30,CA2,,,,200,200,0,False,,
EVT-003018,LOT-0392,STN-T1,START,2026-10-12T16:42:00,2026-10-12T16:44:00,CA2,,,,200,200,0,False,,
EVT-003019,LOT-0392,STN-PK,START,2026-10-12T16:44:30,2026-10-12T16:46:30,CA2,,,,200,200,0,False,,
EVT-003020,LOT-0392,STN-SHP,START,2026-10-12T16:47:00,2026-10-12T16:49:00,CA2,,,,200,200,0,False,,
EVT-003021,LOT-0393,STN-INB,START,2026-10-12T09:12:00,2026-10-12T09:14:00,CA1,,,,200,200,0,False,,
EVT-003022,LOT-0393,STN-M1,START,2026-10-12T09:14:30,2026-10-12T09:16:30,CA1,,,3.1,200,200,0,False,,
EVT-003023,LOT-0393,STN-M2,START,2026-10-12T09:17:00,2026-10-12T09:19:00,CA1,180.2,45.8,,200,200,0,False,,
EVT-003024,LOT-0393,STN-HT,START,2026-10-12T09:19:30,2026-10-12T09:29:30,CA1,179.7,,,200,200,0,False,,
EVT-003025,LOT-0393,STN-AS1,START,2026-10-12T09:30:00,2026-10-12T09:32:00,CA1,,,,200,200,0,False,,
EVT-003026,LOT-0393,STN-T1,START,2026-10-12T09:32:30,2026-10-12T09:34:30,CA1,,,,200,200,0,False,,
EVT-003027,LOT-0393,STN-PK,START,2026-10-12T09:35:00,2026-10-12T09:37:00,CA1,,,,200,200,0,False,,
EVT-003028,LOT-0393,STN-SHP,START,2026-10-12T09:37:30,2026-10-12T09:39:30,CA1,,,,200,200,0,False,,
EVT-003029,LOT-0394,STN-INB,START,2026-10-12T18:00:00,2026-10-12T18:02:00,CA2,,,,200,200,0,False,,
EVT-003030,LOT-0394,STN-M1,START,2026-10-12T18:02:30,2026-10-12T18:04:30,CA2,,,2.5,200,200,0,False,,
EVT-003031,LOT-0394,STN-M2,START,2026-10-12T18:05:00,2026-10-12T18:07:00,CA2,178.1,45.7,,200,200,0,False,,
EVT-003032,LOT-0394,STN-HT,START,2026-10-12T18:07:30,2026-10-12T18:17:30,CA2,178.9,,,200,200,0,False,,
EVT-003033,LOT-0394,STN-AS1,START,2026-10-12T18:18:00,2026-10-12T18:20:00,CA2,,,,200,200,0,False,,
EVT-003034,LOT-0394,STN-T1,START,2026-10-12T18:20:30,2026-10-12T18:22:30,CA2,,,,200,200,0,False,,
EVT-003035,LOT-0394,STN-PK,START,2026-10-12T18:23:00,2026-10-12T18:25:00,CA2,,,,200,200,0,False,,
EVT-003036,LOT-0394,STN-SHP,START,2026-10-12T18:25:30,2026-10-12T18:27:30,CA2,,,,200,200,0,False,,
EVT-003037,LOT-0395,STN-INB,START,2026-10-12T10:48:00,2026-10-12T10:50:00,CA1,,,,200,200,0,False,,
EVT-003038,LOT-0395,STN-M1,START,2026-10-12T10:50:30,2026-10-12T10:52:30,CA1,,,4.3,200,200,0,False,,
EVT-003039,LOT-0395,STN-HT,START,2026-10-12T10:53:00,2026-10-12T11:03:00,CA1,176.7,,,200,200,0,False,,
EVT-003040,LOT-0395,STN-AS2,START,2026-10-12T11:03:30,2026-10-12T11:05:30,CA1,,,,200,200,0,False,,
EVT-003041,LOT-0395,STN-T1,START,2026-10-12T11:06:00,2026-10-12T11:08:00,CA1,,,,200,200,0,False,,
EVT-003042,LOT-0395,STN-PK,START,2026-10-12T11:08:30,2026-10-12T11:10:30,CA1,,,,200,200,0,False,,
EVT-003043,LOT-0395,STN-SHP,START,2026-10-12T11:11:00,2026-10-12T11:13:00,CA1,,,,200,200,0,False,,
EVT-003044,LOT-0396,STN-INB,START,2026-10-12T19:36:00,2026-10-12T19:38:00,CA2,,,,200,200,0,False,,
EVT-003045,LOT-0396,STN-M1,START,2026-10-12T19:38:30,2026-10-12T19:40:30,CA2,,,3.6,200,200,0,False,,
EVT-003046,LOT-0396,STN-HT,START,2026-10-12T19:41:00,2026-10-12T19:51:00,CA2,177.5,,,200,200,0,False,,
EVT-003047,LOT-0396,STN-AS2,START,2026-10-12T19:51:30,2026-10-12T19:53:30,CA2,,,,200,200,0,False,,
EVT-003048,LOT-0396,STN-T1,START,2026-10-12T19:54:00,2026-10-12T19:56:00,CA2,,,,200,200,0,False,,
EVT-003049,LOT-0396,STN-PK,START,2026-10-12T19:56:30,2026-10-12T19:58:30,CA2,,,,200,200,0,False,,
EVT-003050,LOT-0396,STN-SHP,START,2026-10-12T19:59:00,2026-10-12T20:01:00,CA2,,,,200,200,0,False,,
EVT-003051,LOT-0397,STN-INB,START,2026-10-12T06:00:00,2026-10-12T06:02:00,CA1,,,,200,200,0,False,,
EVT-003052,LOT-0397,STN-M1,START,2026-10-12T06:02:30,2026-10-12T06:04:30,CA1,,,3.6,200,200,0,False,,
EVT-003053,LOT-0397,STN-M2,START,2026-10-12T06:05:00,2026-10-12T06:07:00,CA1,183.4,47.6,,200,200,0,False,,
EVT-003054,LOT-0397,STN-HT,START,2026-10-12T06:07:30,2026-10-12T06:17:30,CA1,177.5,,,200,200,0,False,,
EVT-003055,LOT-0397,STN-AS1,START,2026-10-12T06:18:00,2026-10-12T06:20:00,CA1,,,,200,200,0,False,,
EVT-003056,LOT-0397,STN-T1,START,2026-10-12T06:20:30,2026-10-12T06:22:30,CA1,,,,200,200,0,False,,
EVT-003057,LOT-0397,STN-PK,START,2026-10-12T06:23:00,2026-10-12T06:25:00,CA1,,,,200,200,0,False,,
EVT-003058,LOT-0397,STN-SHP,START,2026-10-12T06:25:30,2026-10-12T06:27:30,CA1,,,,200,200,0,False,,
EVT-003059,LOT-0398,STN-INB,START,2026-10-12T14:48:00,2026-10-12T14:50:00,CA2,,,,200,200,0,False,,
EVT-003060,LOT-0398,STN-M1,START,2026-10-12T14:50:30,2026-10-12T14:52:30,CA2,,,3.9,200,200,0,False,,
EVT-003061,LOT-0398,STN-M2,START,2026-10-12T14:53:00,2026-10-12T14:55:00,CA2,179.8,46.9,,200,200,0,False,,
EVT-003062,LOT-0398,STN-HT,START,2026-10-12T14:55:30,2026-10-12T15:05:30,CA2,177.3,,,200,200,0,False,,
EVT-003063,LOT-0398,STN-AS1,START,2026-10-12T15:06:00,2026-10-12T15:08:00,CA2,,,,200,200,0,False,,
EVT-003064,LOT-0398,STN-T1,START,2026-10-12T15:08:30,2026-10-12T15:10:30,CA2,,,,200,200,0,False,,
EVT-003065,LOT-0398,STN-PK,START,2026-10-12T15:11:00,2026-10-12T15:13:00,CA2,,,,200,200,0,False,,
EVT-003066,LOT-0398,STN-SHP,START,2026-10-12T15:13:30,2026-10-12T15:15:30,CA2,,,,200,200,0,False,,
EVT-003067,LOT-0399,STN-INB,START,2026-10-12T07:36:00,2026-10-12T07:38:00,CA1,,,,200,200,0,False,,
EVT-003068,LOT-0399,STN-M1,START,2026-10-12T07:38:30,2026-10-12T07:40:30,CA1,,,4.5,200,200,0,False,,
EVT-003069,LOT-0399,STN-HT,START,2026-10-12T07:41:00,2026-10-12T07:51:00,CA1,175.8,,,200,200,0,False,,
EVT-003070,LOT-0399,STN-AS2,START,2026-10-12T07:51:30,2026-10-12T07:53:30,CA1,,,,200,200,0,False,,
EVT-003071,LOT-0399,STN-T1,START,2026-10-12T07:54:00,2026-10-12T07:56:00,CA1,,,,200,198,2,True,TEMP_SPIKE,FMEA-M2-001
EVT-003072,LOT-0399,STN-PK,START,2026-10-12T07:56:30,2026-10-12T07:58:30,CA1,,,,200,200,0,False,,
EVT-003073,LOT-0399,STN-SHP,START,2026-10-12T07:59:00,2026-10-12T08:01:00,CA1,,,,200,200,0,False,,
EVT-003074,LOT-0400,STN-INB,START,2026-10-12T16:24:00,2026-10-12T16:26:00,CA2,,,,200,200,0,False,,
EVT-003075,LOT-0400,STN-M1,START,2026-10-12T16:26:30,2026-10-12T16:28:30,CA2,,,3.1,200,200,0,False,,
EVT-003076,LOT-0400,STN-HT,START,2026-10-12T16:29:00,2026-10-12T16:39:00,CA2,176.9,,,200,200,0,False,,
EVT-003077,LOT-0400,STN-AS2,START,2026-10-12T16:39:30,2026-10-12T16:41:30,CA2,,,,200,198,2,True,TEMP_SPIKE,FMEA-M2-001
EVT-003078,LOT-0400,STN-T1,START,2026-10-12T16:42:00,2026-10-12T16:44:00,CA2,,,,200,200,0,False,,
EVT-003079,LOT-0400,STN-PK,START,2026-10-12T16:44:30,2026-10-12T16:46:30,CA2,,,,200,200,0,False,,
EVT-003080,LOT-0400,STN-SHP,START,2026-10-12T16:47:00,2026-10-12T16:49:00,CA2,,,,200,200,0,False,,
