scan_id,qr_code,parent_qr_code,scan_type,station_code,scan_ts_raw,ts_format,operator_code
SCAN_000001,QR260929A0001,,RECEIVE,INB,2026-09-29 06:00:00,YYYY-MM-DD HH:MM:SS,OP_001
SCAN_000002,QR260929A0001,,MOVE,M1,2026-09-29 06:02:30,YYYY-MM-DD HH:MM:SS,OP_001
SCAN_000003,QR260929A0001,,MOVE,M2,2026-09-29 06:05:00,YYYY-MM-DD HH:MM:SS,OP_001
SCAN_000004,QR260929A0001,,MOVE,HT,2026-09-29 06:07:30,YYYY-MM-DD HH:MM:SS,OP_001
SCAN_000005,QR260929A0001,,MOVE,AS1,2026-09-29 06:18:00,YYYY-MM-DD HH:MM:SS,OP_001
SCAN_000006,QR260929A0001,,MOVE,T1,2026-09-29 06:20:30,YYYY-MM-DD HH:MM:SS,OP_001
SCAN_000007,QR260929A0001,,MOVE,PK,2026-09-29 06:23:00,YYYY-MM-DD HH:MM:SS,OP_001
SCAN_000008,QR260929A0001,,MOVE,SHP,2026-09-29 06:25:30,YYYY-MM-DD HH:MM:SS,OP_001
SCAN_000009,QR260929A0002,,RECEIVE,INB,2026-09-29 14:48:00,YYYY-MM-DD HH:MM:SS,OP_001
SCAN_000010,QR260929A0002,,MOVE,M1,2026-09-29 14:50:30,YYYY-MM-DD HH:MM:SS,OP_001
SCAN_000011,QR260929A0002,,MOVE,M2,2026-09-29 14:53:00,YYYY-MM-DD HH:MM:SS,OP_001
SCAN_000012,QR260929A0002,,MOVE,HT,2026-09-29 14:55:30,YYYY-MM-DD HH:MM:SS,OP_001
SCAN_000013,QR260929A0002,,MOVE,AS1,2026-09-29 15:06:00,YYYY-MM-DD HH:MM:SS,OP_001
SCAN_000014,QR260929A0002,,MOVE,T1,2026-09-29 15:08:30,YYYY-MM-DD HH:MM:SS,OP_001
SCAN_000015,QR260929A0002,,MOVE,PK,2026-09-29 15:11:00,YYYY-MM-DD HH:MM:SS,OP_001
SCAN_000016,QR260929A0002,,MOVE,SHP,2026-09-29 15:13:30,YYYY-MM-DD HH:MM:SS,OP_001
SCAN_000017,QR260929B0003,,RECEIVE,INB,2026-09-29 07:36:00,YYYY-MM-DD HH:MM:SS,OP_001
SCAN_000018,QR260929B0003,,MOVE,M1,2026-09-29 07:38:30,YYYY-MM-DD HH:MM:SS,OP_001
SCAN_000019,QR260929B0003,,MOVE,HT,2026-09-29 07:41:00,YYYY-MM-DD HH:MM:SS,OP_001
SCAN_000020,QR260929B0003,,MOVE,AS2,2026-09-29 07:51:30,YYYY-MM-DD HH:MM:SS,OP_001
SCAN_000021,QR260929B0003,,MOVE,T1,2026-09-29 07:54:00,YYYY-MM-DD HH:MM:SS,OP_001
SCAN_000022,QR260929B0003,,MOVE,PK,2026-09-29 07:56:30,YYYY-MM-DD HH:MM:SS,OP_001
SCAN_000023,QR260929B0003,,MOVE,SHP,2026-09-29 07:59:00,YYYY-MM-DD HH:MM:SS,OP_001
SCAN_000024,QR260929B0004,,RECEIVE,INB,2026-09-29 16:24:00,YYYY-MM-DD HH:MM:SS,OP_001
SCAN_000025,QR260929B0004,,MOVE,M1,2026-09-29 16:26:30,YYYY-MM-DD HH:MM:SS,OP_001
SCAN_000026,QR260929B0004,,MOVE,HT,2026-09-29 16:29:00,YYYY-MM-DD HH:MM:SS,OP_001
SCAN_000027,QR260929B0004,,MOVE,AS2,2026-09-29 16:39:30,YYYY-MM-DD HH:MM:SS,OP_001
SCAN_000028,QR260929B0004,,MOVE,T1,2026-09-29 16:42:00,YYYY-MM-DD HH:MM:SS,OP_001
SCAN_000029,QR260929B0004,,MOVE,PK,2026-09-29 16:44:30,YYYY-MM-DD HH:MM:SS,OP_001
SCAN_000030,QR260929B0004,,MOVE,SHP,2026-09-29 16:47:00,YYYY-MM-DD HH:MM:SS,OP_001
SCAN_000031,QR260929A0005,,RECEIVE,INB,2026-09-29 09:12:00,YYYY-MM-DD HH:MM:SS,OP_001
SCAN_000032,QR260929A0005,,MOVE,M1,2026-09-29 09:14:30,YYYY-MM-DD HH:MM:SS,OP_001
SCAN_000033,QR260929A0005,,MOVE,M2,2026-09-29 09:17:00,YYYY-MM-DD HH:MM:SS,OP_001
SCAN_000034,QR260929A0005,,MOVE,HT,2026-09-29 09:19:30,YYYY-MM-DD HH:MM:SS,OP_001
SCAN_000035,QR260929A0005,,MOVE,AS1,2026-09-29 09:30:00,YYYY-MM-DD HH:MM:SS,OP_001
SCAN_000036,QR260929A0005,,MOVE,T1,2026-09-29 09:32:30,YYYY-MM-DD HH:MM:SS,OP_001
SCAN_000037,QR260929A0005,,MOVE,PK,2026-09-29 09:35:00,YYYY-MM-DD HH:MM:SS,OP_001
SCAN_000038,QR260929A0005,,MOVE,SHP,2026-09-29 09:37:30,YYYY-MM-DD HH:MM:SS,OP_001
SCAN_000039,QR260929A0006,,RECEIVE,INB,2026-09-29 18:00:00,YYYY-MM-DD HH:MM:SS,OP_001
SCAN_000040,QR260929A0006,,MOVE,M1,2026-09-29 18:02:30,YYYY-MM-DD HH:MM:SS,OP_001
SCAN_000041,QR260929A0006,,MOVE,M2,2026-09-29 18:05:00,YYYY-MM-DD HH:MM:SS,OP_001
SCAN_000042,QR260929A0006,,MOVE,HT,2026-09-29 18:07:30,YYYY-MM-DD HH:MM:SS,OP_001
SCAN_000043,QR260929A0006,,MOVE,AS1,2026-09-29 18:18:00,YYYY-MM-DD HH:MM:SS,OP_001
SCAN_000044,QR260929A0006,,MOVE,T1,2026-09-29 18:20:30,YYYY-MM-DD HH:MM:SS,OP_001
SCAN_000045,QR260929A0006,,MOVE,PK,2026-09-29 18:23:00,YYYY-MM-DD HH:MM:SS,OP_001
SCAN_000046,QR260929A0006,,MOVE,SHP,2026-09-29 18:25:30,YYYY-MM-DD HH:MM:SS,OP_001
SCAN_000047,QR260929B0007,,RECEIVE,INB,2026-09-29 10:48:00,YYYY-MM-DD HH:MM:SS,OP_001
SCAN_000048,QR260929B0007,,MOVE,M1,2026-09-29 10:50:30,YYYY-MM-DD HH:MM:SS,OP_001
SCAN_000049,QR260929B0007,,MOVE,HT,2026-09-29 10:53:00,YYYY-MM-DD HH:MM:SS,OP_001
SCAN_000050,QR260929B0007,,MOVE,AS2,2026-09-29 11:03:30,YYYY-MM-DD HH:MM:SS,OP_001
SCAN_000051,QR260929B0007,,MOVE,T1,2026-09-29 11:06:00,YYYY-MM-DD HH:MM:SS,OP_001
SCAN_000052,QR260929B0007,,MOVE,PK,2026-09-29 11:08:30,YYYY-MM-DD HH:MM:SS,OP_001
SCAN_000053,QR260929B0007,,MOVE,SHP,2026-09-29 11:11:00,YYYY-MM-DD HH:MM:SS,OP_001
SCAN_000054,QR260929B0008,,RECEIVE,INB,2026-09-29 19:36:00,YYYY-MM-DD HH:MM:SS,OP_001
SCAN_000055,QR260929B0008,,MOVE,M1,2026-09-29 19:38:30,YYYY-MM-DD HH:MM:SS,OP_001
SCAN_000056,QR260929B0008,,MOVE,HT,2026-09-29 19:41:00,YYYY-MM-DD HH:MM:SS,OP_001
SCAN_000057,QR260929B0008,,MOVE,AS2,2026-09-29 19:51:30,YYYY-MM-DD HH:MM:SS,OP_001
SCAN_000058,QR260929B0008,,MOVE,T1,2026-09-29 19:54:00,YYYY-MM-DD HH:MM:SS,OP_001
SCAN_000059,QR260929B0008,,MOVE,PK,2026-09-29 19:56:30,YYYY-MM-DD HH:MM:SS,OP_001
SCAN_000060,QR260929B0008,,MOVE,SHP,2026-09-29 19:59:00,YYYY-MM-DD HH:MM:SS,OP_001
SCAN_000061,QR260929A0009,,RECEIVE,INB,2026-09-29 06:00:00,YYYY-MM-DD HH:MM:SS,OP_001
SCAN_000062,QR260929A0009,,MOVE,M1,2026-09-29 06:02:30,YYYY-MM-DD HH:MM:SS,OP_001
SCAN_000063,QR260929A0009,,MOVE,M2,2026-09-29 06:05:00,YYYY-MM-DD HH:MM:SS,OP_001
SCAN_000064,QR260929A0009,,MOVE,HT,2026-09-29 06:07:30,YYYY-MM-DD HH:MM:SS,OP_001
SCAN_000065,QR260929A0009,,MOVE,AS1,2026-09-29 06:18:00,YYYY-MM-DD HH:MM:SS,OP_001
SCAN_000066,QR260929A0009,,MOVE,T1,2026-09-29 06:20:30,YYYY-MM-DD HH:MM:SS,OP_001
SCAN_000067,QR260929A0009,,MOVE,PK,2026-09-29 06:23:00,YYYY-MM-DD HH:MM:SS,OP_001
SCAN_000068,QR260929A0009,,MOVE,SHP,2026-09-29 06:25:30,YYYY-MM-DD HH:MM:SS,OP_001
SCAN_000069,QR260929A0010,,RECEIVE,INB,2026-09-29 14:48:00,YYYY-MM-DD HH:MM:SS,OP_001
SCAN_000070,QR260929A0010,,MOVE,M1,2026-09-29 14:50:30,YYYY-MM-DD HH:MM:SS,OP_001
SCAN_000071,QR260929A0010,,MOVE,M2,2026-09-29 14:53:00,YYYY-MM-DD HH:MM:SS,OP_001
SCAN_000072,QR260929A0010,,MOVE,HT,2026-09-29 14:55:30,YYYY-MM-DD HH:MM:SS,OP_001
SCAN_000073,QR260929A0010,,MOVE,AS1,2026-09-29 15:06:00,YYYY-MM-DD HH:MM:SS,OP_001
SCAN_000074,QR260929A0010,,MOVE,T1,2026-09-29 15:08:30,YYYY-MM-DD HH:MM:SS,OP_001
SCAN_000075,QR260929A0010,,MOVE,PK,2026-09-29 15:11:00,YYYY-MM-DD HH:MM:SS,OP_001
SCAN_000076,QR260929A0010,,MOVE,SHP,2026-09-29 15:13:30,YYYY-MM-DD HH:MM:SS,OP_001
SCAN_000077,QR260929B0011,,RECEIVE,INB,2026-09-29 07:36:00,YYYY-MM-DD HH:MM:SS,OP_001
SCAN_000078,QR260929B0011,,MOVE,M1,2026-09-29 07:38:30,YYYY-MM-DD HH:MM:SS,OP_001
SCAN_000079,QR260929B0011,,MOVE,HT,2026-09-29 07:41:00,YYYY-MM-DD HH:MM:SS,OP_001
SCAN_000080,QR260929B0011,,MOVE,AS2,2026-09-29 07:51:30,YYYY-MM-DD HH:MM:SS,OP_001
SCAN_000081,QR260929B0011,,MOVE,T1,2026-09-29 07:54:00,YYYY-MM-DD HH:MM:SS,OP_001
SCAN_000082,QR260929B0011,,MOVE,PK,2026-09-29 07:56:30,YYYY-MM-DD HH:MM:SS,OP_001
SCAN_000083,QR260929B0011,,MOVE,SHP,2026-09-29 07:59:00,YYYY-MM-DD HH:MM:SS,OP_001
SCAN_000084,QR260929B0012,,RECEIVE,INB,2026-09-29 16:24:00,YYYY-MM-DD HH:MM:SS,OP_001
SCAN_000085,QR260929B0012,,MOVE,M1,2026-09-29 16:26:30,YYYY-MM-DD HH:MM:SS,OP_001
SCAN_000086,QR260929B0012,,MOVE,HT,2026-09-29 16:29:00,YYYY-MM-DD HH:MM:SS,OP_001
SCAN_000087,QR260929B0012,,MOVE,AS2,2026-09-29 16:39:30,YYYY-MM-DD HH:MM:SS,OP_001
SCAN_000088,QR260929B0012,,MOVE,T1,2026-09-29 16:42:00,YYYY-MM-DD HH:MM:SS,OP_001
SCAN_000089,QR260929B0012,,MOVE,PK,2026-09-29 16:44:30,YYYY-MM-DD HH:MM:SS,OP_001
SCAN_000090,QR260929B0012,,MOVE,SHP,2026-09-29 16:47:00,YYYY-MM-DD HH:MM:SS,OP_001
SCAN_000091,QR260929A0013,,RECEIVE,INB,2026-09-29 09:12:00,YYYY-MM-DD HH:MM:SS,OP_001
SCAN_000092,QR260929A0013,,MOVE,M1,2026-09-29 09:14:30,YYYY-MM-DD HH:MM:SS,OP_001
SCAN_000093,QR260929A0013,,MOVE,M2,2026-09-29 09:17:00,YYYY-MM-DD HH:MM:SS,OP_001
SCAN_000094,QR260929A0013,,MOVE,HT,2026-09-29 09:19:30,YYYY-MM-DD HH:MM:SS,OP_001
SCAN_000095,QR260929A0013,,MOVE,AS1,2026-09-29 09:30:00,YYYY-MM-DD HH:MM:SS,OP_001
SCAN_000096,QR260929A0013,,MOVE,T1,2026-09-29 09:32:30,YYYY-MM-DD HH:MM:SS,OP_001
SCAN_000097,QR260929A0013,,MOVE,PK,2026-09-29 09:35:00,YYYY-MM-DD HH:MM:SS,OP_001
SCAN_000098,QR260929A0013,,MOVE,SHP,2026-09-29 09:37:30,YYYY-MM-DD HH:MM:SS,OP_001
SCAN_000099,QR260929A0014,,RECEIVE,INB,2026-09-29 18:00:00,YYYY-MM-DD HH:MM:SS,OP_001
SCAN_000100,QR260929A0014,,MOVE,M1,2026-09-29 18:02:30,YYYY-MM-DD HH:MM:SS,OP_001
SCAN_000101,QR260929A0014,,MOVE,M2,2026-09-29 18:05:00,YYYY-MM-DD HH:MM:SS,OP_001
SCAN_000102,QR260929A0014,,MOVE,HT,2026-09-29 18:07:30,YYYY-MM-DD HH:MM:SS,OP_001
SCAN_000103,QR260929A0014,,MOVE,AS1,2026-09-29 18:18:00,YYYY-MM-DD HH:MM:SS,OP_001
SCAN_000104,QR260929A0014,,MOVE,T1,2026-09-29 18:20:30,YYYY-MM-DD HH:MM:SS,OP_001
SCAN_000105,QR260929A0014,,MOVE,PK,2026-09-29 18:23:00,YYYY-MM-DD HH:MM:SS,OP_001
SCAN_000106,QR260929A0014,,MOVE,SHP,2026-09-29 18:25:30,YYYY-MM-DD HH:MM:SS,OP_001
SCAN_000107,QR260929B0015,,RECEIVE,INB,2026-09-29 10:48:00,YYYY-MM-DD HH:MM:SS,OP_001
SCAN_000108,QR260929B0015,,MOVE,M1,2026-09-29 10:50:30,YYYY-MM-DD HH:MM:SS,OP_001
SCAN_000109,QR260929B0015,,MOVE,HT,2026-09-29 10:53:00,YYYY-MM-DD HH:MM:SS,OP_001
SCAN_000112,QR260929B0015,,MOVE,PK,2026-09-29 11:08:30,YYYY-MM-DD HH:MM:SS,OP_001
SCAN_000113,QR260929B0015,,MOVE,SHP,2026-09-29 11:11:00,YYYY-MM-DD HH:MM:SS,OP_001
SCAN_000114,QR260929B0016,,RECEIVE,INB,2026-09-29 19:36:00,YYYY-MM-DD HH:MM:SS,OP_001
SCAN_000115,QR260929B0016,,MOVE,M1,2026-09-29 19:38:30,YYYY-MM-DD HH:MM:SS,OP_001
SCAN_000116,QR260929B0016,,MOVE,HT,2026-09-29 19:41:00,YYYY-MM-DD HH:MM:SS,OP_001
SCAN_000117,QR260929B0016,,MOVE,AS2,2026-09-29 19:51:30,YYYY-MM-DD HH:MM:SS,OP_001
SCAN_000118,QR260929B0016,,MOVE,T1,2026-09-29 19:54:00,YYYY-MM-DD HH:MM:SS,OP_001
SCAN_000119,QR260929B0016,,MOVE,PK,2026-09-29 19:56:30,YYYY-MM-DD HH:MM:SS,OP_001
SCAN_000120,QR260929B0016,,MOVE,SHP,2026-09-29 19:59:00,YYYY-MM-DD HH:MM:SS,OP_001
SCAN_000121,QR260929A0017,,RECEIVE,INB,2026-09-29 06:00:00,YYYY-MM-DD HH:MM:SS,OP_001
SCAN_000122,QR260929A0017,,MOVE,M1,2026-09-29 06:02:30,YYYY-MM-DD HH:MM:SS,OP_001
SCAN_000123,QR260929A0017,,MOVE,M2,2026-09-29 06:05:00,YYYY-MM-DD HH:MM:SS,OP_001
SCAN_000124,QR260929A0017,,MOVE,HT,2026-09-29 06:07:30,YYYY-MM-DD HH:MM:SS,OP_001
SCAN_000125,QR260929A0017,,MOVE,AS1,2026-09-29 06:18:00,YYYY-MM-DD HH:MM:SS,OP_001
SCAN_000126,QR260929A0017,,MOVE,T1,2026-09-29 06:20:30,YYYY-MM-DD HH:MM:SS,OP_001
SCAN_000127,QR260929A0017,,MOVE,PK,2026-09-29 06:23:00,YYYY-MM-DD HH:MM:SS,OP_001
SCAN_000128,QR260929A0017,,MOVE,SHP,2026-09-29 06:25:30,YYYY-MM-DD HH:MM:SS,OP_001
SCAN_000129,QR260929A0018,,RECEIVE,INB,2026-09-29 14:48:00,YYYY-MM-DD HH:MM:SS,OP_001
SCAN_000130,QR260929A0018,,MOVE,M1,2026-09-29 14:50:30,YYYY-MM-DD HH:MM:SS,OP_001
SCAN_000131,QR260929A0018,,MOVE,M2,2026-09-29 14:53:00,YYYY-MM-DD HH:MM:SS,OP_001
SCAN_000132,QR260929A0018,,MOVE,HT,2026-09-29 14:55:30,YYYY-MM-DD HH:MM:SS,OP_001
SCAN_000133,QR260929A0018,,MOVE,AS1,2026-09-29 15:06:00,YYYY-MM-DD HH:MM:SS,OP_001
SCAN_000134,QR260929A0018,,MOVE,T1,2026-09-29 15:08:30,YYYY-MM-DD HH:MM:SS,OP_001
SCAN_000135,QR260929A0018,,MOVE,PK,2026-09-29 15:11:00,YYYY-MM-DD HH:MM:SS,OP_001
SCAN_000136,QR260929A0018,,MOVE,SHP,2026-09-29 15:13:30,YYYY-MM-DD HH:MM:SS,OP_001
SCAN_000137,QR260929B0019,,RECEIVE,INB,2026-09-29 07:36:00,YYYY-MM-DD HH:MM:SS,OP_001
SCAN_000138,QR260929B0019,,MOVE,M1,2026-09-29 07:38:30,YYYY-MM-DD HH:MM:SS,OP_001
SCAN_000139,QR260929B0019,,MOVE,HT,2026-09-29 07:41:00,YYYY-MM-DD HH:MM:SS,OP_001
SCAN_000140,QR260929B0019,,MOVE,AS2,2026-09-29 07:51:30,YYYY-MM-DD HH:MM:SS,OP_001
SCAN_000141,QR260929B0019,,MOVE,T1,2026-09-29 07:54:00,YYYY-MM-DD HH:MM:SS,OP_001
SCAN_000142,QR260929B0019,,MOVE,PK,2026-09-29 07:56:30,YYYY-MM-DD HH:MM:SS,OP_001
SCAN_000143,QR260929B0019,,MOVE,SHP,2026-09-29 07:59:00,YYYY-MM-DD HH:MM:SS,OP_001
SCAN_000144,QR260929B0020,,RECEIVE,INB,2026-09-29 16:24:00,YYYY-MM-DD HH:MM:SS,OP_001
SCAN_000145,QR260929B0020,,MOVE,M1,2026-09-29 16:26:30,YYYY-MM-DD HH:MM:SS,OP_001
SCAN_000146,QR260929B0020,,MOVE,HT,2026-09-29 16:29:00,YYYY-MM-DD HH:MM:SS,OP_001
SCAN_000147,QR260929B0020,,MOVE,AS2,2026-09-29 16:39:30,YYYY-MM-DD HH:MM:SS,OP_001
SCAN_000148,QR260929B0020,,MOVE,T1,2026-09-29 16:42:00,YYYY-MM-DD HH:MM:SS,OP_001
SCAN_000149,QR260929B0020,,MOVE,PK,2026-09-29 16:44:30,YYYY-MM-DD HH:MM:SS,OP_001
SCAN_000150,QR260929B0020,,MOVE,SHP,2026-09-29 16:47:00,YYYY-MM-DD HH:MM:SS,OP_001
SCAN_000151,QR260929A0021,,RECEIVE,INB,2026-09-29 09:12:00,YYYY-MM-DD HH:MM:SS,OP_001
SCAN_000152,QR260929A0021,,MOVE,M1,2026-09-29 09:14:30,YYYY-MM-DD HH:MM:SS,OP_001
SCAN_000153,QR260929A0021,,MOVE,M2,2026-09-29 09:17:00,YYYY-MM-DD HH:MM:SS,OP_001
SCAN_000154,QR260929A0021,,MOVE,HT,2026-09-29 09:19:30,YYYY-MM-DD HH:MM:SS,OP_001
SCAN_000155,QR260929A0021,,MOVE,AS1,2026-09-29 09:30:00,YYYY-MM-DD HH:MM:SS,OP_001
SCAN_000156,QR260929A0021,,MOVE,T1,2026-09-29 09:32:30,YYYY-MM-DD HH:MM:SS,OP_001
SCAN_000157,QR260929A0021,,MOVE,PK,2026-09-29 09:35:00,YYYY-MM-DD HH:MM:SS,OP_001
SCAN_000158,QR260929A0021,,MOVE,SHP,2026-09-29 09:37:30,YYYY-MM-DD HH:MM:SS,OP_001
SCAN_000159,QR260929A0022,,RECEIVE,INB,2026-09-29 18:00:00,YYYY-MM-DD HH:MM:SS,OP_001
SCAN_000160,QR260929A0022,,MOVE,M1,2026-09-29 18:02:30,YYYY-MM-DD HH:MM:SS,OP_001
SCAN_000161,QR260929A0022,,MOVE,M2,2026-09-29 18:05:00,YYYY-MM-DD HH:MM:SS,OP_001
SCAN_000162,QR260929A0022,,MOVE,HT,2026-09-29 18:07:30,YYYY-MM-DD HH:MM:SS,OP_001
SCAN_000163,QR260929A0022,,MOVE,AS1,2026-09-29 18:18:00,YYYY-MM-DD HH:MM:SS,OP_001
SCAN_000164,QR260929A0022,,MOVE,T1,2026-09-29 18:20:30,YYYY-MM-DD HH:MM:SS,OP_001
SCAN_000165,QR260929A0022,,MOVE,PK,2026-09-29 18:23:00,YYYY-MM-DD HH:MM:SS,OP_001
SCAN_000166,QR260929A0022,,MOVE,SHP,2026-09-29 18:25:30,YYYY-MM-DD HH:MM:SS,OP_001
SCAN_000167,QR260929B0023,,RECEIVE,INB,2026-09-29 10:48:00,YYYY-MM-DD HH:MM:SS,OP_001
SCAN_000168,QR260929B0023,,MOVE,M1,2026-09-29 10:50:30,YYYY-MM-DD HH:MM:SS,OP_001
SCAN_000169,QR260929B0023,,MOVE,HT,2026-09-29 10:53:00,YYYY-MM-DD HH:MM:SS,OP_001
SCAN_000170,QR260929B0023,,MOVE,AS2,2026-09-29 11:03:30,YYYY-MM-DD HH:MM:SS,OP_001
SCAN_000171,QR260929B0023,,MOVE,T1,2026-09-29 11:06:00,YYYY-MM-DD HH:MM:SS,OP_001
SCAN_000172,QR260929B0023,,MOVE,PK,2026-09-29 11:08:30,YYYY-MM-DD HH:MM:SS,OP_001
SCAN_000173,QR260929B0023,,MOVE,SHP,2026-09-29 11:11:00,YYYY-MM-DD HH:MM:SS,OP_001
SCAN_000174,QR260929B0024,,RECEIVE,INB,2026-09-29 19:36:00,YYYY-MM-DD HH:MM:SS,OP_001
SCAN_000175,QR260929B0024,,MOVE,M1,2026-09-29 19:38:30,YYYY-MM-DD HH:MM:SS,OP_001
SCAN_000176,QR260929B0024,,MOVE,HT,2026-09-29 19:41:00,YYYY-MM-DD HH:MM:SS,OP_001
SCAN_000177,QR260929B0024,,MOVE,AS2,2026-09-29 19:51:30,YYYY-MM-DD HH:MM:SS,OP_001
SCAN_000178,QR260929B0024,,MOVE,T1,2026-09-29 19:54:00,YYYY-MM-DD HH:MM:SS,OP_001
SCAN_000179,QR260929B0024,,MOVE,PK,2026-09-29 19:56:30,YYYY-MM-DD HH:MM:SS,OP_001
SCAN_000180,QR260929B0024,,MOVE,SHP,2026-09-29 19:59:00,YYYY-MM-DD HH:MM:SS,OP_001
SCAN_000181,QR260929A0025,,RECEIVE,INB,2026-09-29 06:00:00,YYYY-MM-DD HH:MM:SS,OP_001
SCAN_000182,QR260929A0025,,MOVE,M1,2026-09-29 06:02:30,YYYY-MM-DD HH:MM:SS,OP_001
SCAN_000183,QR260929A0025,,MOVE,M2,2026-09-29 06:05:00,YYYY-MM-DD HH:MM:SS,OP_001
SCAN_000184,QR260929A0025,,MOVE,HT,2026-09-29 06:07:30,YYYY-MM-DD HH:MM:SS,OP_001
SCAN_000185,QR260929A0025,,MOVE,AS1,2026-09-29 06:18:00,YYYY-MM-DD HH:MM:SS,OP_001
SCAN_000186,QR260929A0025,,MOVE,T1,2026-09-29 06:20:30,YYYY-MM-DD HH:MM:SS,OP_001
SCAN_000187,QR260929A0025,,MOVE,PK,2026-09-29 06:23:00,YYYY-MM-DD HH:MM:SS,OP_001
SCAN_000188,QR260929A0025,,MOVE,SHP,2026-09-29 06:25:30,YYYY-MM-DD HH:MM:SS,OP_001
SCAN_000189,QR260929A0026,,RECEIVE,INB,2026-09-29 14:48:00,YYYY-MM-DD HH:MM:SS,OP_001
SCAN_000190,QR260929A0026,,MOVE,M1,2026-09-29 14:50:30,YYYY-MM-DD HH:MM:SS,OP_001
SCAN_000191,QR260929A0026,,MOVE,M2,2026-09-29 14:53:00,YYYY-MM-DD HH:MM:SS,OP_001
SCAN_000192,QR260929A0026,,MOVE,HT,2026-09-29 14:55:30,YYYY-MM-DD HH:MM:SS,OP_001
SCAN_000194,QR260929A0026,,MOVE,T1,2026-09-29 15:08:30,YYYY-MM-DD HH:MM:SS,OP_001
SCAN_000195,QR260929A0026,,MOVE,PK,2026-09-29 15:11:00,YYYY-MM-DD HH:MM:SS,OP_001
SCAN_000196,QR260929A0026,,MOVE,SHP,2026-09-29 15:13:30,YYYY-MM-DD HH:MM:SS,OP_001
SCAN_000197,QR260929B0027,,RECEIVE,INB,2026-09-29 07:36:00,YYYY-MM-DD HH:MM:SS,OP_001
SCAN_000198,QR260929B0027,,MOVE,M1,2026-09-29 07:38:30,YYYY-MM-DD HH:MM:SS,OP_001
SCAN_000200,QR260929B0027,,MOVE,AS2,2026-09-29 07:51:30,YYYY-MM-DD HH:MM:SS,OP_001
SCAN_000201,QR260929B0027,,MOVE,T1,2026-09-29 07:54:00,YYYY-MM-DD HH:MM:SS,OP_001
SCAN_000202,QR260929B0027,,MOVE,PK,2026-09-29 07:56:30,YYYY-MM-DD HH:MM:SS,OP_001
SCAN_000203,QR260929B0027,,MOVE,SHP,2026-09-29 07:59:00,YYYY-MM-DD HH:MM:SS,OP_001
SCAN_000204,QR260929B0028,,RECEIVE,INB,2026-09-29 16:24:00,YYYY-MM-DD HH:MM:SS,OP_001
SCAN_000205,QR260929B0028,,MOVE,M1,2026-09-29 16:26:30,YYYY-MM-DD HH:MM:SS,OP_001
SCAN_000206,QR260929B0028,,MOVE,HT,2026-09-29 16:29:00,YYYY-MM-DD HH:MM:SS,OP_001
SCAN_000207,QR260929B0028,,MOVE,AS2,2026-09-29 16:39:30,YYYY-MM-DD HH:MM:SS,OP_001
SCAN_000208,QR260929B0028,,MOVE,T1,2026-09-29 16:42:00,YYYY-MM-DD HH:MM:SS,OP_001
SCAN_000209,QR260929B0028,,MOVE,PK,2026-09-29 16:44:30,YYYY-MM-DD HH:MM:SS,OP_001
SCAN_000210,QR260929B0028,,MOVE,SHP,2026-09-29 16:47:00,YYYY-MM-DD HH:MM:SS,OP_001
SCAN_000211,QR260929A0029,,RECEIVE,INB,2026-09-29 09:12:00,YYYY-MM-DD HH:MM:SS,OP_001
SCAN_000212,QR260929A0029,,MOVE,M1,2026-09-29 09:14:30,YYYY-MM-DD HH:MM:SS,OP_001
SCAN_000213,QR260929A0029,,MOVE,M2,2026-09-29 09:17:00,YYYY-MM-DD HH:MM:SS,OP_001
SCAN_000214,QR260929A0029,,MOVE,HT,2026-09-29 09:19:30,YYYY-MM-DD HH:MM:SS,OP_001
SCAN_000215,QR260929A0029,,MOVE,AS1,2026-09-29 09:30:00,YYYY-MM-DD HH:MM:SS,OP_001
SCAN_000216,QR260929A0029,,MOVE,T1,2026-09-29 09:32:30,YYYY-MM-DD HH:MM:SS,OP_001
SCAN_000217,QR260929A0029,,MOVE,PK,2026-09-29 09:35:00,YYYY-MM-DD HH:MM:SS,OP_001
SCAN_000218,QR260929A0029,,MOVE,SHP,2026-09-29 09:37:30,YYYY-MM-DD HH:MM:SS,OP_001
SCAN_000219,QR260930A0030,,RECEIVE,INB,2026-09-30 06:00:00,YYYY-MM-DD HH:MM:SS,OP_001
SCAN_000220,QR260930A0030,,MOVE,M1,2026-09-30 06:02:30,YYYY-MM-DD HH:MM:SS,OP_001
SCAN_000221,QR260930A0030,,MOVE,M2,2026-09-30 06:05:00,YYYY-MM-DD HH:MM:SS,OP_001
SCAN_000222,QR260930A0030,,MOVE,HT,2026-09-30 06:07:30,YYYY-MM-DD HH:MM:SS,OP_001
SCAN_000223,QR260930A0030,,MOVE,AS1,2026-09-30 06:18:00,YYYY-MM-DD HH:MM:SS,OP_001
SCAN_000224,QR260930A0030,,MOVE,T1,2026-09-30 06:20:30,YYYY-MM-DD HH:MM:SS,OP_001
SCAN_000225,QR260930A0030,,MOVE,PK,2026-09-30 06:23:00,YYYY-MM-DD HH:MM:SS,OP_001
SCAN_000226,QR260930A0030,,MOVE,SHP,2026-09-30 06:25:30,YYYY-MM-DD HH:MM:SS,OP_001
SCAN_000227,QR260930B0031,,RECEIVE,INB,2026-09-30 14:48:00,YYYY-MM-DD HH:MM:SS,OP_001
SCAN_000228,QR260930B0031,,MOVE,M1,2026-09-30 14:50:30,YYYY-MM-DD HH:MM:SS,OP_001
SCAN_000229,QR260930B0031,,MOVE,HT,2026-09-30 14:53:00,YYYY-MM-DD HH:MM:SS,OP_001
SCAN_000230,QR260930B0031,,MOVE,AS2,2026-09-30 15:03:30,YYYY-MM-DD HH:MM:SS,OP_001
SCAN_000231,QR260930B0031,,MOVE,T1,2026-09-30 15:06:00,YYYY-MM-DD HH:MM:SS,OP_001
SCAN_000232,QR260930B0031,,MOVE,PK,2026-09-30 15:08:30,YYYY-MM-DD HH:MM:SS,OP_001
SCAN_000233,QR260930B0031,,MOVE,SHP,2026-09-30 15:11:00,YYYY-MM-DD HH:MM:SS,OP_001
SCAN_000234,QR260930B0032,,RECEIVE,INB,2026-09-30 07:36:00,YYYY-MM-DD HH:MM:SS,OP_001
SCAN_000235,QR260930B0032,,MOVE,M1,2026-09-30 07:38:30,YYYY-MM-DD HH:MM:SS,OP_001
SCAN_000236,QR260930B0032,,MOVE,HT,2026-09-30 07:41:00,YYYY-MM-DD HH:MM:SS,OP_001
SCAN_000237,QR260930B0032,,MOVE,AS2,2026-09-30 07:51:30,YYYY-MM-DD HH:MM:SS,OP_001
SCAN_000238,QR260930B0032,,MOVE,T1,2026-09-30 07:54:00,YYYY-MM-DD HH:MM:SS,OP_001
SCAN_000239,QR260930B0032,,MOVE,PK,2026-09-30 07:56:30,YYYY-MM-DD HH:MM:SS,OP_001
SCAN_000240,QR260930B0032,,MOVE,SHP,2026-09-30 07:59:00,YYYY-MM-DD HH:MM:SS,OP_001
SCAN_000241,QR260930A0033,,RECEIVE,INB,2026-09-30 16:24:00,YYYY-MM-DD HH:MM:SS,OP_001
SCAN_000242,QR260930A0033,,MOVE,M1,2026-09-30 16:26:30,YYYY-MM-DD HH:MM:SS,OP_001
SCAN_000243,QR260930A0033,,MOVE,M2,2026-09-30 16:29:00,YYYY-MM-DD HH:MM:SS,OP_001
SCAN_000244,QR260930A0033,,MOVE,HT,2026-09-30 16:31:30,YYYY-MM-DD HH:MM:SS,OP_001
SCAN_000245,QR260930A0033,,MOVE,AS1,2026-09-30 16:42:00,YYYY-MM-DD HH:MM:SS,OP_001
SCAN_000246,QR260930A0033,,MOVE,T1,2026-09-30 16:44:30,YYYY-MM-DD HH:MM:SS,OP_001
SCAN_000247,QR260930A0033,,MOVE,PK,2026-09-30 16:47:00,YYYY-MM-DD HH:MM:SS,OP_001
SCAN_000248,QR260930A0033,,MOVE,SHP,2026-09-30 16:49:30,YYYY-MM-DD HH:MM:SS,OP_001
SCAN_000249,QR260930A0034,,RECEIVE,INB,2026-09-30 09:12:00,YYYY-MM-DD HH:MM:SS,OP_001
SCAN_000250,QR260930A0034,,MOVE,M1,2026-09-30 09:14:30,YYYY-MM-DD HH:MM:SS,OP_001
SCAN_000251,QR260930A0034,,MOVE,M2,2026-09-30 09:17:00,YYYY-MM-DD HH:MM:SS,OP_001
SCAN_000252,QR260930A0034,,MOVE,HT,2026-09-30 09:19:30,YYYY-MM-DD HH:MM:SS,OP_001
SCAN_000253,QR260930A0034,,MOVE,AS1,2026-09-30 09:30:00,YYYY-MM-DD HH:MM:SS,OP_001
SCAN_000254,QR260930A0034,,MOVE,T1,2026-09-30 09:32:30,YYYY-MM-DD HH:MM:SS,OP_001
SCAN_000255,QR260930A0034,,MOVE,PK,2026-09-30 09:35:00,YYYY-MM-DD HH:MM:SS,OP_001
SCAN_000256,QR260930A0034,,MOVE,SHP,2026-09-30 09:37:30,YYYY-MM-DD HH:MM:SS,OP_001
SCAN_000257,QR260930B0035,,RECEIVE,INB,2026-09-30 18:00:00,YYYY-MM-DD HH:MM:SS,OP_001
SCAN_000258,QR260930B0035,,MOVE,M1,2026-09-30 18:02:30,YYYY-MM-DD HH:MM:SS,OP_001
SCAN_000259,QR260930B0035,,MOVE,HT,2026-09-30 18:05:00,YYYY-MM-DD HH:MM:SS,OP_001
SCAN_000260,QR260930B0035,,MOVE,AS2,2026-09-30 18:15:30,YYYY-MM-DD HH:MM:SS,OP_001
SCAN_000261,QR260930B0035,,MOVE,T1,2026-09-30 18:18:00,YYYY-MM-DD HH:MM:SS,OP_001
SCAN_000262,QR260930B0035,,MOVE,PK,2026-09-30 18:20:30,YYYY-MM-DD HH:MM:SS,OP_001
SCAN_000263,QR260930B0035,,MOVE,SHP,2026-09-30 18:23:00,YYYY-MM-DD HH:MM:SS,OP_001
SCAN_000264,QR260930B0036,,RECEIVE,INB,2026-09-30 10:48:00,YYYY-MM-DD HH:MM:SS,OP_001
SCAN_000265,QR260930B0036,,MOVE,M1,2026-09-30 10:50:30,YYYY-MM-DD HH:MM:SS,OP_001
SCAN_000266,QR260930B0036,,MOVE,HT,2026-09-30 10:53:00,YYYY-MM-DD HH:MM:SS,OP_001
SCAN_000267,QR260930B0036,,MOVE,AS2,2026-09-30 11:03:30,YYYY-MM-DD HH:MM:SS,OP_001
SCAN_000269,QR260930B0036,,MOVE,PK,2026-09-30 11:08:30,YYYY-MM-DD HH:MM:SS,OP_001
SCAN_000270,QR260930B0036,,MOVE,SHP,2026-09-30 11:11:00,YYYY-MM-DD HH:MM:SS,OP_001
SCAN_000271,QR260930A0037,,RECEIVE,INB,2026-09-30 19:36:00,YYYY-MM-DD HH:MM:SS,OP_001
SCAN_000272,QR260930A0037,,MOVE,M1,2026-09-30 19:38:30,YYYY-MM-DD HH:MM:SS,OP_001
SCAN_000273,QR260930A0037,,MOVE,M2,2026-09-30 19:41:00,YYYY-MM-DD HH:MM:SS,OP_001
SCAN_000274,QR260930A0037,,MOVE,HT,2026-09-30 19:43:30,YYYY-MM-DD HH:MM:SS,OP_001
SCAN_000275,QR260930A0037,,MOVE,AS1,2026-09-30 19:54:00,YYYY-MM-DD HH:MM:SS,OP_001
SCAN_000276,QR260930A0037,,MOVE,T1,2026-09-30 19:56:30,YYYY-MM-DD HH:MM:SS,OP_001
SCAN_000277,QR260930A0037,,MOVE,PK,2026-09-30 19:59:00,YYYY-MM-DD HH:MM:SS,OP_001
SCAN_000278,QR260930A0037,,MOVE,SHP,2026-09-30 20:01:30,YYYY-MM-DD HH:MM:SS,OP_001
SCAN_000279,QR260930A0038,,RECEIVE,INB,2026-09-30 06:00:00,YYYY-MM-DD HH:MM:SS,OP_001
SCAN_000280,QR260930A0038,,MOVE,M1,2026-09-30 06:02:30,YYYY-MM-DD HH:MM:SS,OP_001
SCAN_000281,QR260930A0038,,MOVE,M2,2026-09-30 06:05:00,YYYY-MM-DD HH:MM:SS,OP_001
SCAN_000282,QR260930A0038,,MOVE,HT,2026-09-30 06:07:30,YYYY-MM-DD HH:MM:SS,OP_001
SCAN_000283,QR260930A0038,,MOVE,AS1,2026-09-30 06:18:00,YYYY-MM-DD HH:MM:SS,OP_001
SCAN_000285,QR260930A0038,,MOVE,PK,2026-09-30 06:23:00,YYYY-MM-DD HH:MM:SS,OP_001
SCAN_000286,QR260930A0038,,MOVE,SHP,2026-09-30 06:25:30,YYYY-MM-DD HH:MM:SS,OP_001
SCAN_000287,QR260930B0039,,RECEIVE,INB,2026-09-30 14:48:00,YYYY-MM-DD HH:MM:SS,OP_001
SCAN_000288,QR260930B0039,,MOVE,M1,2026-09-30 14:50:30,YYYY-MM-DD HH:MM:SS,OP_001
SCAN_000289,QR260930B0039,,MOVE,HT,2026-09-30 14:53:00,YYYY-MM-DD HH:MM:SS,OP_001
SCAN_000290,QR260930B0039,,MOVE,AS2,2026-09-30 15:03:30,YYYY-MM-DD HH:MM:SS,OP_001
SCAN_000291,QR260930B0039,,MOVE,T1,2026-09-30 15:06:00,YYYY-MM-DD HH:MM:SS,OP_001
SCAN_000292,QR260930B0039,,MOVE,PK,2026-09-30 15:08:30,YYYY-MM-DD HH:MM:SS,OP_001
SCAN_000293,QR260930B0039,,MOVE,SHP,2026-09-30 15:11:00,YYYY-MM-DD HH:MM:SS,OP_001
SCAN_000294,QR260930B0040,,RECEIVE,INB,2026-09-30 07:36:00,YYYY-MM-DD HH:MM:SS,OP_001
SCAN_000295,QR260930B0040,,MOVE,M1,2026-09-30 07:38:30,YYYY-MM-DD HH:MM:SS,OP_001
SCAN_000296,QR260930B0040,,MOVE,HT,2026-09-30 07:41:00,YYYY-MM-DD HH:MM:SS,OP_001
SCAN_000297,QR260930B0040,,MOVE,AS2,2026-09-30 07:51:30,YYYY-MM-DD HH:MM:SS,OP_001
SCAN_000298,QR260930B0040,,MOVE,T1,2026-09-30 07:54:00,YYYY-MM-DD HH:MM:SS,OP_001
SCAN_000299,QR260930B0040,,MOVE,PK,2026-09-30 07:56:30,YYYY-MM-DD HH:MM:SS,OP_001
SCAN_000300,QR260930B0040,,MOVE,SHP,2026-09-30 07:59:00,YYYY-MM-DD HH:MM:SS,OP_001
SCAN_000301,QR260930A0041,,RECEIVE,INB,2026-09-30 16:24:00,YYYY-MM-DD HH:MM:SS,OP_001
SCAN_000302,QR260930A0041,,MOVE,M1,2026-09-30 16:26:30,YYYY-MM-DD HH:MM:SS,OP_001
SCAN_000303,QR260930A0041,,MOVE,M2,2026-09-30 16:29:00,YYYY-MM-DD HH:MM:SS,OP_001
SCAN_000304,QR260930A0041,,MOVE,HT,2026-09-30 16:31:30,YYYY-MM-DD HH:MM:SS,OP_001
SCAN_000305,QR260930A0041,,MOVE,AS1,2026-09-30 16:42:00,YYYY-MM-DD HH:MM:SS,OP_001
SCAN_000306,QR260930A0041,,MOVE,T1,2026-09-30 16:44:30,YYYY-MM-DD HH:MM:SS,OP_001
SCAN_000307,QR260930A0041,,MOVE,PK,2026-09-30 16:47:00,YYYY-MM-DD HH:MM:SS,OP_001
SCAN_000308,QR260930A0041,,MOVE,SHP,2026-09-30 16:49:30,YYYY-MM-DD HH:MM:SS,OP_001
SCAN_000309,QR260930A0042,,RECEIVE,INB,2026-09-30 09:12:00,YYYY-MM-DD HH:MM:SS,OP_001
SCAN_000310,QR260930A0042,,MOVE,M1,2026-09-30 09:14:30,YYYY-MM-DD HH:MM:SS,OP_001
SCAN_000311,QR260930A0042,,MOVE,M2,2026-09-30 09:17:00,YYYY-MM-DD HH:MM:SS,OP_001
SCAN_000312,QR260930A0042,,MOVE,HT,2026-09-30 09:19:30,YYYY-MM-DD HH:MM:SS,OP_001
SCAN_000313,QR260930A0042,,MOVE,AS1,2026-09-30 09:30:00,YYYY-MM-DD HH:MM:SS,OP_001
SCAN_000314,QR260930A0042,,MOVE,T1,2026-09-30 09:32:30,YYYY-MM-DD HH:MM:SS,OP_001
SCAN_000315,QR260930A0042,,MOVE,PK,2026-09-30 09:35:00,YYYY-MM-DD HH:MM:SS,OP_001
SCAN_000316,QR260930A0042,,MOVE,SHP,2026-09-30 09:37:30,YYYY-MM-DD HH:MM:SS,OP_001
SCAN_000317,QR260930B0043,,RECEIVE,INB,2026-09-30 18:00:00,YYYY-MM-DD HH:MM:SS,OP_001
SCAN_000318,QR260930B0043,,MOVE,M1,2026-09-30 18:02:30,YYYY-MM-DD HH:MM:SS,OP_001
SCAN_000319,QR260930B0043,,MOVE,HT,2026-09-30 18:05:00,YYYY-MM-DD HH:MM:SS,OP_001
SCAN_000320,QR260930B0043,,MOVE,AS2,2026-09-30 18:15:30,YYYY-MM-DD HH:MM:SS,OP_001
SCAN_000321,QR260930B0043,,MOVE,T1,2026-09-30 18:18:00,YYYY-MM-DD HH:MM:SS,OP_001
SCAN_000322,QR260930B0043,,MOVE,PK,2026-09-30 18:20:30,YYYY-MM-DD HH:MM:SS,OP_001
SCAN_000323,QR260930B0043,,MOVE,SHP,2026-09-30 18:23:00,YYYY-MM-DD HH:MM:SS,OP_001
SCAN_000324,QR260930B0044,,RECEIVE,INB,2026-09-30 10:48:00,YYYY-MM-DD HH:MM:SS,OP_001
SCAN_000325,QR260930B0044,,MOVE,M1,2026-09-30 10:50:30,YYYY-MM-DD HH:MM:SS,OP_001
SCAN_000326,QR260930B0044,,MOVE,HT,2026-09-30 10:53:00,YYYY-MM-DD HH:MM:SS,OP_001
SCAN_000327,QR260930B0044,,MOVE,AS2,2026-09-30 11:03:30,YYYY-MM-DD HH:MM:SS,OP_001
SCAN_000328,QR260930B0044,,MOVE,T1,2026-09-30 11:06:00,YYYY-MM-DD HH:MM:SS,OP_001
SCAN_000329,QR260930B0044,,MOVE,PK,2026-09-30 11:08:30,YYYY-MM-DD HH:MM:SS,OP_001
SCAN_000330,QR260930B0044,,MOVE,SHP,2026-09-30 11:11:00,YYYY-MM-DD HH:MM:SS,OP_001
SCAN_000331,QR260930A0045,,RECEIVE,INB,2026-09-30 19:36:00,YYYY-MM-DD HH:MM:SS,OP_001
SCAN_000332,QR260930A0045,,MOVE,M1,2026-09-30 19:38:30,YYYY-MM-DD HH:MM:SS,OP_001
SCAN_000333,QR260930A0045,,MOVE,M2,2026-09-30 19:41:00,YYYY-MM-DD HH:MM:SS,OP_001
SCAN_000334,QR260930A0045,,MOVE,HT,2026-09-30 19:43:30,YYYY-MM-DD HH:MM:SS,OP_001
SCAN_000335,QR260930A0045,,MOVE,AS1,2026-09-30 19:54:00,YYYY-MM-DD HH:MM:SS,OP_001
SCAN_000336,QR260930A0045,,MOVE,T1,2026-09-30 19:56:30,YYYY-MM-DD HH:MM:SS,OP_001
SCAN_000337,QR260930A0045,,MOVE,PK,2026-09-30 19:59:00,YYYY-MM-DD HH:MM:SS,OP_001
SCAN_000338,QR260930A0045,,MOVE,SHP,2026-09-30 20:01:30,YYYY-MM-DD HH:MM:SS,OP_001
SCAN_000339,QR260930A0046,,RECEIVE,INB,2026-09-30 06:00:00,YYYY-MM-DD HH:MM:SS,OP_001
SCAN_000340,QR260930A0046,,MOVE,M1,2026-09-30 06:02:30,YYYY-MM-DD HH:MM:SS,OP_001
SCAN_000341,QR260930A0046,,MOVE,M2,2026-09-30 06:05:00,YYYY-MM-DD HH:MM:SS,OP_001
SCAN_000342,QR260930A0046,,MOVE,HT,2026-09-30 06:07:30,YYYY-MM-DD HH:MM:SS,OP_001
SCAN_000343,QR260930A0046,,MOVE,AS1,2026-09-30 06:18:00,YYYY-MM-DD HH:MM:SS,OP_001
SCAN_000344,QR260930A0046,,MOVE,T1,2026-09-30 06:20:30,YYYY-MM-DD HH:MM:SS,OP_001
SCAN_000345,QR260930A0046,,MOVE,PK,2026-09-30 06:23:00,YYYY-MM-DD HH:MM:SS,OP_001
SCAN_000346,QR260930A0046,,MOVE,SHP,2026-09-30 06:25:30,YYYY-MM-DD HH:MM:SS,OP_001
SCAN_000347,QR260930B0047,,RECEIVE,INB,2026-09-30 14:48:00,YYYY-MM-DD HH:MM:SS,OP_001
SCAN_000348,QR260930B0047,,MOVE,M1,2026-09-30 14:50:30,YYYY-MM-DD HH:MM:SS,OP_001
SCAN_000349,QR260930B0047,,MOVE,HT,2026-09-30 14:53:00,YYYY-MM-DD HH:MM:SS,OP_001
SCAN_000350,QR260930B0047,,MOVE,AS2,2026-09-30 15:03:30,YYYY-MM-DD HH:MM:SS,OP_001
SCAN_000351,QR260930B0047,,MOVE,T1,2026-09-30 15:06:00,YYYY-MM-DD HH:MM:SS,OP_001
SCAN_000352,QR260930B0047,,MOVE,PK,2026-09-30 15:08:30,YYYY-MM-DD HH:MM:SS,OP_001
SCAN_000353,QR260930B0047,,MOVE,SHP,2026-09-30 15:11:00,YYYY-MM-DD HH:MM:SS,OP_001
SCAN_000354,QR260930B0048,,RECEIVE,INB,2026-09-30 07:36:00,YYYY-MM-DD HH:MM:SS,OP_001
SCAN_000355,QR260930B0048,,MOVE,M1,2026-09-30 07:38:30,YYYY-MM-DD HH:MM:SS,OP_001
SCAN_000356,QR260930B0048,,MOVE,HT,2026-09-30 07:41:00,YYYY-MM-DD HH:MM:SS,OP_001
SCAN_000357,QR260930B0048,,MOVE,AS2,2026-09-30 07:51:30,YYYY-MM-DD HH:MM:SS,OP_001
SCAN_000358,QR260930B0048,,MOVE,T1,2026-09-30 07:54:00,YYYY-MM-DD HH:MM:SS,OP_001
SCAN_000359,QR260930B0048,,MOVE,PK,2026-09-30 07:56:30,YYYY-MM-DD HH:MM:SS,OP_001
SCAN_000360,QR260930B0048,,MOVE,SHP,2026-09-30 07:59:00,YYYY-MM-DD HH:MM:SS,OP_001
SCAN_000361,QR260930A0049,,RECEIVE,INB,2026-09-30 16:24:00,YYYY-MM-DD HH:MM:SS,OP_001
SCAN_000362,QR260930A0049,,MOVE,M1,2026-09-30 16:26:30,YYYY-MM-DD HH:MM:SS,OP_001
SCAN_000363,QR260930A0049,,MOVE,M2,2026-09-30 16:29:00,YYYY-MM-DD HH:MM:SS,OP_001
SCAN_000364,QR260930A0049,,MOVE,HT,2026-09-30 16:31:30,YYYY-MM-DD HH:MM:SS,OP_001
SCAN_000365,QR260930A0049,,MOVE,AS1,2026-09-30 16:42:00,YYYY-MM-DD HH:MM:SS,OP_001
SCAN_000366,QR260930A0049,,MOVE,T1,2026-09-30 16:44:30,YYYY-MM-DD HH:MM:SS,OP_001
SCAN_000367,QR260930A0049,,MOVE,PK,2026-09-30 16:47:00,YYYY-MM-DD HH:MM:SS,OP_001
SCAN_000368,QR260930A0049,,MOVE,SHP,2026-09-30 16:49:30,YYYY-MM-DD HH:MM:SS,OP_001
SCAN_000369,QR260930A0050,,RECEIVE,INB,2026-09-30 09:12:00,YYYY-MM-DD HH:MM:SS,OP_001
SCAN_000370,QR260930A0050,,MOVE,M1,2026-09-30 09:14:30,YYYY-MM-DD HH:MM:SS,OP_001
SCAN_000371,QR260930A0050,,MOVE,M2,2026-09-30 09:17:00,YYYY-MM-DD HH:MM:SS,OP_001
SCAN_000372,QR260930A0050,,MOVE,HT,2026-09-30 09:19:30,YYYY-MM-DD HH:MM:SS,OP_001
SCAN_000373,QR260930A0050,,MOVE,AS1,2026-09-30 09:30:00,YYYY-MM-DD HH:MM:SS,OP_001
SCAN_000374,QR260930A0050,,MOVE,T1,2026-09-30 09:32:30,YYYY-MM-DD HH:MM:SS,OP_001
SCAN_000375,QR260930A0050,,MOVE,PK,2026-09-30 09:35:00,YYYY-MM-DD HH:MM:SS,OP_001
SCAN_000376,QR260930A0050,,MOVE,SHP,2026-09-30 09:37:30,YYYY-MM-DD HH:MM:SS,OP_001
SCAN_000377,QR260930B0051,,RECEIVE,INB,2026-09-30 18:00:00,YYYY-MM-DD HH:MM:SS,OP_001
SCAN_000378,QR260930B0051,,MOVE,M1,2026-09-30 18:02:30,YYYY-MM-DD HH:MM:SS,OP_001
SCAN_000379,QR260930B0051,,MOVE,HT,2026-09-30 18:05:00,YYYY-MM-DD HH:MM:SS,OP_001
SCAN_000380,QR260930B0051,,MOVE,AS2,2026-09-30 18:15:30,YYYY-MM-DD HH:MM:SS,OP_001
SCAN_000381,QR260930B0051,,MOVE,T1,2026-09-30 18:18:00,YYYY-MM-DD HH:MM:SS,OP_001
SCAN_000382,QR260930B0051,,MOVE,PK,2026-09-30 18:20:30,YYYY-MM-DD HH:MM:SS,OP_001
SCAN_000383,QR260930B0051,,MOVE,SHP,2026-09-30 18:23:00,YYYY-MM-DD HH:MM:SS,OP_001
SCAN_000384,QR260930B0052,,RECEIVE,INB,2026-09-30 10:48:00,YYYY-MM-DD HH:MM:SS,OP_001
SCAN_000385,QR260930B0052,,MOVE,M1,2026-09-30 10:50:30,YYYY-MM-DD HH:MM:SS,OP_001
SCAN_000386,QR260930B0052,,MOVE,HT,2026-09-30 10:53:00,YYYY-MM-DD HH:MM:SS,OP_001
SCAN_000387,QR260930B0052,,MOVE,AS2,2026-09-30 11:03:30,YYYY-MM-DD HH:MM:SS,OP_001
SCAN_000389,QR260930B0052,,MOVE,PK,2026-09-30 11:08:30,YYYY-MM-DD HH:MM:SS,OP_001
SCAN_000390,QR260930B0052,,MOVE,SHP,2026-09-30 11:11:00,YYYY-MM-DD HH:MM:SS,OP_001
SCAN_000391,QR260930A0053,,RECEIVE,INB,2026-09-30 19:36:00,YYYY-MM-DD HH:MM:SS,OP_001
SCAN_000392,QR260930A0053,,MOVE,M1,2026-09-30 19:38:30,YYYY-MM-DD HH:MM:SS,OP_001
SCAN_000393,QR260930A0053,,MOVE,M2,2026-09-30 19:41:00,YYYY-MM-DD HH:MM:SS,OP_001
SCAN_000394,QR260930A0053,,MOVE,HT,2026-09-30 19:43:30,YYYY-MM-DD HH:MM:SS,OP_001
SCAN_000395,QR260930A0053,,MOVE,AS1,2026-09-30 19:54:00,YYYY-MM-DD HH:MM:SS,OP_001
SCAN_000396,QR260930A0053,,MOVE,T1,2026-09-30 19:56:30,YYYY-MM-DD HH:MM:SS,OP_001
SCAN_000397,QR260930A0053,,MOVE,PK,2026-09-30 19:59:00,YYYY-MM-DD HH:MM:SS,OP_001
SCAN_000398,QR260930A0053,,MOVE,SHP,2026-09-30 20:01:30,YYYY-MM-DD HH:MM:SS,OP_001
SCAN_000399,QR260930A0054,,RECEIVE,INB,2026-09-30 06:00:00,YYYY-MM-DD HH:MM:SS,OP_001
SCAN_000400,QR260930A0054,,MOVE,M1,2026-09-30 06:02:30,YYYY-MM-DD HH:MM:SS,OP_001
SCAN_000401,QR260930A0054,,MOVE,M2,2026-09-30 06:05:00,YYYY-MM-DD HH:MM:SS,OP_001
SCAN_000402,QR260930A0054,,MOVE,HT,2026-09-30 06:07:30,YYYY-MM-DD HH:MM:SS,OP_001
SCAN_000403,QR260930A0054,,MOVE,AS1,2026-09-30 06:18:00,YYYY-MM-DD HH:MM:SS,OP_001
SCAN_000404,QR260930A0054,,MOVE,T1,2026-09-30 06:20:30,YYYY-MM-DD HH:MM:SS,OP_001
SCAN_000405,QR260930A0054,,MOVE,PK,2026-09-30 06:23:00,YYYY-MM-DD HH:MM:SS,OP_001
SCAN_000406,QR260930A0054,,MOVE,SHP,2026-09-30 06:25:30,YYYY-MM-DD HH:MM:SS,OP_001
SCAN_000407,QR260930B0055,,RECEIVE,INB,2026-09-30 14:48:00,YYYY-MM-DD HH:MM:SS,OP_001
SCAN_000408,QR260930B0055,,MOVE,M1,2026-09-30 14:50:30,YYYY-MM-DD HH:MM:SS,OP_001
SCAN_000409,QR260930B0055,,MOVE,HT,2026-09-30 14:53:00,YYYY-MM-DD HH:MM:SS,OP_001
SCAN_000410,QR260930B0055,,MOVE,AS2,2026-09-30 15:03:30,YYYY-MM-DD HH:MM:SS,OP_001
SCAN_000411,QR260930B0055,,MOVE,T1,2026-09-30 15:06:00,YYYY-MM-DD HH:MM:SS,OP_001
SCAN_000412,QR260930B0055,,MOVE,PK,2026-09-30 15:08:30,YYYY-MM-DD HH:MM:SS,OP_001
SCAN_000413,QR260930B0055,,MOVE,SHP,2026-09-30 15:11:00,YYYY-MM-DD HH:MM:SS,OP_001
SCAN_000414,QR260930B0056,,RECEIVE,INB,2026-09-30 07:36:00,YYYY-MM-DD HH:MM:SS,OP_001
SCAN_000415,QR260930B0056,,MOVE,M1,2026-09-30 07:38:30,YYYY-MM-DD HH:MM:SS,OP_001
SCAN_000416,QR260930B0056,,MOVE,HT,2026-09-30 07:41:00,YYYY-MM-DD HH:MM:SS,OP_001
SCAN_000417,QR260930B0056,,MOVE,AS2,2026-09-30 07:51:30,YYYY-MM-DD HH:MM:SS,OP_001
SCAN_000418,QR260930B0056,,MOVE,T1,2026-09-30 07:54:00,YYYY-MM-DD HH:MM:SS,OP_001
SCAN_000419,QR260930B0056,,MOVE,PK,2026-09-30 07:56:30,YYYY-MM-DD HH:MM:SS,OP_001
SCAN_000420,QR260930B0056,,MOVE,SHP,2026-09-30 07:59:00,YYYY-MM-DD HH:MM:SS,OP_001
SCAN_000421,QR260930A0057,,RECEIVE,INB,2026-09-30 16:24:00,YYYY-MM-DD HH:MM:SS,OP_001
SCAN_000422,QR260930A0057,,MOVE,M1,2026-09-30 16:26:30,YYYY-MM-DD HH:MM:SS,OP_001
SCAN_000423,QR260930A0057,,MOVE,M2,2026-09-30 16:29:00,YYYY-MM-DD HH:MM:SS,OP_001
SCAN_000424,QR260930A0057,,MOVE,HT,2026-09-30 16:31:30,YYYY-MM-DD HH:MM:SS,OP_001
SCAN_000425,QR260930A0057,,MOVE,AS1,2026-09-30 16:42:00,YYYY-MM-DD HH:MM:SS,OP_001
SCAN_000426,QR260930A0057,,MOVE,T1,2026-09-30 16:44:30,YYYY-MM-DD HH:MM:SS,OP_001
SCAN_000427,QR260930A0057,,MOVE,PK,2026-09-30 16:47:00,YYYY-MM-DD HH:MM:SS,OP_001
SCAN_000428,QR260930A0057,,MOVE,SHP,2026-09-30 16:49:30,YYYY-MM-DD HH:MM:SS,OP_001
SCAN_000429,QR260930A0058,,RECEIVE,INB,2026-09-30 09:12:00,YYYY-MM-DD HH:MM:SS,OP_001
SCAN_000430,QR260930A0058,,MOVE,M1,2026-09-30 09:14:30,YYYY-MM-DD HH:MM:SS,OP_001
SCAN_000431,QR260930A0058,,MOVE,M2,2026-09-30 09:17:00,YYYY-MM-DD HH:MM:SS,OP_001
SCAN_000432,QR260930A0058,,MOVE,HT,2026-09-30 09:19:30,YYYY-MM-DD HH:MM:SS,OP_001
SCAN_000433,QR260930A0058,,MOVE,AS1,2026-09-30 09:30:00,YYYY-MM-DD HH:MM:SS,OP_001
SCAN_000434,QR260930A0058,,MOVE,T1,2026-09-30 09:32:30,YYYY-MM-DD HH:MM:SS,OP_001
SCAN_000435,QR260930A0058,,MOVE,PK,2026-09-30 09:35:00,YYYY-MM-DD HH:MM:SS,OP_001
SCAN_000436,QR260930A0058,,MOVE,SHP,2026-09-30 09:37:30,YYYY-MM-DD HH:MM:SS,OP_001
SCAN_000437,QR260930A0401,QR260930B07,RECEIVE,INB,2026-09-30 10:00:00,YYYY-MM-DD HH:MM:SS,OP_001
SCAN_000438,QR260930A0401,QR260930B07,MOVE,M1,2026-09-30 10:02:30,YYYY-MM-DD HH:MM:SS,OP_001
SCAN_000439,QR260930A0401,QR260930B07,MOVE,M2,2026-09-30 10:05:00,YYYY-MM-DD HH:MM:SS,OP_001
SCAN_000440,QR260930A0401,QR260930B07,MOVE,HT,2026-09-30 10:07:30,YYYY-MM-DD HH:MM:SS,OP_001
SCAN_000441,QR260930A0401,QR260930B07,MOVE,AS1,2026-09-30 10:18:00,YYYY-MM-DD HH:MM:SS,OP_001
SCAN_000442,QR260930A0401,QR260930B07,MOVE,T1,2026-09-30 10:20:30,YYYY-MM-DD HH:MM:SS,OP_001
SCAN_000443,QR260930A0401,QR260930B07,MOVE,PK,2026-09-30 10:23:00,YYYY-MM-DD HH:MM:SS,OP_001
SCAN_000444,QR260930A0401,QR260930B07,MOVE,SHP,2026-09-30 10:25:30,YYYY-MM-DD HH:MM:SS,OP_001
SCAN_000445,QR260930A0402,QR260930B07,RECEIVE,INB,2026-09-30 10:05:00,YYYY-MM-DD HH:MM:SS,OP_001
SCAN_000446,QR260930A0402,QR260930B07,MOVE,M1,2026-09-30 10:07:30,YYYY-MM-DD HH:MM:SS,OP_001
SCAN_000447,QR260930A0402,QR260930B07,MOVE,M2,2026-09-30 10:10:00,YYYY-MM-DD HH:MM:SS,OP_001
SCAN_000448,QR260930A0402,QR260930B07,MOVE,HT,2026-09-30 10:12:30,YYYY-MM-DD HH:MM:SS,OP_001
SCAN_000449,QR260930A0402,QR260930B07,MOVE,AS1,2026-09-30 10:23:00,YYYY-MM-DD HH:MM:SS,OP_001
SCAN_000450,QR260930A0402,QR260930B07,MOVE,T1,2026-09-30 10:25:30,YYYY-MM-DD HH:MM:SS,OP_001
SCAN_000451,QR260930A0402,QR260930B07,MOVE,PK,2026-09-30 10:28:00,YYYY-MM-DD HH:MM:SS,OP_001
SCAN_000452,QR260930A0402,QR260930B07,MOVE,SHP,2026-09-30 10:30:30,YYYY-MM-DD HH:MM:SS,OP_001
SCAN_000453,QR260930A0403,QR260930B07,RECEIVE,INB,2026-09-30 10:10:00,YYYY-MM-DD HH:MM:SS,OP_001
SCAN_000454,QR260930A0403,QR260930B07,MOVE,M1,2026-09-30 10:12:30,YYYY-MM-DD HH:MM:SS,OP_001
SCAN_000455,QR260930A0403,QR260930B07,MOVE,M2,2026-09-30 10:15:00,YYYY-MM-DD HH:MM:SS,OP_001
SCAN_000459,QR260930A0403,QR260930B07,MOVE,PK,2026-09-30 10:33:00,YYYY-MM-DD HH:MM:SS,OP_001
SCAN_000460,QR260930A0403,QR260930B07,MOVE,SHP,2026-09-30 10:35:30,YYYY-MM-DD HH:MM:SS,OP_001
SCAN_000461,QR260930A0403,QR260930B07,RECEIVE,INB,2026-09-30 10:15:00,YYYY-MM-DD HH:MM:SS,OP_001
SCAN_000462,QR260930A0403,QR260930B07,MOVE,M1,2026-09-30 10:17:30,YYYY-MM-DD HH:MM:SS,OP_001
SCAN_000463,QR260930A0403,QR260930B07,MOVE,M2,2026-09-30 10:20:00,YYYY-MM-DD HH:MM:SS,OP_001
SCAN_000467,QR260930A0403,QR260930B07,MOVE,PK,2026-09-30 10:38:00,YYYY-MM-DD HH:MM:SS,OP_001
SCAN_000468,QR260930A0403,QR260930B07,MOVE,SHP,2026-09-30 10:40:30,YYYY-MM-DD HH:MM:SS,OP_001
SCAN_000469,QR260930A0405,QR260930B07,RECEIVE,INB,2026-09-30 10:20:00,YYYY-MM-DD HH:MM:SS,OP_001
SCAN_000470,QR260930A0405,QR260930B07,MOVE,M1,2026-09-30 10:22:30,YYYY-MM-DD HH:MM:SS,OP_001
SCAN_000471,QR260930A0405,QR260930B07,MOVE,M2,2026-09-30 10:25:00,YYYY-MM-DD HH:MM:SS,OP_001
SCAN_000472,QR260930A0405,QR260930B07,MOVE,HT,2026-09-30 10:27:30,YYYY-MM-DD HH:MM:SS,OP_001
SCAN_000473,QR260930A0405,QR260930B07,MOVE,AS1,2026-09-30 10:38:00,YYYY-MM-DD HH:MM:SS,OP_001
SCAN_000474,QR260930A0405,QR260930B07,MOVE,T1,2026-09-30 10:40:30,YYYY-MM-DD HH:MM:SS,OP_001
SCAN_000475,QR260930A0405,QR260930B07,MOVE,PK,2026-09-30 10:43:00,YYYY-MM-DD HH:MM:SS,OP_001
SCAN_000476,QR260930A0405,QR260930B07,MOVE,SHP,2026-09-30 10:45:30,YYYY-MM-DD HH:MM:SS,OP_001
SCAN_000477,QR261001B0059,,RECEIVE,INB,2026-10-01 06:00:00,YYYY-MM-DD HH:MM:SS,OP_001
SCAN_000478,QR261001B0059,,MOVE,M1,2026-10-01 06:02:30,YYYY-MM-DD HH:MM:SS,OP_001
SCAN_000479,QR261001B0059,,MOVE,HT,2026-10-01 06:05:00,YYYY-MM-DD HH:MM:SS,OP_001
SCAN_000480,QR261001B0059,,MOVE,AS2,2026-10-01 06:15:30,YYYY-MM-DD HH:MM:SS,OP_001
SCAN_000481,QR261001B0059,,MOVE,T1,2026-10-01 06:18:00,YYYY-MM-DD HH:MM:SS,OP_001
SCAN_000482,QR261001B0059,,MOVE,PK,2026-10-01 06:20:30,YYYY-MM-DD HH:MM:SS,OP_001
SCAN_000483,QR261001B0059,,MOVE,SHP,2026-10-01 06:23:00,YYYY-MM-DD HH:MM:SS,OP_001
SCAN_000484,QR261001B0060,,RECEIVE,INB,2026-10-01 14:48:00,YYYY-MM-DD HH:MM:SS,OP_001
SCAN_000485,QR261001B0060,,MOVE,M1,2026-10-01 14:50:30,YYYY-MM-DD HH:MM:SS,OP_001
SCAN_000486,QR261001B0060,,MOVE,HT,2026-10-01 14:53:00,YYYY-MM-DD HH:MM:SS,OP_001
SCAN_000487,QR261001B0060,,MOVE,AS2,2026-10-01 15:03:30,YYYY-MM-DD HH:MM:SS,OP_001
SCAN_000488,QR261001B0060,,MOVE,T1,2026-10-01 15:06:00,YYYY-MM-DD HH:MM:SS,OP_001
SCAN_000489,QR261001B0060,,MOVE,PK,2026-10-01 15:08:30,YYYY-MM-DD HH:MM:SS,OP_001
SCAN_000490,QR261001B0060,,MOVE,SHP,2026-10-01 15:11:00,YYYY-MM-DD HH:MM:SS,OP_001
SCAN_000491,QR261001A0061,,RECEIVE,INB,2026-10-01 07:36:00,YYYY-MM-DD HH:MM:SS,OP_001
SCAN_000492,QR261001A0061,,MOVE,M1,2026-10-01 07:38:30,YYYY-MM-DD HH:MM:SS,OP_001
SCAN_000493,QR261001A0061,,MOVE,M2,2026-10-01 07:41:00,YYYY-MM-DD HH:MM:SS,OP_001
SCAN_000494,QR261001A0061,,MOVE,HT,2026-10-01 07:43:30,YYYY-MM-DD HH:MM:SS,OP_001
SCAN_000495,QR261001A0061,,MOVE,AS1,2026-10-01 07:54:00,YYYY-MM-DD HH:MM:SS,OP_001
SCAN_000496,QR261001A0061,,MOVE,T1,2026-10-01 07:56:30,YYYY-MM-DD HH:MM:SS,OP_001
SCAN_000497,QR261001A0061,,MOVE,PK,2026-10-01 07:59:00,YYYY-MM-DD HH:MM:SS,OP_001
SCAN_000498,QR261001A0061,,MOVE,SHP,2026-10-01 08:01:30,YYYY-MM-DD HH:MM:SS,OP_001
SCAN_000499,QR261001A0062,,RECEIVE,INB,2026-10-01 16:24:00,YYYY-MM-DD HH:MM:SS,OP_001
SCAN_000500,QR261001A0062,,MOVE,M1,2026-10-01 16:26:30,YYYY-MM-DD HH:MM:SS,OP_001
SCAN_000501,QR261001A0062,,MOVE,M2,2026-10-01 16:29:00,YYYY-MM-DD HH:MM:SS,OP_001
SCAN_000502,QR261001A0062,,MOVE,HT,2026-10-01 16:31:30,YYYY-MM-DD HH:MM:SS,OP_001
SCAN_000503,QR261001A0062,,MOVE,AS1,2026-10-01 16:42:00,YYYY-MM-DD HH:MM:SS,OP_001
SCAN_000504,QR261001A0062,,MOVE,T1,2026-10-01 16:44:30,YYYY-MM-DD HH:MM:SS,OP_001
SCAN_000505,QR261001A0062,,MOVE,PK,2026-10-01 16:47:00,YYYY-MM-DD HH:MM:SS,OP_001
SCAN_000506,QR261001A0062,,MOVE,SHP,2026-10-01 16:49:30,YYYY-MM-DD HH:MM:SS,OP_001
SCAN_000507,QR261001B0063,,RECEIVE,INB,2026-10-01 09:12:00,YYYY-MM-DD HH:MM:SS,OP_001
SCAN_000508,QR261001B0063,,MOVE,M1,2026-10-01 09:14:30,YYYY-MM-DD HH:MM:SS,OP_001
SCAN_000509,QR261001B0063,,MOVE,HT,2026-10-01 09:17:00,YYYY-MM-DD HH:MM:SS,OP_001
SCAN_000510,QR261001B0063,,MOVE,AS2,2026-10-01 09:27:30,YYYY-MM-DD HH:MM:SS,OP_001
SCAN_000511,QR261001B0063,,MOVE,T1,2026-10-01 09:30:00,YYYY-MM-DD HH:MM:SS,OP_001
SCAN_000512,QR261001B0063,,MOVE,PK,2026-10-01 09:32:30,YYYY-MM-DD HH:MM:SS,OP_001
SCAN_000513,QR261001B0063,,MOVE,SHP,2026-10-01 09:35:00,YYYY-MM-DD HH:MM:SS,OP_001
SCAN_000514,QR261001B0064,,RECEIVE,INB,2026-10-01 18:00:00,YYYY-MM-DD HH:MM:SS,OP_001
SCAN_000515,QR261001B0064,,MOVE,M1,2026-10-01 18:02:30,YYYY-MM-DD HH:MM:SS,OP_001
SCAN_000516,QR261001B0064,,MOVE,HT,2026-10-01 18:05:00,YYYY-MM-DD HH:MM:SS,OP_001
SCAN_000517,QR261001B0064,,MOVE,AS2,2026-10-01 18:15:30,YYYY-MM-DD HH:MM:SS,OP_001
SCAN_000518,QR261001B0064,,MOVE,T1,2026-10-01 18:18:00,YYYY-MM-DD HH:MM:SS,OP_001
SCAN_000519,QR261001B0064,,MOVE,PK,2026-10-01 18:20:30,YYYY-MM-DD HH:MM:SS,OP_001
SCAN_000520,QR261001B0064,,MOVE,SHP,2026-10-01 18:23:00,YYYY-MM-DD HH:MM:SS,OP_001
SCAN_000521,QR261001A0065,,RECEIVE,INB,2026-10-01 10:48:00,YYYY-MM-DD HH:MM:SS,OP_001
SCAN_000522,QR261001A0065,,MOVE,M1,2026-10-01 10:50:30,YYYY-MM-DD HH:MM:SS,OP_001
SCAN_000523,QR261001A0065,,MOVE,M2,2026-10-01 10:53:00,YYYY-MM-DD HH:MM:SS,OP_001
SCAN_000524,QR261001A0065,,MOVE,HT,2026-10-01 10:55:30,YYYY-MM-DD HH:MM:SS,OP_001
SCAN_000525,QR261001A0065,,MOVE,AS1,2026-10-01 11:06:00,YYYY-MM-DD HH:MM:SS,OP_001
SCAN_000526,QR261001A0065,,MOVE,T1,2026-10-01 11:08:30,YYYY-MM-DD HH:MM:SS,OP_001
SCAN_000527,QR261001A0065,,MOVE,PK,2026-10-01 11:11:00,YYYY-MM-DD HH:MM:SS,OP_001
SCAN_000528,QR261001A0065,,MOVE,SHP,2026-10-01 11:13:30,YYYY-MM-DD HH:MM:SS,OP_001
SCAN_000529,QR261001A0066,,RECEIVE,INB,2026-10-01 19:36:00,YYYY-MM-DD HH:MM:SS,OP_001
SCAN_000530,QR261001A0066,,MOVE,M1,2026-10-01 19:38:30,YYYY-MM-DD HH:MM:SS,OP_001
SCAN_000531,QR261001A0066,,MOVE,M2,2026-10-01 19:41:00,YYYY-MM-DD HH:MM:SS,OP_001
SCAN_000532,QR261001A0066,,MOVE,HT,2026-10-01 19:43:30,YYYY-MM-DD HH:MM:SS,OP_001
SCAN_000533,QR261001A0066,,MOVE,AS1,2026-10-01 19:54:00,YYYY-MM-DD HH:MM:SS,OP_001
SCAN_000534,QR261001A0066,,MOVE,T1,2026-10-01 19:56:30,YYYY-MM-DD HH:MM:SS,OP_001
SCAN_000535,QR261001A0066,,MOVE,PK,2026-10-01 19:59:00,YYYY-MM-DD HH:MM:SS,OP_001
SCAN_000536,QR261001A0066,,MOVE,SHP,2026-10-01 20:01:30,YYYY-MM-DD HH:MM:SS,OP_001
SCAN_000537,QR261001B0067,,RECEIVE,INB,2026-10-01 06:00:00,YYYY-MM-DD HH:MM:SS,OP_001
SCAN_000538,QR261001B0067,,MOVE,M1,2026-10-01 06:02:30,YYYY-MM-DD HH:MM:SS,OP_001
SCAN_000539,QR261001B0067,,MOVE,HT,2026-10-01 06:05:00,YYYY-MM-DD HH:MM:SS,OP_001
SCAN_000540,QR261001B0067,,MOVE,AS2,2026-10-01 06:15:30,YYYY-MM-DD HH:MM:SS,OP_001
SCAN_000541,QR261001B0067,,MOVE,T1,2026-10-01 06:18:00,YYYY-MM-DD HH:MM:SS,OP_001
SCAN_000542,QR261001B0067,,MOVE,PK,2026-10-01 06:20:30,YYYY-MM-DD HH:MM:SS,OP_001
SCAN_000543,QR261001B0067,,MOVE,SHP,2026-10-01 06:23:00,YYYY-MM-DD HH:MM:SS,OP_001
SCAN_000544,QR261001B0068,,RECEIVE,INB,2026-10-01 14:48:00,YYYY-MM-DD HH:MM:SS,OP_001
SCAN_000545,QR261001B0068,,MOVE,M1,2026-10-01 14:50:30,YYYY-MM-DD HH:MM:SS,OP_001
SCAN_000547,QR261001B0068,,MOVE,AS2,2026-10-01 15:03:30,YYYY-MM-DD HH:MM:SS,OP_001
SCAN_000548,QR261001B0068,,MOVE,T1,2026-10-01 15:06:00,YYYY-MM-DD HH:MM:SS,OP_001
SCAN_000549,QR261001B0068,,MOVE,PK,2026-10-01 15:08:30,YYYY-MM-DD HH:MM:SS,OP_001
SCAN_000550,QR261001B0068,,MOVE,SHP,2026-10-01 15:11:00,YYYY-MM-DD HH:MM:SS,OP_001
SCAN_000551,QR261001A0069,,RECEIVE,INB,2026-10-01 07:36:00,YYYY-MM-DD HH:MM:SS,OP_001
SCAN_000552,QR261001A0069,,MOVE,M1,2026-10-01 07:38:30,YYYY-MM-DD HH:MM:SS,OP_001
SCAN_000553,QR261001A0069,,MOVE,M2,2026-10-01 07:41:00,YYYY-MM-DD HH:MM:SS,OP_001
SCAN_000554,QR261001A0069,,MOVE,HT,2026-10-01 07:43:30,YYYY-MM-DD HH:MM:SS,OP_001
SCAN_000555,QR261001A0069,,MOVE,AS1,2026-10-01 07:54:00,YYYY-MM-DD HH:MM:SS,OP_001
SCAN_000556,QR261001A0069,,MOVE,T1,2026-10-01 07:56:30,YYYY-MM-DD HH:MM:SS,OP_001
SCAN_000557,QR261001A0069,,MOVE,PK,2026-10-01 07:59:00,YYYY-MM-DD HH:MM:SS,OP_001
SCAN_000558,QR261001A0069,,MOVE,SHP,2026-10-01 08:01:30,YYYY-MM-DD HH:MM:SS,OP_001
SCAN_000559,QR261001A0070,,RECEIVE,INB,2026-10-01 16:24:00,YYYY-MM-DD HH:MM:SS,OP_001
SCAN_000560,QR261001A0070,,MOVE,M1,2026-10-01 16:26:30,YYYY-MM-DD HH:MM:SS,OP_001
SCAN_000561,QR261001A0070,,MOVE,M2,2026-10-01 16:29:00,YYYY-MM-DD HH:MM:SS,OP_001
SCAN_000562,QR261001A0070,,MOVE,HT,2026-10-01 16:31:30,YYYY-MM-DD HH:MM:SS,OP_001
SCAN_000563,QR261001A0070,,MOVE,AS1,2026-10-01 16:42:00,YYYY-MM-DD HH:MM:SS,OP_001
SCAN_000564,QR261001A0070,,MOVE,T1,2026-10-01 16:44:30,YYYY-MM-DD HH:MM:SS,OP_001
SCAN_000565,QR261001A0070,,MOVE,PK,2026-10-01 16:47:00,YYYY-MM-DD HH:MM:SS,OP_001
SCAN_000566,QR261001A0070,,MOVE,SHP,2026-10-01 16:49:30,YYYY-MM-DD HH:MM:SS,OP_001
SCAN_000567,QR261001B0071,,RECEIVE,INB,2026-10-01 09:12:00,YYYY-MM-DD HH:MM:SS,OP_001
SCAN_000568,QR261001B0071,,MOVE,M1,2026-10-01 09:14:30,YYYY-MM-DD HH:MM:SS,OP_001
SCAN_000569,QR261001B0071,,MOVE,HT,2026-10-01 09:17:00,YYYY-MM-DD HH:MM:SS,OP_001
SCAN_000570,QR261001B0071,,MOVE,AS2,2026-10-01 09:27:30,YYYY-MM-DD HH:MM:SS,OP_001
SCAN_000571,QR261001B0071,,MOVE,T1,2026-10-01 09:30:00,YYYY-MM-DD HH:MM:SS,OP_001
SCAN_000572,QR261001B0071,,MOVE,PK,2026-10-01 09:32:30,YYYY-MM-DD HH:MM:SS,OP_001
SCAN_000573,QR261001B0071,,MOVE,SHP,2026-10-01 09:35:00,YYYY-MM-DD HH:MM:SS,OP_001
SCAN_000574,QR261001B0072,,RECEIVE,INB,2026-10-01 18:00:00,YYYY-MM-DD HH:MM:SS,OP_001
SCAN_000575,QR261001B0072,,MOVE,M1,2026-10-01 18:02:30,YYYY-MM-DD HH:MM:SS,OP_001
SCAN_000576,QR261001B0072,,MOVE,HT,2026-10-01 18:05:00,YYYY-MM-DD HH:MM:SS,OP_001
SCAN_000577,QR261001B0072,,MOVE,AS2,2026-10-01 18:15:30,YYYY-MM-DD HH:MM:SS,OP_001
SCAN_000578,QR261001B0072,,MOVE,T1,2026-10-01 18:18:00,YYYY-MM-DD HH:MM:SS,OP_001
SCAN_000579,QR261001B0072,,MOVE,PK,2026-10-01 18:20:30,YYYY-MM-DD HH:MM:SS,OP_001
SCAN_000580,QR261001B0072,,MOVE,SHP,2026-10-01 18:23:00,YYYY-MM-DD HH:MM:SS,OP_001
SCAN_000581,QR261001A0073,,RECEIVE,INB,2026-10-01 10:48:00,YYYY-MM-DD HH:MM:SS,OP_001
SCAN_000582,QR261001A0073,,MOVE,M1,2026-10-01 10:50:30,YYYY-MM-DD HH:MM:SS,OP_001
SCAN_000583,QR261001A0073,,MOVE,M2,2026-10-01 10:53:00,YYYY-MM-DD HH:MM:SS,OP_001
SCAN_000584,QR261001A0073,,MOVE,HT,2026-10-01 10:55:30,YYYY-MM-DD HH:MM:SS,OP_001
SCAN_000585,QR261001A0073,,MOVE,AS1,2026-10-01 11:06:00,YYYY-MM-DD HH:MM:SS,OP_001
SCAN_000586,QR261001A0073,,MOVE,T1,2026-10-01 11:08:30,YYYY-MM-DD HH:MM:SS,OP_001
SCAN_000587,QR261001A0073,,MOVE,PK,2026-10-01 11:11:00,YYYY-MM-DD HH:MM:SS,OP_001
SCAN_000588,QR261001A0073,,MOVE,SHP,2026-10-01 11:13:30,YYYY-MM-DD HH:MM:SS,OP_001
SCAN_000589,QR261001A0074,,RECEIVE,INB,2026-10-01 19:36:00,YYYY-MM-DD HH:MM:SS,OP_001
SCAN_000590,QR261001A0074,,MOVE,M1,2026-10-01 19:38:30,YYYY-MM-DD HH:MM:SS,OP_001
SCAN_000591,QR261001A0074,,MOVE,M2,2026-10-01 19:41:00,YYYY-MM-DD HH:MM:SS,OP_001
SCAN_000592,QR261001A0074,,MOVE,HT,2026-10-01 19:43:30,YYYY-MM-DD HH:MM:SS,OP_001
SCAN_000593,QR261001A0074,,MOVE,AS1,2026-10-01 19:54:00,YYYY-MM-DD HH:MM:SS,OP_001
SCAN_000594,QR261001A0074,,MOVE,T1,2026-10-01 19:56:30,YYYY-MM-DD HH:MM:SS,OP_001
SCAN_000595,QR261001A0074,,MOVE,PK,2026-10-01 19:59:00,YYYY-MM-DD HH:MM:SS,OP_001
SCAN_000596,QR261001A0074,,MOVE,SHP,2026-10-01 20:01:30,YYYY-MM-DD HH:MM:SS,OP_001
SCAN_000597,QR261001B0075,,RECEIVE,INB,2026-10-01 06:00:00,YYYY-MM-DD HH:MM:SS,OP_001
SCAN_000598,QR261001B0075,,MOVE,M1,2026-10-01 06:02:30,YYYY-MM-DD HH:MM:SS,OP_001
SCAN_000599,QR261001B0075,,MOVE,HT,2026-10-01 06:05:00,YYYY-MM-DD HH:MM:SS,OP_001
SCAN_000600,QR261001B0075,,MOVE,AS2,2026-10-01 06:15:30,YYYY-MM-DD HH:MM:SS,OP_001
SCAN_000601,QR261001B0075,,MOVE,T1,2026-10-01 06:18:00,YYYY-MM-DD HH:MM:SS,OP_001
SCAN_000602,QR261001B0075,,MOVE,PK,2026-10-01 06:20:30,YYYY-MM-DD HH:MM:SS,OP_001
SCAN_000603,QR261001B0075,,MOVE,SHP,2026-10-01 06:23:00,YYYY-MM-DD HH:MM:SS,OP_001
SCAN_000604,QR261001B0076,,RECEIVE,INB,2026-10-01 14:48:00,YYYY-MM-DD HH:MM:SS,OP_001
SCAN_000605,QR261001B0076,,MOVE,M1,2026-10-01 14:50:30,YYYY-MM-DD HH:MM:SS,OP_001
SCAN_000606,QR261001B0076,,MOVE,HT,2026-10-01 14:53:00,YYYY-MM-DD HH:MM:SS,OP_001
SCAN_000607,QR261001B0076,,MOVE,AS2,2026-10-01 15:03:30,YYYY-MM-DD HH:MM:SS,OP_001
SCAN_000608,QR261001B0076,,MOVE,T1,2026-10-01 15:06:00,YYYY-MM-DD HH:MM:SS,OP_001
SCAN_000609,QR261001B0076,,MOVE,PK,2026-10-01 15:08:30,YYYY-MM-DD HH:MM:SS,OP_001
SCAN_000610,QR261001B0076,,MOVE,SHP,2026-10-01 15:11:00,YYYY-MM-DD HH:MM:SS,OP_001
SCAN_000611,QR261001A0077,,RECEIVE,INB,2026-10-01 07:36:00,YYYY-MM-DD HH:MM:SS,OP_001
SCAN_000612,QR261001A0077,,MOVE,M1,2026-10-01 07:38:30,YYYY-MM-DD HH:MM:SS,OP_001
SCAN_000613,QR261001A0077,,MOVE,M2,2026-10-01 07:41:00,YYYY-MM-DD HH:MM:SS,OP_001
SCAN_000614,QR261001A0077,,MOVE,HT,2026-10-01 07:43:30,YYYY-MM-DD HH:MM:SS,OP_001
SCAN_000615,QR261001A0077,,MOVE,AS1,2026-10-01 07:54:00,YYYY-MM-DD HH:MM:SS,OP_001
SCAN_000616,QR261001A0077,,MOVE,T1,2026-10-01 07:56:30,YYYY-MM-DD HH:MM:SS,OP_001
SCAN_000617,QR261001A0077,,MOVE,PK,2026-10-01 07:59:00,YYYY-MM-DD HH:MM:SS,OP_001
SCAN_000618,QR261001A0077,,MOVE,SHP,2026-10-01 08:01:30,YYYY-MM-DD HH:MM:SS,OP_001
SCAN_000619,QR261001A0078,,RECEIVE,INB,2026-10-01 16:24:00,YYYY-MM-DD HH:MM:SS,OP_001
SCAN_000620,QR261001A0078,,MOVE,M1,2026-10-01 16:26:30,YYYY-MM-DD HH:MM:SS,OP_001
SCAN_000621,QR261001A0078,,MOVE,M2,2026-10-01 16:29:00,YYYY-MM-DD HH:MM:SS,OP_001
SCAN_000622,QR261001A0078,,MOVE,HT,2026-10-01 16:31:30,YYYY-MM-DD HH:MM:SS,OP_001
SCAN_000623,QR261001A0078,,MOVE,AS1,2026-10-01 16:42:00,YYYY-MM-DD HH:MM:SS,OP_001
SCAN_000624,QR261001A0078,,MOVE,T1,2026-10-01 16:44:30,YYYY-MM-DD HH:MM:SS,OP_001
SCAN_000625,QR261001A0078,,MOVE,PK,2026-10-01 16:47:00,YYYY-MM-DD HH:MM:SS,OP_001
SCAN_000626,QR261001A0078,,MOVE,SHP,2026-10-01 16:49:30,YYYY-MM-DD HH:MM:SS,OP_001
SCAN_000627,QR261001B0079,,RECEIVE,INB,2026-10-01 09:12:00,YYYY-MM-DD HH:MM:SS,OP_001
SCAN_000628,QR261001B0079,,MOVE,M1,2026-10-01 09:14:30,YYYY-MM-DD HH:MM:SS,OP_001
SCAN_000629,QR261001B0079,,MOVE,HT,2026-10-01 09:17:00,YYYY-MM-DD HH:MM:SS,OP_001
SCAN_000630,QR261001B0079,,MOVE,AS2,2026-10-01 09:27:30,YYYY-MM-DD HH:MM:SS,OP_001
SCAN_000631,QR261001B0079,,MOVE,T1,2026-10-01 09:30:00,YYYY-MM-DD HH:MM:SS,OP_001
SCAN_000632,QR261001B0079,,MOVE,PK,2026-10-01 09:32:30,YYYY-MM-DD HH:MM:SS,OP_001
SCAN_000633,QR261001B0079,,MOVE,SHP,2026-10-01 09:35:00,YYYY-MM-DD HH:MM:SS,OP_001
SCAN_000634,QR261001B0080,,RECEIVE,INB,2026-10-01 18:00:00,YYYY-MM-DD HH:MM:SS,OP_001
SCAN_000635,QR261001B0080,,MOVE,M1,2026-10-01 18:02:30,YYYY-MM-DD HH:MM:SS,OP_001
SCAN_000636,QR261001B0080,,MOVE,HT,2026-10-01 18:05:00,YYYY-MM-DD HH:MM:SS,OP_001
SCAN_000637,QR261001B0080,,MOVE,AS2,2026-10-01 18:15:30,YYYY-MM-DD HH:MM:SS,OP_001
SCAN_000638,QR261001B0080,,MOVE,T1,2026-10-01 18:18:00,YYYY-MM-DD HH:MM:SS,OP_001
SCAN_000639,QR261001B0080,,MOVE,PK,2026-10-01 18:20:30,YYYY-MM-DD HH:MM:SS,OP_001
SCAN_000640,QR261001B0080,,MOVE,SHP,2026-10-01 18:23:00,YYYY-MM-DD HH:MM:SS,OP_001
SCAN_000641,QR261001A0081,,RECEIVE,INB,2026-10-01 10:48:00,YYYY-MM-DD HH:MM:SS,OP_001
SCAN_000642,QR261001A0081,,MOVE,M1,2026-10-01 10:50:30,YYYY-MM-DD HH:MM:SS,OP_001
SCAN_000643,QR261001A0081,,MOVE,M2,2026-10-01 10:53:00,YYYY-MM-DD HH:MM:SS,OP_001
SCAN_000644,QR261001A0081,,MOVE,HT,2026-10-01 10:55:30,YYYY-MM-DD HH:MM:SS,OP_001
SCAN_000645,QR261001A0081,,MOVE,AS1,2026-10-01 11:06:00,YYYY-MM-DD HH:MM:SS,OP_001
SCAN_000646,QR261001A0081,,MOVE,T1,2026-10-01 11:08:30,YYYY-MM-DD HH:MM:SS,OP_001
SCAN_000647,QR261001A0081,,MOVE,PK,2026-10-01 11:11:00,YYYY-MM-DD HH:MM:SS,OP_001
SCAN_000648,QR261001A0081,,MOVE,SHP,2026-10-01 11:13:30,YYYY-MM-DD HH:MM:SS,OP_001
SCAN_000649,QR261001A0082,,RECEIVE,INB,2026-10-01 19:36:00,YYYY-MM-DD HH:MM:SS,OP_001
SCAN_000650,QR261001A0082,,MOVE,M1,2026-10-01 19:38:30,YYYY-MM-DD HH:MM:SS,OP_001
SCAN_000651,QR261001A0082,,MOVE,M2,2026-10-01 19:41:00,YYYY-MM-DD HH:MM:SS,OP_001
SCAN_000652,QR261001A0082,,MOVE,HT,2026-10-01 19:43:30,YYYY-MM-DD HH:MM:SS,OP_001
SCAN_000653,QR261001A0082,,MOVE,AS1,2026-10-01 19:54:00,YYYY-MM-DD HH:MM:SS,OP_001
SCAN_000654,QR261001A0082,,MOVE,T1,2026-10-01 19:56:30,YYYY-MM-DD HH:MM:SS,OP_001
SCAN_000655,QR261001A0082,,MOVE,PK,2026-10-01 19:59:00,YYYY-MM-DD HH:MM:SS,OP_001
SCAN_000656,QR261001A0082,,MOVE,SHP,2026-10-01 20:01:30,YYYY-MM-DD HH:MM:SS,OP_001
SCAN_000657,QR261001B0083,,RECEIVE,INB,2026-10-01 06:00:00,YYYY-MM-DD HH:MM:SS,OP_001
SCAN_000658,QR261001B0083,,MOVE,M1,2026-10-01 06:02:30,YYYY-MM-DD HH:MM:SS,OP_001
SCAN_000659,QR261001B0083,,MOVE,HT,2026-10-01 06:05:00,YYYY-MM-DD HH:MM:SS,OP_001
SCAN_000660,QR261001B0083,,MOVE,AS2,2026-10-01 06:15:30,YYYY-MM-DD HH:MM:SS,OP_001
SCAN_000661,QR261001B0083,,MOVE,T1,2026-10-01 06:18:00,YYYY-MM-DD HH:MM:SS,OP_001
SCAN_000662,QR261001B0083,,MOVE,PK,2026-10-01 06:20:30,YYYY-MM-DD HH:MM:SS,OP_001
SCAN_000663,QR261001B0083,,MOVE,SHP,2026-10-01 06:23:00,YYYY-MM-DD HH:MM:SS,OP_001
SCAN_000664,QR261001B0084,,RECEIVE,INB,2026-10-01 14:48:00,YYYY-MM-DD HH:MM:SS,OP_001
SCAN_000665,QR261001B0084,,MOVE,M1,2026-10-01 14:50:30,YYYY-MM-DD HH:MM:SS,OP_001
SCAN_000666,QR261001B0084,,MOVE,HT,2026-10-01 14:53:00,YYYY-MM-DD HH:MM:SS,OP_001
SCAN_000668,QR261001B0084,,MOVE,T1,2026-10-01 15:06:00,YYYY-MM-DD HH:MM:SS,OP_001
SCAN_000669,QR261001B0084,,MOVE,PK,2026-10-01 15:08:30,YYYY-MM-DD HH:MM:SS,OP_001
SCAN_000670,QR261001B0084,,MOVE,SHP,2026-10-01 15:11:00,YYYY-MM-DD HH:MM:SS,OP_001
SCAN_000671,QR261001A0085,,RECEIVE,INB,2026-10-01 07:36:00,YYYY-MM-DD HH:MM:SS,OP_001
SCAN_000672,QR261001A0085,,MOVE,M1,2026-10-01 07:38:30,YYYY-MM-DD HH:MM:SS,OP_001
SCAN_000673,QR261001A0085,,MOVE,M2,2026-10-01 07:41:00,YYYY-MM-DD HH:MM:SS,OP_001
SCAN_000674,QR261001A0085,,MOVE,HT,2026-10-01 07:43:30,YYYY-MM-DD HH:MM:SS,OP_001
SCAN_000675,QR261001A0085,,MOVE,AS1,2026-10-01 07:54:00,YYYY-MM-DD HH:MM:SS,OP_001
SCAN_000676,QR261001A0085,,MOVE,T1,2026-10-01 07:56:30,YYYY-MM-DD HH:MM:SS,OP_001
SCAN_000677,QR261001A0085,,MOVE,PK,2026-10-01 07:59:00,YYYY-MM-DD HH:MM:SS,OP_001
SCAN_000678,QR261001A0085,,MOVE,SHP,2026-10-01 08:01:30,YYYY-MM-DD HH:MM:SS,OP_001
SCAN_000679,QR261001A0086,,RECEIVE,INB,2026-10-01 16:24:00,YYYY-MM-DD HH:MM:SS,OP_001
SCAN_000680,QR261001A0086,,MOVE,M1,2026-10-01 16:26:30,YYYY-MM-DD HH:MM:SS,OP_001
SCAN_000681,QR261001A0086,,MOVE,M2,2026-10-01 16:29:00,YYYY-MM-DD HH:MM:SS,OP_001
SCAN_000682,QR261001A0086,,MOVE,HT,2026-10-01 16:31:30,YYYY-MM-DD HH:MM:SS,OP_001
SCAN_000684,QR261001A0086,,MOVE,T1,2026-10-01 16:44:30,YYYY-MM-DD HH:MM:SS,OP_001
SCAN_000685,QR261001A0086,,MOVE,PK,2026-10-01 16:47:00,YYYY-MM-DD HH:MM:SS,OP_001
SCAN_000686,QR261001A0086,,MOVE,SHP,2026-10-01 16:49:30,YYYY-MM-DD HH:MM:SS,OP_001
SCAN_000687,QR261001B0087,,RECEIVE,INB,2026-10-01 09:12:00,YYYY-MM-DD HH:MM:SS,OP_001
SCAN_000688,QR261001B0087,,MOVE,M1,2026-10-01 09:14:30,YYYY-MM-DD HH:MM:SS,OP_001
SCAN_000689,QR261001B0087,,MOVE,HT,2026-10-01 09:17:00,YYYY-MM-DD HH:MM:SS,OP_001
SCAN_000690,QR261001B0087,,MOVE,AS2,2026-10-01 09:27:30,YYYY-MM-DD HH:MM:SS,OP_001
SCAN_000691,QR261001B0087,,MOVE,T1,2026-10-01 09:30:00,YYYY-MM-DD HH:MM:SS,OP_001
SCAN_000692,QR261001B0087,,MOVE,PK,2026-10-01 09:32:30,YYYY-MM-DD HH:MM:SS,OP_001
SCAN_000693,QR261001B0087,,MOVE,SHP,2026-10-01 09:35:00,YYYY-MM-DD HH:MM:SS,OP_001
SCAN_000694,QR261002B0088,,RECEIVE,INB,2026-10-02 06:00:00,YYYY-MM-DD HH:MM:SS,OP_001
SCAN_000695,QR261002B0088,,MOVE,M1,2026-10-02 06:02:30,YYYY-MM-DD HH:MM:SS,OP_001
SCAN_000696,QR261002B0088,,MOVE,HT,2026-10-02 06:05:00,YYYY-MM-DD HH:MM:SS,OP_001
SCAN_000697,QR261002B0088,,MOVE,AS2,2026-10-02 06:15:30,YYYY-MM-DD HH:MM:SS,OP_001
SCAN_000698,QR261002B0088,,MOVE,T1,2026-10-02 06:18:00,YYYY-MM-DD HH:MM:SS,OP_001
SCAN_000699,QR261002B0088,,MOVE,PK,2026-10-02 06:20:30,YYYY-MM-DD HH:MM:SS,OP_001
SCAN_000700,QR261002B0088,,MOVE,SHP,2026-10-02 06:23:00,YYYY-MM-DD HH:MM:SS,OP_001
SCAN_000701,QR261002A0089,,RECEIVE,INB,2026-10-02 14:48:00,YYYY-MM-DD HH:MM:SS,OP_001
SCAN_000702,QR261002A0089,,MOVE,M1,2026-10-02 14:50:30,YYYY-MM-DD HH:MM:SS,OP_001
SCAN_000703,QR261002A0089,,MOVE,M2,2026-10-02 14:53:00,YYYY-MM-DD HH:MM:SS,OP_001
SCAN_000704,QR261002A0089,,MOVE,HT,2026-10-02 14:55:30,YYYY-MM-DD HH:MM:SS,OP_001
SCAN_000705,QR261002A0089,,MOVE,AS1,2026-10-02 15:06:00,YYYY-MM-DD HH:MM:SS,OP_001
SCAN_000706,QR261002A0089,,MOVE,T1,2026-10-02 15:08:30,YYYY-MM-DD HH:MM:SS,OP_001
SCAN_000707,QR261002A0089,,MOVE,PK,2026-10-02 15:11:00,YYYY-MM-DD HH:MM:SS,OP_001
SCAN_000708,QR261002A0089,,MOVE,SHP,2026-10-02 15:13:30,YYYY-MM-DD HH:MM:SS,OP_001
SCAN_000709,QR261002A0090,,RECEIVE,INB,2026-10-02 07:36:00,YYYY-MM-DD HH:MM:SS,OP_001
SCAN_000710,QR261002A0090,,MOVE,M1,2026-10-02 07:38:30,YYYY-MM-DD HH:MM:SS,OP_001
SCAN_000711,QR261002A0090,,MOVE,M2,2026-10-02 07:41:00,YYYY-MM-DD HH:MM:SS,OP_001
SCAN_000712,QR261002A0090,,MOVE,HT,2026-10-02 07:43:30,YYYY-MM-DD HH:MM:SS,OP_001
SCAN_000713,QR261002A0090,,MOVE,AS1,2026-10-02 07:54:00,YYYY-MM-DD HH:MM:SS,OP_001
SCAN_000714,QR261002A0090,,MOVE,T1,2026-10-02 07:56:30,YYYY-MM-DD HH:MM:SS,OP_001
SCAN_000715,QR261002A0090,,MOVE,PK,2026-10-02 07:59:00,YYYY-MM-DD HH:MM:SS,OP_001
SCAN_000716,QR261002A0090,,MOVE,SHP,2026-10-02 08:01:30,YYYY-MM-DD HH:MM:SS,OP_001
SCAN_000717,QR261002B0091,,RECEIVE,INB,2026-10-02 16:24:00,YYYY-MM-DD HH:MM:SS,OP_001
SCAN_000718,QR261002B0091,,MOVE,M1,2026-10-02 16:26:30,YYYY-MM-DD HH:MM:SS,OP_001
SCAN_000719,QR261002B0091,,MOVE,HT,2026-10-02 16:29:00,YYYY-MM-DD HH:MM:SS,OP_001
SCAN_000720,QR261002B0091,,MOVE,AS2,2026-10-02 16:39:30,YYYY-MM-DD HH:MM:SS,OP_001
SCAN_000721,QR261002B0091,,MOVE,T1,2026-10-02 16:42:00,YYYY-MM-DD HH:MM:SS,OP_001
SCAN_000722,QR261002B0091,,MOVE,PK,2026-10-02 16:44:30,YYYY-MM-DD HH:MM:SS,OP_001
SCAN_000723,QR261002B0091,,MOVE,SHP,2026-10-02 16:47:00,YYYY-MM-DD HH:MM:SS,OP_001
SCAN_000724,QR261002B0092,,RECEIVE,INB,2026-10-02 09:12:00,YYYY-MM-DD HH:MM:SS,OP_001
SCAN_000725,QR261002B0092,,MOVE,M1,2026-10-02 09:14:30,YYYY-MM-DD HH:MM:SS,OP_001
SCAN_000726,QR261002B0092,,MOVE,HT,2026-10-02 09:17:00,YYYY-MM-DD HH:MM:SS,OP_001
SCAN_000727,QR261002B0092,,MOVE,AS2,2026-10-02 09:27:30,YYYY-MM-DD HH:MM:SS,OP_001
SCAN_000728,QR261002B0092,,MOVE,T1,2026-10-02 09:30:00,YYYY-MM-DD HH:MM:SS,OP_001
SCAN_000729,QR261002B0092,,MOVE,PK,2026-10-02 09:32:30,YYYY-MM-DD HH:MM:SS,OP_001
SCAN_000730,QR261002B0092,,MOVE,SHP,2026-10-02 09:35:00,YYYY-MM-DD HH:MM:SS,OP_001
SCAN_000731,QR261002A0093,,RECEIVE,INB,2026-10-02 18:00:00,YYYY-MM-DD HH:MM:SS,OP_001
SCAN_000732,QR261002A0093,,MOVE,M1,2026-10-02 18:02:30,YYYY-MM-DD HH:MM:SS,OP_001
SCAN_000733,QR261002A0093,,MOVE,M2,2026-10-02 18:05:00,YYYY-MM-DD HH:MM:SS,OP_001
SCAN_000734,QR261002A0093,,MOVE,HT,2026-10-02 18:07:30,YYYY-MM-DD HH:MM:SS,OP_001
SCAN_000735,QR261002A0093,,MOVE,AS1,2026-10-02 18:18:00,YYYY-MM-DD HH:MM:SS,OP_001
SCAN_000736,QR261002A0093,,MOVE,T1,2026-10-02 18:20:30,YYYY-MM-DD HH:MM:SS,OP_001
SCAN_000737,QR261002A0093,,MOVE,PK,2026-10-02 18:23:00,YYYY-MM-DD HH:MM:SS,OP_001
SCAN_000738,QR261002A0093,,MOVE,SHP,2026-10-02 18:25:30,YYYY-MM-DD HH:MM:SS,OP_001
SCAN_000739,QR261002A0094,,RECEIVE,INB,2026-10-02 10:48:00,YYYY-MM-DD HH:MM:SS,OP_001
SCAN_000740,QR261002A0094,,MOVE,M1,2026-10-02 10:50:30,YYYY-MM-DD HH:MM:SS,OP_001
SCAN_000741,QR261002A0094,,MOVE,M2,2026-10-02 10:53:00,YYYY-MM-DD HH:MM:SS,OP_001
SCAN_000742,QR261002A0094,,MOVE,HT,2026-10-02 10:55:30,YYYY-MM-DD HH:MM:SS,OP_001
SCAN_000743,QR261002A0094,,MOVE,AS1,2026-10-02 11:06:00,YYYY-MM-DD HH:MM:SS,OP_001
SCAN_000744,QR261002A0094,,MOVE,T1,2026-10-02 11:08:30,YYYY-MM-DD HH:MM:SS,OP_001
SCAN_000745,QR261002A0094,,MOVE,PK,2026-10-02 11:11:00,YYYY-MM-DD HH:MM:SS,OP_001
SCAN_000746,QR261002A0094,,MOVE,SHP,2026-10-02 11:13:30,YYYY-MM-DD HH:MM:SS,OP_001
SCAN_000747,QR261002B0095,,RECEIVE,INB,2026-10-02 19:36:00,YYYY-MM-DD HH:MM:SS,OP_001
SCAN_000748,QR261002B0095,,MOVE,M1,2026-10-02 19:38:30,YYYY-MM-DD HH:MM:SS,OP_001
SCAN_000749,QR261002B0095,,MOVE,HT,2026-10-02 19:41:00,YYYY-MM-DD HH:MM:SS,OP_001
SCAN_000750,QR261002B0095,,MOVE,AS2,2026-10-02 19:51:30,YYYY-MM-DD HH:MM:SS,OP_001
SCAN_000751,QR261002B0095,,MOVE,T1,2026-10-02 19:54:00,YYYY-MM-DD HH:MM:SS,OP_001
SCAN_000752,QR261002B0095,,MOVE,PK,2026-10-02 19:56:30,YYYY-MM-DD HH:MM:SS,OP_001
SCAN_000753,QR261002B0095,,MOVE,SHP,2026-10-02 19:59:00,YYYY-MM-DD HH:MM:SS,OP_001
SCAN_000754,QR261002B0096,,RECEIVE,INB,2026-10-02 06:00:00,YYYY-MM-DD HH:MM:SS,OP_001
SCAN_000755,QR261002B0096,,MOVE,M1,2026-10-02 06:02:30,YYYY-MM-DD HH:MM:SS,OP_001
SCAN_000756,QR261002B0096,,MOVE,HT,2026-10-02 06:05:00,YYYY-MM-DD HH:MM:SS,OP_001
SCAN_000757,QR261002B0096,,MOVE,AS2,2026-10-02 06:15:30,YYYY-MM-DD HH:MM:SS,OP_001
SCAN_000758,QR261002B0096,,MOVE,T1,2026-10-02 06:18:00,YYYY-MM-DD HH:MM:SS,OP_001
SCAN_000759,QR261002B0096,,MOVE,PK,2026-10-02 06:20:30,YYYY-MM-DD HH:MM:SS,OP_001
SCAN_000760,QR261002B0096,,MOVE,SHP,2026-10-02 06:23:00,YYYY-MM-DD HH:MM:SS,OP_001
SCAN_000761,QR261002A0097,,RECEIVE,INB,2026-10-02 14:48:00,YYYY-MM-DD HH:MM:SS,OP_001
SCAN_000762,QR261002A0097,,MOVE,M1,2026-10-02 14:50:30,YYYY-MM-DD HH:MM:SS,OP_001
SCAN_000763,QR261002A0097,,MOVE,M2,2026-10-02 14:53:00,YYYY-MM-DD HH:MM:SS,OP_001
SCAN_000764,QR261002A0097,,MOVE,HT,2026-10-02 14:55:30,YYYY-MM-DD HH:MM:SS,OP_001
SCAN_000766,QR261002A0097,,MOVE,T1,2026-10-02 15:08:30,YYYY-MM-DD HH:MM:SS,OP_001
SCAN_000767,QR261002A0097,,MOVE,PK,2026-10-02 15:11:00,YYYY-MM-DD HH:MM:SS,OP_001
SCAN_000768,QR261002A0097,,MOVE,SHP,2026-10-02 15:13:30,YYYY-MM-DD HH:MM:SS,OP_001
SCAN_000769,QR261002A0098,,RECEIVE,INB,2026-10-02 07:36:00,YYYY-MM-DD HH:MM:SS,OP_001
SCAN_000770,QR261002A0098,,MOVE,M1,2026-10-02 07:38:30,YYYY-MM-DD HH:MM:SS,OP_001
SCAN_000771,QR261002A0098,,MOVE,M2,2026-10-02 07:41:00,YYYY-MM-DD HH:MM:SS,OP_001
SCAN_000772,QR261002A0098,,MOVE,HT,2026-10-02 07:43:30,YYYY-MM-DD HH:MM:SS,OP_001
SCAN_000773,QR261002A0098,,MOVE,AS1,2026-10-02 07:54:00,YYYY-MM-DD HH:MM:SS,OP_001
SCAN_000774,QR261002A0098,,MOVE,T1,2026-10-02 07:56:30,YYYY-MM-DD HH:MM:SS,OP_001
SCAN_000775,QR261002A0098,,MOVE,PK,2026-10-02 07:59:00,YYYY-MM-DD HH:MM:SS,OP_001
SCAN_000776,QR261002A0098,,MOVE,SHP,2026-10-02 08:01:30,YYYY-MM-DD HH:MM:SS,OP_001
SCAN_000777,QR261002B0099,,RECEIVE,INB,2026-10-02 16:24:00,YYYY-MM-DD HH:MM:SS,OP_001
SCAN_000778,QR261002B0099,,MOVE,M1,2026-10-02 16:26:30,YYYY-MM-DD HH:MM:SS,OP_001
SCAN_000779,QR261002B0099,,MOVE,HT,2026-10-02 16:29:00,YYYY-MM-DD HH:MM:SS,OP_001
SCAN_000780,QR261002B0099,,MOVE,AS2,2026-10-02 16:39:30,YYYY-MM-DD HH:MM:SS,OP_001
SCAN_000781,QR261002B0099,,MOVE,T1,2026-10-02 16:42:00,YYYY-MM-DD HH:MM:SS,OP_001
SCAN_000782,QR261002B0099,,MOVE,PK,2026-10-02 16:44:30,YYYY-MM-DD HH:MM:SS,OP_001
SCAN_000783,QR261002B0099,,MOVE,SHP,2026-10-02 16:47:00,YYYY-MM-DD HH:MM:SS,OP_001
SCAN_000784,QR261002B0100,,RECEIVE,INB,2026-10-02 09:12:00,YYYY-MM-DD HH:MM:SS,OP_001
SCAN_000785,QR261002B0100,,MOVE,M1,2026-10-02 09:14:30,YYYY-MM-DD HH:MM:SS,OP_001
SCAN_000786,QR261002B0100,,MOVE,HT,2026-10-02 09:17:00,YYYY-MM-DD HH:MM:SS,OP_001
SCAN_000787,QR261002B0100,,MOVE,AS2,2026-10-02 09:27:30,YYYY-MM-DD HH:MM:SS,OP_001
SCAN_000788,QR261002B0100,,MOVE,T1,2026-10-02 09:30:00,YYYY-MM-DD HH:MM:SS,OP_001
SCAN_000789,QR261002B0100,,MOVE,PK,2026-10-02 09:32:30,YYYY-MM-DD HH:MM:SS,OP_001
SCAN_000790,QR261002B0100,,MOVE,SHP,2026-10-02 09:35:00,YYYY-MM-DD HH:MM:SS,OP_001
SCAN_000791,QR261002A0101,,RECEIVE,INB,2026-10-02 18:00:00,YYYY-MM-DD HH:MM:SS,OP_001
SCAN_000792,QR261002A0101,,MOVE,M1,2026-10-02 18:02:30,YYYY-MM-DD HH:MM:SS,OP_001
SCAN_000793,QR261002A0101,,MOVE,M2,2026-10-02 18:05:00,YYYY-MM-DD HH:MM:SS,OP_001
SCAN_000794,QR261002A0101,,MOVE,HT,2026-10-02 18:07:30,YYYY-MM-DD HH:MM:SS,OP_001
SCAN_000796,QR261002A0101,,MOVE,T1,2026-10-02 18:20:30,YYYY-MM-DD HH:MM:SS,OP_001
SCAN_000797,QR261002A0101,,MOVE,PK,2026-10-02 18:23:00,YYYY-MM-DD HH:MM:SS,OP_001
SCAN_000798,QR261002A0101,,MOVE,SHP,2026-10-02 18:25:30,YYYY-MM-DD HH:MM:SS,OP_001
SCAN_000799,QR261002A0102,,RECEIVE,INB,2026-10-02 10:48:00,YYYY-MM-DD HH:MM:SS,OP_001
SCAN_000800,QR261002A0102,,MOVE,M1,2026-10-02 10:50:30,YYYY-MM-DD HH:MM:SS,OP_001
SCAN_000801,QR261002A0102,,MOVE,M2,2026-10-02 10:53:00,YYYY-MM-DD HH:MM:SS,OP_001
SCAN_000802,QR261002A0102,,MOVE,HT,2026-10-02 10:55:30,YYYY-MM-DD HH:MM:SS,OP_001
SCAN_000803,QR261002A0102,,MOVE,AS1,2026-10-02 11:06:00,YYYY-MM-DD HH:MM:SS,OP_001
SCAN_000804,QR261002A0102,,MOVE,T1,2026-10-02 11:08:30,YYYY-MM-DD HH:MM:SS,OP_001
SCAN_000805,QR261002A0102,,MOVE,PK,2026-10-02 11:11:00,YYYY-MM-DD HH:MM:SS,OP_001
SCAN_000806,QR261002A0102,,MOVE,SHP,2026-10-02 11:13:30,YYYY-MM-DD HH:MM:SS,OP_001
SCAN_000807,QR261002B0103,,RECEIVE,INB,2026-10-02 19:36:00,YYYY-MM-DD HH:MM:SS,OP_001
SCAN_000808,QR261002B0103,,MOVE,M1,2026-10-02 19:38:30,YYYY-MM-DD HH:MM:SS,OP_001
SCAN_000809,QR261002B0103,,MOVE,HT,2026-10-02 19:41:00,YYYY-MM-DD HH:MM:SS,OP_001
SCAN_000810,QR261002B0103,,MOVE,AS2,2026-10-02 19:51:30,YYYY-MM-DD HH:MM:SS,OP_001
SCAN_000811,QR261002B0103,,MOVE,T1,2026-10-02 19:54:00,YYYY-MM-DD HH:MM:SS,OP_001
SCAN_000812,QR261002B0103,,MOVE,PK,2026-10-02 19:56:30,YYYY-MM-DD HH:MM:SS,OP_001
SCAN_000813,QR261002B0103,,MOVE,SHP,2026-10-02 19:59:00,YYYY-MM-DD HH:MM:SS,OP_001
SCAN_000814,QR261002B0104,,RECEIVE,INB,2026-10-02 06:00:00,YYYY-MM-DD HH:MM:SS,OP_001
SCAN_000815,QR261002B0104,,MOVE,M1,2026-10-02 06:02:30,YYYY-MM-DD HH:MM:SS,OP_001
SCAN_000816,QR261002B0104,,MOVE,HT,2026-10-02 06:05:00,YYYY-MM-DD HH:MM:SS,OP_001
SCAN_000817,QR261002B0104,,MOVE,AS2,2026-10-02 06:15:30,YYYY-MM-DD HH:MM:SS,OP_001
SCAN_000818,QR261002B0104,,MOVE,T1,2026-10-02 06:18:00,YYYY-MM-DD HH:MM:SS,OP_001
SCAN_000819,QR261002B0104,,MOVE,PK,2026-10-02 06:20:30,YYYY-MM-DD HH:MM:SS,OP_001
SCAN_000820,QR261002B0104,,MOVE,SHP,2026-10-02 06:23:00,YYYY-MM-DD HH:MM:SS,OP_001
SCAN_000821,QR261002A0105,,RECEIVE,INB,2026-10-02 14:48:00,YYYY-MM-DD HH:MM:SS,OP_001
SCAN_000822,QR261002A0105,,MOVE,M1,2026-10-02 14:50:30,YYYY-MM-DD HH:MM:SS,OP_001
SCAN_000823,QR261002A0105,,MOVE,M2,2026-10-02 14:53:00,YYYY-MM-DD HH:MM:SS,OP_001
SCAN_000824,QR261002A0105,,MOVE,HT,2026-10-02 14:55:30,YYYY-MM-DD HH:MM:SS,OP_001
SCAN_000825,QR261002A0105,,MOVE,AS1,2026-10-02 15:06:00,YYYY-MM-DD HH:MM:SS,OP_001
SCAN_000826,QR261002A0105,,MOVE,T1,2026-10-02 15:08:30,YYYY-MM-DD HH:MM:SS,OP_001
SCAN_000827,QR261002A0105,,MOVE,PK,2026-10-02 15:11:00,YYYY-MM-DD HH:MM:SS,OP_001
SCAN_000828,QR261002A0105,,MOVE,SHP,2026-10-02 15:13:30,YYYY-MM-DD HH:MM:SS,OP_001
SCAN_000829,QR261002A0106,,RECEIVE,INB,2026-10-02 07:36:00,YYYY-MM-DD HH:MM:SS,OP_001
SCAN_000830,QR261002A0106,,MOVE,M1,2026-10-02 07:38:30,YYYY-MM-DD HH:MM:SS,OP_001
SCAN_000831,QR261002A0106,,MOVE,M2,2026-10-02 07:41:00,YYYY-MM-DD HH:MM:SS,OP_001
SCAN_000832,QR261002A0106,,MOVE,HT,2026-10-02 07:43:30,YYYY-MM-DD HH:MM:SS,OP_001
SCAN_000833,QR261002A0106,,MOVE,AS1,2026-10-02 07:54:00,YYYY-MM-DD HH:MM:SS,OP_001
SCAN_000834,QR261002A0106,,MOVE,T1,2026-10-02 07:56:30,YYYY-MM-DD HH:MM:SS,OP_001
SCAN_000835,QR261002A0106,,MOVE,PK,2026-10-02 07:59:00,YYYY-MM-DD HH:MM:SS,OP_001
SCAN_000836,QR261002A0106,,MOVE,SHP,2026-10-02 08:01:30,YYYY-MM-DD HH:MM:SS,OP_001
SCAN_000837,QR261002B0107,,RECEIVE,INB,2026-10-02 16:24:00,YYYY-MM-DD HH:MM:SS,OP_001
SCAN_000838,QR261002B0107,,MOVE,M1,2026-10-02 16:26:30,YYYY-MM-DD HH:MM:SS,OP_001
SCAN_000839,QR261002B0107,,MOVE,HT,2026-10-02 16:29:00,YYYY-MM-DD HH:MM:SS,OP_001
SCAN_000840,QR261002B0107,,MOVE,AS2,2026-10-02 16:39:30,YYYY-MM-DD HH:MM:SS,OP_001
SCAN_000841,QR261002B0107,,MOVE,T1,2026-10-02 16:42:00,YYYY-MM-DD HH:MM:SS,OP_001
SCAN_000842,QR261002B0107,,MOVE,PK,2026-10-02 16:44:30,YYYY-MM-DD HH:MM:SS,OP_001
SCAN_000843,QR261002B0107,,MOVE,SHP,2026-10-02 16:47:00,YYYY-MM-DD HH:MM:SS,OP_001
SCAN_000844,QR261002B0108,,RECEIVE,INB,2026-10-02 09:12:00,YYYY-MM-DD HH:MM:SS,OP_001
SCAN_000845,QR261002B0108,,MOVE,M1,2026-10-02 09:14:30,YYYY-MM-DD HH:MM:SS,OP_001
SCAN_000846,QR261002B0108,,MOVE,HT,2026-10-02 09:17:00,YYYY-MM-DD HH:MM:SS,OP_001
SCAN_000847,QR261002B0108,,MOVE,AS2,2026-10-02 09:27:30,YYYY-MM-DD HH:MM:SS,OP_001
SCAN_000848,QR261002B0108,,MOVE,T1,2026-10-02 09:30:00,YYYY-MM-DD HH:MM:SS,OP_001
SCAN_000849,QR261002B0108,,MOVE,PK,2026-10-02 09:32:30,YYYY-MM-DD HH:MM:SS,OP_001
SCAN_000850,QR261002B0108,,MOVE,SHP,2026-10-02 09:35:00,YYYY-MM-DD HH:MM:SS,OP_001
SCAN_000851,QR261002A0109,,RECEIVE,INB,2026-10-02 18:00:00,YYYY-MM-DD HH:MM:SS,OP_001
SCAN_000852,QR261002A0109,,MOVE,M1,2026-10-02 18:02:30,YYYY-MM-DD HH:MM:SS,OP_001
SCAN_000853,QR261002A0109,,MOVE,M2,2026-10-02 18:05:00,YYYY-MM-DD HH:MM:SS,OP_001
SCAN_000854,QR261002A0109,,MOVE,HT,2026-10-02 18:07:30,YYYY-MM-DD HH:MM:SS,OP_001
SCAN_000855,QR261002A0109,,MOVE,AS1,2026-10-02 18:18:00,YYYY-MM-DD HH:MM:SS,OP_001
SCAN_000856,QR261002A0109,,MOVE,T1,2026-10-02 18:20:30,YYYY-MM-DD HH:MM:SS,OP_001
SCAN_000857,QR261002A0109,,MOVE,PK,2026-10-02 18:23:00,YYYY-MM-DD HH:MM:SS,OP_001
SCAN_000858,QR261002A0109,,MOVE,SHP,2026-10-02 18:25:30,YYYY-MM-DD HH:MM:SS,OP_001
SCAN_000859,QR261002A0110,,RECEIVE,INB,2026-10-02 10:48:00,YYYY-MM-DD HH:MM:SS,OP_001
SCAN_000860,QR261002A0110,,MOVE,M1,2026-10-02 10:50:30,YYYY-MM-DD HH:MM:SS,OP_001
SCAN_000861,QR261002A0110,,MOVE,M2,2026-10-02 10:53:00,YYYY-MM-DD HH:MM:SS,OP_001
SCAN_000862,QR261002A0110,,MOVE,HT,2026-10-02 10:55:30,YYYY-MM-DD HH:MM:SS,OP_001
SCAN_000863,QR261002A0110,,MOVE,AS1,2026-10-02 11:06:00,YYYY-MM-DD HH:MM:SS,OP_001
SCAN_000864,QR261002A0110,,MOVE,T1,2026-10-02 11:08:30,YYYY-MM-DD HH:MM:SS,OP_001
SCAN_000865,QR261002A0110,,MOVE,PK,2026-10-02 11:11:00,YYYY-MM-DD HH:MM:SS,OP_001
SCAN_000866,QR261002A0110,,MOVE,SHP,2026-10-02 11:13:30,YYYY-MM-DD HH:MM:SS,OP_001
SCAN_000867,QR261002B0111,,RECEIVE,INB,2026-10-02 19:36:00,YYYY-MM-DD HH:MM:SS,OP_001
SCAN_000868,QR261002B0111,,MOVE,M1,2026-10-02 19:38:30,YYYY-MM-DD HH:MM:SS,OP_001
SCAN_000869,QR261002B0111,,MOVE,HT,2026-10-02 19:41:00,YYYY-MM-DD HH:MM:SS,OP_001
SCAN_000870,QR261002B0111,,MOVE,AS2,2026-10-02 19:51:30,YYYY-MM-DD HH:MM:SS,OP_001
SCAN_000871,QR261002B0111,,MOVE,T1,2026-10-02 19:54:00,YYYY-MM-DD HH:MM:SS,OP_001
SCAN_000872,QR261002B0111,,MOVE,PK,2026-10-02 19:56:30,YYYY-MM-DD HH:MM:SS,OP_001
SCAN_000873,QR261002B0111,,MOVE,SHP,2026-10-02 19:59:00,YYYY-MM-DD HH:MM:SS,OP_001
SCAN_000874,QR261002B0112,,RECEIVE,INB,2026-10-02 06:00:00,YYYY-MM-DD HH:MM:SS,OP_001
SCAN_000875,QR261002B0112,,MOVE,M1,2026-10-02 06:02:30,YYYY-MM-DD HH:MM:SS,OP_001
SCAN_000876,QR261002B0112,,MOVE,HT,2026-10-02 06:05:00,YYYY-MM-DD HH:MM:SS,OP_001
SCAN_000877,QR261002B0112,,MOVE,AS2,2026-10-02 06:15:30,YYYY-MM-DD HH:MM:SS,OP_001
SCAN_000878,QR261002B0112,,MOVE,T1,2026-10-02 06:18:00,YYYY-MM-DD HH:MM:SS,OP_001
SCAN_000879,QR261002B0112,,MOVE,PK,2026-10-02 06:20:30,YYYY-MM-DD HH:MM:SS,OP_001
SCAN_000880,QR261002B0112,,MOVE,SHP,2026-10-02 06:23:00,YYYY-MM-DD HH:MM:SS,OP_001
SCAN_000881,QR261002A0113,,RECEIVE,INB,2026-10-02 14:48:00,YYYY-MM-DD HH:MM:SS,OP_001
SCAN_000882,QR261002A0113,,MOVE,M1,2026-10-02 14:50:30,YYYY-MM-DD HH:MM:SS,OP_001
SCAN_000883,QR261002A0113,,MOVE,M2,2026-10-02 14:53:00,YYYY-MM-DD HH:MM:SS,OP_001
SCAN_000884,QR261002A0113,,MOVE,HT,2026-10-02 14:55:30,YYYY-MM-DD HH:MM:SS,OP_001
SCAN_000885,QR261002A0113,,MOVE,AS1,2026-10-02 15:06:00,YYYY-MM-DD HH:MM:SS,OP_001
SCAN_000886,QR261002A0113,,MOVE,T1,2026-10-02 15:08:30,YYYY-MM-DD HH:MM:SS,OP_001
SCAN_000887,QR261002A0113,,MOVE,PK,2026-10-02 15:11:00,YYYY-MM-DD HH:MM:SS,OP_001
SCAN_000888,QR261002A0113,,MOVE,SHP,2026-10-02 15:13:30,YYYY-MM-DD HH:MM:SS,OP_001
SCAN_000889,QR261002A0114,,RECEIVE,INB,2026-10-02 07:36:00,YYYY-MM-DD HH:MM:SS,OP_001
SCAN_000890,QR261002A0114,,MOVE,M1,2026-10-02 07:38:30,YYYY-MM-DD HH:MM:SS,OP_001
SCAN_000891,QR261002A0114,,MOVE,M2,2026-10-02 07:41:00,YYYY-MM-DD HH:MM:SS,OP_001
SCAN_000892,QR261002A0114,,MOVE,HT,2026-10-02 07:43:30,YYYY-MM-DD HH:MM:SS,OP_001
SCAN_000893,QR261002A0114,,MOVE,AS1,2026-10-02 07:54:00,YYYY-MM-DD HH:MM:SS,OP_001
SCAN_000895,QR261002A0114,,MOVE,PK,2026-10-02 07:59:00,YYYY-MM-DD HH:MM:SS,OP_001
SCAN_000896,QR261002A0114,,MOVE,SHP,2026-10-02 08:01:30,YYYY-MM-DD HH:MM:SS,OP_001
SCAN_000897,QR261002B0115,,RECEIVE,INB,2026-10-02 16:24:00,YYYY-MM-DD HH:MM:SS,OP_001
SCAN_000898,QR261002B0115,,MOVE,M1,2026-10-02 16:26:30,YYYY-MM-DD HH:MM:SS,OP_001
SCAN_000899,QR261002B0115,,MOVE,HT,2026-10-02 16:29:00,YYYY-MM-DD HH:MM:SS,OP_001
SCAN_000900,QR261002B0115,,MOVE,AS2,2026-10-02 16:39:30,YYYY-MM-DD HH:MM:SS,OP_001
SCAN_000901,QR261002B0115,,MOVE,T1,2026-10-02 16:42:00,YYYY-MM-DD HH:MM:SS,OP_001
SCAN_000902,QR261002B0115,,MOVE,PK,2026-10-02 16:44:30,YYYY-MM-DD HH:MM:SS,OP_001
SCAN_000903,QR261002B0115,,MOVE,SHP,2026-10-02 16:47:00,YYYY-MM-DD HH:MM:SS,OP_001
SCAN_000904,QR261002B0116,,RECEIVE,INB,2026-10-02 09:12:00,YYYY-MM-DD HH:MM:SS,OP_001
SCAN_000905,QR261002B0116,,MOVE,M1,2026-10-02 09:14:30,YYYY-MM-DD HH:MM:SS,OP_001
SCAN_000906,QR261002B0116,,MOVE,HT,2026-10-02 09:17:00,YYYY-MM-DD HH:MM:SS,OP_001
SCAN_000907,QR261002B0116,,MOVE,AS2,2026-10-02 09:27:30,YYYY-MM-DD HH:MM:SS,OP_001
SCAN_000908,QR261002B0116,,MOVE,T1,2026-10-02 09:30:00,YYYY-MM-DD HH:MM:SS,OP_001
SCAN_000909,QR261002B0116,,MOVE,PK,2026-10-02 09:32:30,YYYY-MM-DD HH:MM:SS,OP_001
SCAN_000910,QR261002B0116,,MOVE,SHP,2026-10-02 09:35:00,YYYY-MM-DD HH:MM:SS,OP_001
SCAN_000911,QR261002A0406,,RECEIVE,INB,2026-10-02 10:00:00,YYYY-MM-DD HH:MM:SS,OP_001
SCAN_000912,QR261002A0406,,MOVE,M1,2026-10-02 10:02:30,YYYY-MM-DD HH:MM:SS,OP_001
SCAN_000913,QR261002A0406,,MOVE,M2,2026-10-02 10:05:00,YYYY-MM-DD HH:MM:SS,OP_001
SCAN_000914,QR261002A0406,,MOVE,HT,2026-10-02 10:07:30,YYYY-MM-DD HH:MM:SS,OP_001
SCAN_000915,QR261002A0406,,MOVE,AS1,2026-10-02 10:18:00,YYYY-MM-DD HH:MM:SS,OP_001
SCAN_000916,QR261002A0406,,MOVE,T1,2026-10-02 10:20:30,YYYY-MM-DD HH:MM:SS,OP_001
SCAN_000917,QR261002A0406,,MOVE,PK,2026-10-02 10:23:00,YYYY-MM-DD HH:MM:SS,OP_001
SCAN_000918,QR261002A0406,,MOVE,SHP,2026-10-02 10:25:30,YYYY-MM-DD HH:MM:SS,OP_001
SCAN_000919,QR261002A0407,,RECEIVE,INB,2026-10-02 10:05:00,YYYY-MM-DD HH:MM:SS,OP_001
SCAN_000920,QR261002A0407,,MOVE,M1,2026-10-02 10:07:30,YYYY-MM-DD HH:MM:SS,OP_001
SCAN_000921,QR261002A0407,,MOVE,M2,2026-10-02 10:10:00,YYYY-MM-DD HH:MM:SS,OP_001
SCAN_000922,QR261002A0407,,MOVE,HT,2026-10-02 10:12:30,YYYY-MM-DD HH:MM:SS,OP_001
SCAN_000923,QR261002A0407,,MOVE,AS1,2026-10-02 10:23:00,YYYY-MM-DD HH:MM:SS,OP_001
SCAN_000924,QR261002A0407,,MOVE,T1,2026-10-02 10:25:30,YYYY-MM-DD HH:MM:SS,OP_001
SCAN_000925,QR261002A0407,,MOVE,PK,2026-10-02 10:28:00,YYYY-MM-DD HH:MM:SS,OP_001
SCAN_000926,QR261002A0407,,MOVE,SHP,2026-10-02 10:30:30,YYYY-MM-DD HH:MM:SS,OP_001
SCAN_000927,QR261002A0408,,RECEIVE,INB,2026-10-02 10:10:00,YYYY-MM-DD HH:MM:SS,OP_001
SCAN_000928,QR261002A0408,,MOVE,M1,2026-10-02 10:12:30,YYYY-MM-DD HH:MM:SS,OP_001
SCAN_000929,QR261002A0408,,MOVE,M2,2026-10-02 10:15:00,YYYY-MM-DD HH:MM:SS,OP_001
SCAN_000930,QR261002A0408,,MOVE,HT,2026-10-02 10:17:30,YYYY-MM-DD HH:MM:SS,OP_001
SCAN_000931,QR261002A0408,,MOVE,AS1,2026-10-02 10:28:00,YYYY-MM-DD HH:MM:SS,OP_001
SCAN_000932,QR261002A0408,,MOVE,T1,2026-10-02 10:30:30,YYYY-MM-DD HH:MM:SS,OP_001
SCAN_000933,QR261002A0408,,MOVE,PK,2026-10-02 10:33:00,YYYY-MM-DD HH:MM:SS,OP_001
SCAN_000934,QR261002A0408,,MOVE,SHP,2026-10-02 10:35:30,YYYY-MM-DD HH:MM:SS,OP_001
SCAN_000935,QR261002A0409,,RECEIVE,INB,2026-10-02 10:15:00,YYYY-MM-DD HH:MM:SS,OP_001
SCAN_000936,QR261002A0409,,MOVE,M1,2026-10-02 10:17:30,YYYY-MM-DD HH:MM:SS,OP_001
SCAN_000937,QR261002A0409,,MOVE,M2,2026-10-02 10:20:00,YYYY-MM-DD HH:MM:SS,OP_001
SCAN_000938,QR261002A0409,,MOVE,HT,2026-10-02 10:22:30,YYYY-MM-DD HH:MM:SS,OP_001
SCAN_000939,QR261002A0409,,MOVE,AS1,2026-10-02 10:33:00,YYYY-MM-DD HH:MM:SS,OP_001
SCAN_000940,QR261002A0409,,MOVE,T1,2026-10-02 10:35:30,YYYY-MM-DD HH:MM:SS,OP_001
SCAN_000941,QR261002A0409,,MOVE,PK,2026-10-02 10:38:00,YYYY-MM-DD HH:MM:SS,OP_001
SCAN_000942,QR261002A0409,,MOVE,SHP,2026-10-02 10:40:30,YYYY-MM-DD HH:MM:SS,OP_001
SCAN_000943,QR261002A0410,,RECEIVE,INB,2026-10-02 10:20:00,YYYY-MM-DD HH:MM:SS,OP_001
SCAN_000944,QR261002A0410,,MOVE,M1,2026-10-02 10:22:30,YYYY-MM-DD HH:MM:SS,OP_001
SCAN_000945,QR261002A0410,,MOVE,M2,2026-10-02 10:25:00,YYYY-MM-DD HH:MM:SS,OP_001
SCAN_000946,QR261002A0410,,MOVE,HT,2026-10-02 10:27:30,YYYY-MM-DD HH:MM:SS,OP_001
SCAN_000947,QR261002A0410,,MOVE,AS1,2026-10-02 10:38:00,YYYY-MM-DD HH:MM:SS,OP_001
SCAN_000948,QR261002A0410,,MOVE,T1,2026-10-02 10:40:30,YYYY-MM-DD HH:MM:SS,OP_001
SCAN_000949,QR261002A0410,,MOVE,PK,2026-10-02 10:43:00,YYYY-MM-DD HH:MM:SS,OP_001
SCAN_000950,QR261002A0410,,MOVE,SHP,2026-10-02 10:45:30,YYYY-MM-DD HH:MM:SS,OP_001
SCAN_000951,QR261003A0117,,RECEIVE,INB,2026-10-03 06:00:00,YYYY-MM-DD HH:MM:SS,OP_001
SCAN_000952,QR261003A0117,,MOVE,M1,2026-10-03 06:02:30,YYYY-MM-DD HH:MM:SS,OP_001
SCAN_000953,QR261003A0117,,MOVE,M2,2026-10-03 06:05:00,YYYY-MM-DD HH:MM:SS,OP_001
SCAN_000954,QR261003A0117,,MOVE,HT,2026-10-03 06:07:30,YYYY-MM-DD HH:MM:SS,OP_001
SCAN_000955,QR261003A0117,,MOVE,AS1,2026-10-03 06:18:00,YYYY-MM-DD HH:MM:SS,OP_001
SCAN_000956,QR261003A0117,,MOVE,T1,2026-10-03 06:20:30,YYYY-MM-DD HH:MM:SS,OP_001
SCAN_000957,QR261003A0117,,MOVE,PK,2026-10-03 06:23:00,YYYY-MM-DD HH:MM:SS,OP_001
SCAN_000958,QR261003A0117,,MOVE,SHP,2026-10-03 06:25:30,YYYY-MM-DD HH:MM:SS,OP_001
SCAN_000959,QR261003A0118,,RECEIVE,INB,2026-10-03 14:48:00,YYYY-MM-DD HH:MM:SS,OP_001
SCAN_000960,QR261003A0118,,MOVE,M1,2026-10-03 14:50:30,YYYY-MM-DD HH:MM:SS,OP_001
SCAN_000961,QR261003A0118,,MOVE,M2,2026-10-03 14:53:00,YYYY-MM-DD HH:MM:SS,OP_001
SCAN_000962,QR261003A0118,,MOVE,HT,2026-10-03 14:55:30,YYYY-MM-DD HH:MM:SS,OP_001
SCAN_000963,QR261003A0118,,MOVE,AS1,2026-10-03 15:06:00,YYYY-MM-DD HH:MM:SS,OP_001
SCAN_000964,QR261003A0118,,MOVE,T1,2026-10-03 15:08:30,YYYY-MM-DD HH:MM:SS,OP_001
SCAN_000965,QR261003A0118,,MOVE,PK,2026-10-03 15:11:00,YYYY-MM-DD HH:MM:SS,OP_001
SCAN_000966,QR261003A0118,,MOVE,SHP,2026-10-03 15:13:30,YYYY-MM-DD HH:MM:SS,OP_001
SCAN_000967,QR261003B0119,,RECEIVE,INB,2026-10-03 07:36:00,YYYY-MM-DD HH:MM:SS,OP_001
SCAN_000968,QR261003B0119,,MOVE,M1,2026-10-03 07:38:30,YYYY-MM-DD HH:MM:SS,OP_001
SCAN_000969,QR261003B0119,,MOVE,HT,2026-10-03 07:41:00,YYYY-MM-DD HH:MM:SS,OP_001
SCAN_000970,QR261003B0119,,MOVE,AS2,2026-10-03 07:51:30,YYYY-MM-DD HH:MM:SS,OP_001
SCAN_000971,QR261003B0119,,MOVE,T1,2026-10-03 07:54:00,YYYY-MM-DD HH:MM:SS,OP_001
SCAN_000972,QR261003B0119,,MOVE,PK,2026-10-03 07:56:30,YYYY-MM-DD HH:MM:SS,OP_001
SCAN_000973,QR261003B0119,,MOVE,SHP,2026-10-03 07:59:00,YYYY-MM-DD HH:MM:SS,OP_001
SCAN_000974,QR261003B0120,,RECEIVE,INB,2026-10-03 16:24:00,YYYY-MM-DD HH:MM:SS,OP_001
SCAN_000975,QR261003B0120,,MOVE,M1,2026-10-03 16:26:30,YYYY-MM-DD HH:MM:SS,OP_001
SCAN_000976,QR261003B0120,,MOVE,HT,2026-10-03 16:29:00,YYYY-MM-DD HH:MM:SS,OP_001
SCAN_000977,QR261003B0120,,MOVE,AS2,2026-10-03 16:39:30,YYYY-MM-DD HH:MM:SS,OP_001
SCAN_000978,QR261003B0120,,MOVE,T1,2026-10-03 16:42:00,YYYY-MM-DD HH:MM:SS,OP_001
SCAN_000979,QR261003B0120,,MOVE,PK,2026-10-03 16:44:30,YYYY-MM-DD HH:MM:SS,OP_001
SCAN_000980,QR261003B0120,,MOVE,SHP,2026-10-03 16:47:00,YYYY-MM-DD HH:MM:SS,OP_001
SCAN_000981,QR261003A0121,,RECEIVE,INB,2026-10-03 09:12:00,YYYY-MM-DD HH:MM:SS,OP_001
SCAN_000982,QR261003A0121,,MOVE,M1,2026-10-03 09:14:30,YYYY-MM-DD HH:MM:SS,OP_001
SCAN_000983,QR261003A0121,,MOVE,M2,2026-10-03 09:17:00,YYYY-MM-DD HH:MM:SS,OP_001
SCAN_000984,QR261003A0121,,MOVE,HT,2026-10-03 09:19:30,YYYY-MM-DD HH:MM:SS,OP_001
SCAN_000985,QR261003A0121,,MOVE,AS1,2026-10-03 09:30:00,YYYY-MM-DD HH:MM:SS,OP_001
SCAN_000986,QR261003A0121,,MOVE,T1,2026-10-03 09:32:30,YYYY-MM-DD HH:MM:SS,OP_001
SCAN_000987,QR261003A0121,,MOVE,PK,2026-10-03 09:35:00,YYYY-MM-DD HH:MM:SS,OP_001
SCAN_000988,QR261003A0121,,MOVE,SHP,2026-10-03 09:37:30,YYYY-MM-DD HH:MM:SS,OP_001
SCAN_000989,QR261003A0122,,RECEIVE,INB,2026-10-03 18:00:00,YYYY-MM-DD HH:MM:SS,OP_001
SCAN_000990,QR261003A0122,,MOVE,M1,2026-10-03 18:02:30,YYYY-MM-DD HH:MM:SS,OP_001
SCAN_000991,QR261003A0122,,MOVE,M2,2026-10-03 18:05:00,YYYY-MM-DD HH:MM:SS,OP_001
SCAN_000992,QR261003A0122,,MOVE,HT,2026-10-03 18:07:30,YYYY-MM-DD HH:MM:SS,OP_001
SCAN_000993,QR261003A0122,,MOVE,AS1,2026-10-03 18:18:00,YYYY-MM-DD HH:MM:SS,OP_001
SCAN_000994,QR261003A0122,,MOVE,T1,2026-10-03 18:20:30,YYYY-MM-DD HH:MM:SS,OP_001
SCAN_000995,QR261003A0122,,MOVE,PK,2026-10-03 18:23:00,YYYY-MM-DD HH:MM:SS,OP_001
SCAN_000996,QR261003A0122,,MOVE,SHP,2026-10-03 18:25:30,YYYY-MM-DD HH:MM:SS,OP_001
SCAN_000997,QR261003B0123,,RECEIVE,INB,2026-10-03 10:48:00,YYYY-MM-DD HH:MM:SS,OP_001
SCAN_000998,QR261003B0123,,MOVE,M1,2026-10-03 10:50:30,YYYY-MM-DD HH:MM:SS,OP_001
SCAN_000999,QR261003B0123,,MOVE,HT,2026-10-03 10:53:00,YYYY-MM-DD HH:MM:SS,OP_001
SCAN_001000,QR261003B0123,,MOVE,AS2,2026-10-03 11:03:30,YYYY-MM-DD HH:MM:SS,OP_001
SCAN_001001,QR261003B0123,,MOVE,T1,2026-10-03 11:06:00,YYYY-MM-DD HH:MM:SS,OP_001
SCAN_001002,QR261003B0123,,MOVE,PK,2026-10-03 11:08:30,YYYY-MM-DD HH:MM:SS,OP_001
SCAN_001003,QR261003B0123,,MOVE,SHP,2026-10-03 11:11:00,YYYY-MM-DD HH:MM:SS,OP_001
SCAN_001004,QR261003B0124,,RECEIVE,INB,2026-10-03 19:36:00,YYYY-MM-DD HH:MM:SS,OP_001
SCAN_001005,QR261003B0124,,MOVE,M1,2026-10-03 19:38:30,YYYY-MM-DD HH:MM:SS,OP_001
SCAN_001006,QR261003B0124,,MOVE,HT,2026-10-03 19:41:00,YYYY-MM-DD HH:MM:SS,OP_001
SCAN_001007,QR261003B0124,,MOVE,AS2,2026-10-03 19:51:30,YYYY-MM-DD HH:MM:SS,OP_001
SCAN_001008,QR261003B0124,,MOVE,T1,2026-10-03 19:54:00,YYYY-MM-DD HH:MM:SS,OP_001
SCAN_001009,QR261003B0124,,MOVE,PK,2026-10-03 19:56:30,YYYY-MM-DD HH:MM:SS,OP_001
SCAN_001010,QR261003B0124,,MOVE,SHP,2026-10-03 19:59:00,YYYY-MM-DD HH:MM:SS,OP_001
SCAN_001011,QR261003A0125,,RECEIVE,INB,2026-10-03 06:00:00,YYYY-MM-DD HH:MM:SS,OP_001
SCAN_001012,QR261003A0125,,MOVE,M1,2026-10-03 06:02:30,YYYY-MM-DD HH:MM:SS,OP_001
SCAN_001013,QR261003A0125,,MOVE,M2,2026-10-03 06:05:00,YYYY-MM-DD HH:MM:SS,OP_001
SCAN_001014,QR261003A0125,,MOVE,HT,2026-10-03 06:07:30,YYYY-MM-DD HH:MM:SS,OP_001
SCAN_001015,QR261003A0125,,MOVE,AS1,2026-10-03 06:18:00,YYYY-MM-DD HH:MM:SS,OP_001
SCAN_001016,QR261003A0125,,MOVE,T1,2026-10-03 06:20:30,YYYY-MM-DD HH:MM:SS,OP_001
SCAN_001017,QR261003A0125,,MOVE,PK,2026-10-03 06:23:00,YYYY-MM-DD HH:MM:SS,OP_001
SCAN_001018,QR261003A0125,,MOVE,SHP,2026-10-03 06:25:30,YYYY-MM-DD HH:MM:SS,OP_001
SCAN_001019,QR261003A0126,,RECEIVE,INB,2026-10-03 14:48:00,YYYY-MM-DD HH:MM:SS,OP_001
SCAN_001020,QR261003A0126,,MOVE,M1,2026-10-03 14:50:30,YYYY-MM-DD HH:MM:SS,OP_001
SCAN_001021,QR261003A0126,,MOVE,M2,2026-10-03 14:53:00,YYYY-MM-DD HH:MM:SS,OP_001
SCAN_001022,QR261003A0126,,MOVE,HT,2026-10-03 14:55:30,YYYY-MM-DD HH:MM:SS,OP_001
SCAN_001023,QR261003A0126,,MOVE,AS1,2026-10-03 15:06:00,YYYY-MM-DD HH:MM:SS,OP_001
SCAN_001024,QR261003A0126,,MOVE,T1,2026-10-03 15:08:30,YYYY-MM-DD HH:MM:SS,OP_001
SCAN_001025,QR261003A0126,,MOVE,PK,2026-10-03 15:11:00,YYYY-MM-DD HH:MM:SS,OP_001
SCAN_001026,QR261003A0126,,MOVE,SHP,2026-10-03 15:13:30,YYYY-MM-DD HH:MM:SS,OP_001
SCAN_001027,QR261003B0127,,RECEIVE,INB,2026-10-03 07:36:00,YYYY-MM-DD HH:MM:SS,OP_001
SCAN_001028,QR261003B0127,,MOVE,M1,2026-10-03 07:38:30,YYYY-MM-DD HH:MM:SS,OP_001
SCAN_001029,QR261003B0127,,MOVE,HT,2026-10-03 07:41:00,YYYY-MM-DD HH:MM:SS,OP_001
SCAN_001030,QR261003B0127,,MOVE,AS2,2026-10-03 07:51:30,YYYY-MM-DD HH:MM:SS,OP_001
SCAN_001031,QR261003B0127,,MOVE,T1,2026-10-03 07:54:00,YYYY-MM-DD HH:MM:SS,OP_001
SCAN_001032,QR261003B0127,,MOVE,PK,2026-10-03 07:56:30,YYYY-MM-DD HH:MM:SS,OP_001
SCAN_001033,QR261003B0127,,MOVE,SHP,2026-10-03 07:59:00,YYYY-MM-DD HH:MM:SS,OP_001
SCAN_001034,QR261003B0128,,RECEIVE,INB,2026-10-03 16:24:00,YYYY-MM-DD HH:MM:SS,OP_001
SCAN_001035,QR261003B0128,,MOVE,M1,2026-10-03 16:26:30,YYYY-MM-DD HH:MM:SS,OP_001
SCAN_001036,QR261003B0128,,MOVE,HT,2026-10-03 16:29:00,YYYY-MM-DD HH:MM:SS,OP_001
SCAN_001037,QR261003B0128,,MOVE,AS2,2026-10-03 16:39:30,YYYY-MM-DD HH:MM:SS,OP_001
SCAN_001038,QR261003B0128,,MOVE,T1,2026-10-03 16:42:00,YYYY-MM-DD HH:MM:SS,OP_001
SCAN_001039,QR261003B0128,,MOVE,PK,2026-10-03 16:44:30,YYYY-MM-DD HH:MM:SS,OP_001
SCAN_001040,QR261003B0128,,MOVE,SHP,2026-10-03 16:47:00,YYYY-MM-DD HH:MM:SS,OP_001
SCAN_001041,QR261003A0129,,RECEIVE,INB,2026-10-03 09:12:00,YYYY-MM-DD HH:MM:SS,OP_001
SCAN_001042,QR261003A0129,,MOVE,M1,2026-10-03 09:14:30,YYYY-MM-DD HH:MM:SS,OP_001
SCAN_001043,QR261003A0129,,MOVE,M2,2026-10-03 09:17:00,YYYY-MM-DD HH:MM:SS,OP_001
SCAN_001044,QR261003A0129,,MOVE,HT,2026-10-03 09:19:30,YYYY-MM-DD HH:MM:SS,OP_001
SCAN_001045,QR261003A0129,,MOVE,AS1,2026-10-03 09:30:00,YYYY-MM-DD HH:MM:SS,OP_001
SCAN_001046,QR261003A0129,,MOVE,T1,2026-10-03 09:32:30,YYYY-MM-DD HH:MM:SS,OP_001
SCAN_001047,QR261003A0129,,MOVE,PK,2026-10-03 09:35:00,YYYY-MM-DD HH:MM:SS,OP_001
SCAN_001048,QR261003A0129,,MOVE,SHP,2026-10-03 09:37:30,YYYY-MM-DD HH:MM:SS,OP_001
SCAN_001049,QR261003A0130,,RECEIVE,INB,2026-10-03 18:00:00,YYYY-MM-DD HH:MM:SS,OP_001
SCAN_001050,QR261003A0130,,MOVE,M1,2026-10-03 18:02:30,YYYY-MM-DD HH:MM:SS,OP_001
SCAN_001051,QR261003A0130,,MOVE,M2,2026-10-03 18:05:00,YYYY-MM-DD HH:MM:SS,OP_001
SCAN_001053,QR261003A0130,,MOVE,AS1,2026-10-03 18:18:00,YYYY-MM-DD HH:MM:SS,OP_001
SCAN_001054,QR261003A0130,,MOVE,T1,2026-10-03 18:20:30,YYYY-MM-DD HH:MM:SS,OP_001
SCAN_001055,QR261003A0130,,MOVE,PK,2026-10-03 18:23:00,YYYY-MM-DD HH:MM:SS,OP_001
SCAN_001056,QR261003A0130,,MOVE,SHP,2026-10-03 18:25:30,YYYY-MM-DD HH:MM:SS,OP_001
SCAN_001057,QR261003B0131,,RECEIVE,INB,2026-10-03 10:48:00,YYYY-MM-DD HH:MM:SS,OP_001
SCAN_001058,QR261003B0131,,MOVE,M1,2026-10-03 10:50:30,YYYY-MM-DD HH:MM:SS,OP_001
SCAN_001059,QR261003B0131,,MOVE,HT,2026-10-03 10:53:00,YYYY-MM-DD HH:MM:SS,OP_001
SCAN_001061,QR261003B0131,,MOVE,T1,2026-10-03 11:06:00,YYYY-MM-DD HH:MM:SS,OP_001
SCAN_001062,QR261003B0131,,MOVE,PK,2026-10-03 11:08:30,YYYY-MM-DD HH:MM:SS,OP_001
SCAN_001063,QR261003B0131,,MOVE,SHP,2026-10-03 11:11:00,YYYY-MM-DD HH:MM:SS,OP_001
SCAN_001064,QR261003B0132,,RECEIVE,INB,2026-10-03 19:36:00,YYYY-MM-DD HH:MM:SS,OP_001
SCAN_001065,QR261003B0132,,MOVE,M1,2026-10-03 19:38:30,YYYY-MM-DD HH:MM:SS,OP_001
SCAN_001066,QR261003B0132,,MOVE,HT,2026-10-03 19:41:00,YYYY-MM-DD HH:MM:SS,OP_001
SCAN_001067,QR261003B0132,,MOVE,AS2,2026-10-03 19:51:30,YYYY-MM-DD HH:MM:SS,OP_001
SCAN_001068,QR261003B0132,,MOVE,T1,2026-10-03 19:54:00,YYYY-MM-DD HH:MM:SS,OP_001
SCAN_001069,QR261003B0132,,MOVE,PK,2026-10-03 19:56:30,YYYY-MM-DD HH:MM:SS,OP_001
SCAN_001070,QR261003B0132,,MOVE,SHP,2026-10-03 19:59:00,YYYY-MM-DD HH:MM:SS,OP_001
SCAN_001071,QR261003A0133,,RECEIVE,INB,2026-10-03 06:00:00,YYYY-MM-DD HH:MM:SS,OP_001
SCAN_001072,QR261003A0133,,MOVE,M1,2026-10-03 06:02:30,YYYY-MM-DD HH:MM:SS,OP_001
SCAN_001073,QR261003A0133,,MOVE,M2,2026-10-03 06:05:00,YYYY-MM-DD HH:MM:SS,OP_001
SCAN_001074,QR261003A0133,,MOVE,HT,2026-10-03 06:07:30,YYYY-MM-DD HH:MM:SS,OP_001
SCAN_001075,QR261003A0133,,MOVE,AS1,2026-10-03 06:18:00,YYYY-MM-DD HH:MM:SS,OP_001
SCAN_001077,QR261003A0133,,MOVE,PK,2026-10-03 06:23:00,YYYY-MM-DD HH:MM:SS,OP_001
SCAN_001078,QR261003A0133,,MOVE,SHP,2026-10-03 06:25:30,YYYY-MM-DD HH:MM:SS,OP_001
SCAN_001079,QR261003A0134,,RECEIVE,INB,2026-10-03 14:48:00,YYYY-MM-DD HH:MM:SS,OP_001
SCAN_001080,QR261003A0134,,MOVE,M1,2026-10-03 14:50:30,YYYY-MM-DD HH:MM:SS,OP_001
SCAN_001081,QR261003A0134,,MOVE,M2,2026-10-03 14:53:00,YYYY-MM-DD HH:MM:SS,OP_001
SCAN_001083,QR261003A0134,,MOVE,AS1,2026-10-03 15:06:00,YYYY-MM-DD HH:MM:SS,OP_001
SCAN_001084,QR261003A0134,,MOVE,T1,2026-10-03 15:08:30,YYYY-MM-DD HH:MM:SS,OP_001
SCAN_001085,QR261003A0134,,MOVE,PK,2026-10-03 15:11:00,YYYY-MM-DD HH:MM:SS,OP_001
SCAN_001086,QR261003A0134,,MOVE,SHP,2026-10-03 15:13:30,YYYY-MM-DD HH:MM:SS,OP_001
SCAN_001087,QR261003B0135,,RECEIVE,INB,2026-10-03 07:36:00,YYYY-MM-DD HH:MM:SS,OP_001
SCAN_001088,QR261003B0135,,MOVE,M1,2026-10-03 07:38:30,YYYY-MM-DD HH:MM:SS,OP_001
SCAN_001089,QR261003B0135,,MOVE,HT,2026-10-03 07:41:00,YYYY-MM-DD HH:MM:SS,OP_001
SCAN_001090,QR261003B0135,,MOVE,AS2,2026-10-03 07:51:30,YYYY-MM-DD HH:MM:SS,OP_001
SCAN_001092,QR261003B0135,,MOVE,PK,2026-10-03 07:56:30,YYYY-MM-DD HH:MM:SS,OP_001
SCAN_001093,QR261003B0135,,MOVE,SHP,2026-10-03 07:59:00,YYYY-MM-DD HH:MM:SS,OP_001
SCAN_001094,QR261003B0136,,RECEIVE,INB,2026-10-03 16:24:00,YYYY-MM-DD HH:MM:SS,OP_001
SCAN_001095,QR261003B0136,,MOVE,M1,2026-10-03 16:26:30,YYYY-MM-DD HH:MM:SS,OP_001
SCAN_001096,QR261003B0136,,MOVE,HT,2026-10-03 16:29:00,YYYY-MM-DD HH:MM:SS,OP_001
SCAN_001097,QR261003B0136,,MOVE,AS2,2026-10-03 16:39:30,YYYY-MM-DD HH:MM:SS,OP_001
SCAN_001098,QR261003B0136,,MOVE,T1,2026-10-03 16:42:00,YYYY-MM-DD HH:MM:SS,OP_001
SCAN_001099,QR261003B0136,,MOVE,PK,2026-10-03 16:44:30,YYYY-MM-DD HH:MM:SS,OP_001
SCAN_001100,QR261003B0136,,MOVE,SHP,2026-10-03 16:47:00,YYYY-MM-DD HH:MM:SS,OP_001
SCAN_001101,QR261003A0137,,RECEIVE,INB,2026-10-03 09:12:00,YYYY-MM-DD HH:MM:SS,OP_001
SCAN_001102,QR261003A0137,,MOVE,M1,2026-10-03 09:14:30,YYYY-MM-DD HH:MM:SS,OP_001
SCAN_001103,QR261003A0137,,MOVE,M2,2026-10-03 09:17:00,YYYY-MM-DD HH:MM:SS,OP_001
SCAN_001104,QR261003A0137,,MOVE,HT,2026-10-03 09:19:30,YYYY-MM-DD HH:MM:SS,OP_001
SCAN_001105,QR261003A0137,,MOVE,AS1,2026-10-03 09:30:00,YYYY-MM-DD HH:MM:SS,OP_001
SCAN_001106,QR261003A0137,,MOVE,T1,2026-10-03 09:32:30,YYYY-MM-DD HH:MM:SS,OP_001
SCAN_001107,QR261003A0137,,MOVE,PK,2026-10-03 09:35:00,YYYY-MM-DD HH:MM:SS,OP_001
SCAN_001108,QR261003A0137,,MOVE,SHP,2026-10-03 09:37:30,YYYY-MM-DD HH:MM:SS,OP_001
SCAN_001109,QR261003A0138,,RECEIVE,INB,2026-10-03 18:00:00,YYYY-MM-DD HH:MM:SS,OP_001
SCAN_001110,QR261003A0138,,MOVE,M1,2026-10-03 18:02:30,YYYY-MM-DD HH:MM:SS,OP_001
SCAN_001111,QR261003A0138,,MOVE,M2,2026-10-03 18:05:00,YYYY-MM-DD HH:MM:SS,OP_001
SCAN_001112,QR261003A0138,,MOVE,HT,2026-10-03 18:07:30,YYYY-MM-DD HH:MM:SS,OP_001
SCAN_001113,QR261003A0138,,MOVE,AS1,2026-10-03 18:18:00,YYYY-MM-DD HH:MM:SS,OP_001
SCAN_001114,QR261003A0138,,MOVE,T1,2026-10-03 18:20:30,YYYY-MM-DD HH:MM:SS,OP_001
SCAN_001115,QR261003A0138,,MOVE,PK,2026-10-03 18:23:00,YYYY-MM-DD HH:MM:SS,OP_001
SCAN_001116,QR261003A0138,,MOVE,SHP,2026-10-03 18:25:30,YYYY-MM-DD HH:MM:SS,OP_001
SCAN_001117,QR261003B0139,,RECEIVE,INB,2026-10-03 10:48:00,YYYY-MM-DD HH:MM:SS,OP_001
SCAN_001118,QR261003B0139,,MOVE,M1,2026-10-03 10:50:30,YYYY-MM-DD HH:MM:SS,OP_001
SCAN_001119,QR261003B0139,,MOVE,HT,2026-10-03 10:53:00,YYYY-MM-DD HH:MM:SS,OP_001
SCAN_001121,QR261003B0139,,MOVE,T1,2026-10-03 11:06:00,YYYY-MM-DD HH:MM:SS,OP_001
SCAN_001122,QR261003B0139,,MOVE,PK,2026-10-03 11:08:30,YYYY-MM-DD HH:MM:SS,OP_001
SCAN_001123,QR261003B0139,,MOVE,SHP,2026-10-03 11:11:00,YYYY-MM-DD HH:MM:SS,OP_001
SCAN_001124,QR261003B0140,,RECEIVE,INB,2026-10-03 19:36:00,YYYY-MM-DD HH:MM:SS,OP_001
SCAN_001125,QR261003B0140,,MOVE,M1,2026-10-03 19:38:30,YYYY-MM-DD HH:MM:SS,OP_001
SCAN_001126,QR261003B0140,,MOVE,HT,2026-10-03 19:41:00,YYYY-MM-DD HH:MM:SS,OP_001
SCAN_001127,QR261003B0140,,MOVE,AS2,2026-10-03 19:51:30,YYYY-MM-DD HH:MM:SS,OP_001
SCAN_001128,QR261003B0140,,MOVE,T1,2026-10-03 19:54:00,YYYY-MM-DD HH:MM:SS,OP_001
SCAN_001129,QR261003B0140,,MOVE,PK,2026-10-03 19:56:30,YYYY-MM-DD HH:MM:SS,OP_001
SCAN_001130,QR261003B0140,,MOVE,SHP,2026-10-03 19:59:00,YYYY-MM-DD HH:MM:SS,OP_001
SCAN_001131,QR261003A0141,,RECEIVE,INB,2026-10-03 06:00:00,YYYY-MM-DD HH:MM:SS,OP_001
SCAN_001132,QR261003A0141,,MOVE,M1,2026-10-03 06:02:30,YYYY-MM-DD HH:MM:SS,OP_001
SCAN_001133,QR261003A0141,,MOVE,M2,2026-10-03 06:05:00,YYYY-MM-DD HH:MM:SS,OP_001
SCAN_001134,QR261003A0141,,MOVE,HT,2026-10-03 06:07:30,YYYY-MM-DD HH:MM:SS,OP_001
SCAN_001135,QR261003A0141,,MOVE,AS1,2026-10-03 06:18:00,YYYY-MM-DD HH:MM:SS,OP_001
SCAN_001136,QR261003A0141,,MOVE,T1,2026-10-03 06:20:30,YYYY-MM-DD HH:MM:SS,OP_001
SCAN_001137,QR261003A0141,,MOVE,PK,2026-10-03 06:23:00,YYYY-MM-DD HH:MM:SS,OP_001
SCAN_001138,QR261003A0141,,MOVE,SHP,2026-10-03 06:25:30,YYYY-MM-DD HH:MM:SS,OP_001
SCAN_001139,QR261003A0142,,RECEIVE,INB,2026-10-03 14:48:00,YYYY-MM-DD HH:MM:SS,OP_001
SCAN_001140,QR261003A0142,,MOVE,M1,2026-10-03 14:50:30,YYYY-MM-DD HH:MM:SS,OP_001
SCAN_001141,QR261003A0142,,MOVE,M2,2026-10-03 14:53:00,YYYY-MM-DD HH:MM:SS,OP_001
SCAN_001142,QR261003A0142,,MOVE,HT,2026-10-03 14:55:30,YYYY-MM-DD HH:MM:SS,OP_001
SCAN_001143,QR261003A0142,,MOVE,AS1,2026-10-03 15:06:00,YYYY-MM-DD HH:MM:SS,OP_001
SCAN_001144,QR261003A0142,,MOVE,T1,2026-10-03 15:08:30,YYYY-MM-DD HH:MM:SS,OP_001
SCAN_001145,QR261003A0142,,MOVE,PK,2026-10-03 15:11:00,YYYY-MM-DD HH:MM:SS,OP_001
SCAN_001146,QR261003A0142,,MOVE,SHP,2026-10-03 15:13:30,YYYY-MM-DD HH:MM:SS,OP_001
SCAN_001147,QR261003B0143,,RECEIVE,INB,2026-10-03 07:36:00,YYYY-MM-DD HH:MM:SS,OP_001
SCAN_001148,QR261003B0143,,MOVE,M1,2026-10-03 07:38:30,YYYY-MM-DD HH:MM:SS,OP_001
SCAN_001149,QR261003B0143,,MOVE,HT,2026-10-03 07:41:00,YYYY-MM-DD HH:MM:SS,OP_001
SCAN_001150,QR261003B0143,,MOVE,AS2,2026-10-03 07:51:30,YYYY-MM-DD HH:MM:SS,OP_001
SCAN_001151,QR261003B0143,,MOVE,T1,2026-10-03 07:54:00,YYYY-MM-DD HH:MM:SS,OP_001
SCAN_001152,QR261003B0143,,MOVE,PK,2026-10-03 07:56:30,YYYY-MM-DD HH:MM:SS,OP_001
SCAN_001153,QR261003B0143,,MOVE,SHP,2026-10-03 07:59:00,YYYY-MM-DD HH:MM:SS,OP_001
SCAN_001154,QR261003B0144,,RECEIVE,INB,2026-10-03 16:24:00,YYYY-MM-DD HH:MM:SS,OP_001
SCAN_001155,QR261003B0144,,MOVE,M1,2026-10-03 16:26:30,YYYY-MM-DD HH:MM:SS,OP_001
SCAN_001156,QR261003B0144,,MOVE,HT,2026-10-03 16:29:00,YYYY-MM-DD HH:MM:SS,OP_001
SCAN_001157,QR261003B0144,,MOVE,AS2,2026-10-03 16:39:30,YYYY-MM-DD HH:MM:SS,OP_001
SCAN_001158,QR261003B0144,,MOVE,T1,2026-10-03 16:42:00,YYYY-MM-DD HH:MM:SS,OP_001
SCAN_001159,QR261003B0144,,MOVE,PK,2026-10-03 16:44:30,YYYY-MM-DD HH:MM:SS,OP_001
SCAN_001160,QR261003B0144,,MOVE,SHP,2026-10-03 16:47:00,YYYY-MM-DD HH:MM:SS,OP_001
SCAN_001161,QR261003A0145,,RECEIVE,INB,2026-10-03 09:12:00,YYYY-MM-DD HH:MM:SS,OP_001
SCAN_001162,QR261003A0145,,MOVE,M1,2026-10-03 09:14:30,YYYY-MM-DD HH:MM:SS,OP_001
SCAN_001163,QR261003A0145,,MOVE,M2,2026-10-03 09:17:00,YYYY-MM-DD HH:MM:SS,OP_001
SCAN_001164,QR261003A0145,,MOVE,HT,2026-10-03 09:19:30,YYYY-MM-DD HH:MM:SS,OP_001
SCAN_001165,QR261003A0145,,MOVE,AS1,2026-10-03 09:30:00,YYYY-MM-DD HH:MM:SS,OP_001
SCAN_001167,QR261003A0145,,MOVE,PK,2026-10-03 09:35:00,YYYY-MM-DD HH:MM:SS,OP_001
SCAN_001168,QR261003A0145,,MOVE,SHP,2026-10-03 09:37:30,YYYY-MM-DD HH:MM:SS,OP_001
SCAN_001169,QR261004A0146,,RECEIVE,INB,2026-10-04 06:00:00,YYYY-MM-DD HH:MM:SS,OP_001
SCAN_001170,QR261004A0146,,MOVE,M1,2026-10-04 06:02:30,YYYY-MM-DD HH:MM:SS,OP_001
SCAN_001171,QR261004A0146,,MOVE,M2,2026-10-04 06:05:00,YYYY-MM-DD HH:MM:SS,OP_001
SCAN_001172,QR261004A0146,,MOVE,HT,2026-10-04 06:07:30,YYYY-MM-DD HH:MM:SS,OP_001
SCAN_001173,QR261004A0146,,MOVE,AS1,2026-10-04 06:18:00,YYYY-MM-DD HH:MM:SS,OP_001
SCAN_001174,QR261004A0146,,MOVE,T1,2026-10-04 06:20:30,YYYY-MM-DD HH:MM:SS,OP_001
SCAN_001175,QR261004A0146,,MOVE,PK,2026-10-04 06:23:00,YYYY-MM-DD HH:MM:SS,OP_001
SCAN_001176,QR261004A0146,,MOVE,SHP,2026-10-04 06:25:30,YYYY-MM-DD HH:MM:SS,OP_001
SCAN_001177,QR261004B0147,,RECEIVE,INB,2026-10-04 14:48:00,YYYY-MM-DD HH:MM:SS,OP_001
SCAN_001178,QR261004B0147,,MOVE,M1,2026-10-04 14:50:30,YYYY-MM-DD HH:MM:SS,OP_001
SCAN_001182,QR261004B0147,,MOVE,PK,2026-10-04 15:08:30,YYYY-MM-DD HH:MM:SS,OP_001
SCAN_001183,QR261004B0147,,MOVE,SHP,2026-10-04 15:11:00,YYYY-MM-DD HH:MM:SS,OP_001
SCAN_001184,QR261004B0148,,RECEIVE,INB,2026-10-04 07:36:00,YYYY-MM-DD HH:MM:SS,OP_001
SCAN_001185,QR261004B0148,,MOVE,M1,2026-10-04 07:38:30,YYYY-MM-DD HH:MM:SS,OP_001
SCAN_001189,QR261004B0148,,MOVE,PK,2026-10-04 07:56:30,YYYY-MM-DD HH:MM:SS,OP_001
SCAN_001190,QR261004B0148,,MOVE,SHP,2026-10-04 07:59:00,YYYY-MM-DD HH:MM:SS,OP_001
SCAN_001191,QR261004A0149,,RECEIVE,INB,2026-10-04 16:24:00,YYYY-MM-DD HH:MM:SS,OP_001
SCAN_001192,QR261004A0149,,MOVE,M1,2026-10-04 16:26:30,YYYY-MM-DD HH:MM:SS,OP_001
SCAN_001193,QR261004A0149,,MOVE,M2,2026-10-04 16:29:00,YYYY-MM-DD HH:MM:SS,OP_001
SCAN_001194,QR261004A0149,,MOVE,HT,2026-10-04 16:31:30,YYYY-MM-DD HH:MM:SS,OP_001
SCAN_001195,QR261004A0149,,MOVE,AS1,2026-10-04 16:42:00,YYYY-MM-DD HH:MM:SS,OP_001
SCAN_001196,QR261004A0149,,MOVE,T1,2026-10-04 16:44:30,YYYY-MM-DD HH:MM:SS,OP_001
SCAN_001197,QR261004A0149,,MOVE,PK,2026-10-04 16:47:00,YYYY-MM-DD HH:MM:SS,OP_001
SCAN_001198,QR261004A0149,,MOVE,SHP,2026-10-04 16:49:30,YYYY-MM-DD HH:MM:SS,OP_001
SCAN_001199,QR261004A0150,,RECEIVE,INB,2026-10-04 09:12:00,YYYY-MM-DD HH:MM:SS,OP_001
SCAN_001200,QR261004A0150,,MOVE,M1,2026-10-04 09:14:30,YYYY-MM-DD HH:MM:SS,OP_001
SCAN_001201,QR261004A0150,,MOVE,M2,2026-10-04 09:17:00,YYYY-MM-DD HH:MM:SS,OP_001
SCAN_001202,QR261004A0150,,MOVE,HT,2026-10-04 09:19:30,YYYY-MM-DD HH:MM:SS,OP_001
SCAN_001203,QR261004A0150,,MOVE,AS1,2026-10-04 09:30:00,YYYY-MM-DD HH:MM:SS,OP_001
SCAN_001204,QR261004A0150,,MOVE,T1,2026-10-04 09:32:30,YYYY-MM-DD HH:MM:SS,OP_001
SCAN_001205,QR261004A0150,,MOVE,PK,2026-10-04 09:35:00,YYYY-MM-DD HH:MM:SS,OP_001
SCAN_001206,QR261004A0150,,MOVE,SHP,2026-10-04 09:37:30,YYYY-MM-DD HH:MM:SS,OP_001
SCAN_001207,QR261004B0151,,RECEIVE,INB,2026-10-04 18:00:00,YYYY-MM-DD HH:MM:SS,OP_001
SCAN_001208,QR261004B0151,,MOVE,M1,2026-10-04 18:02:30,YYYY-MM-DD HH:MM:SS,OP_001
SCAN_001209,QR261004B0151,,MOVE,HT,2026-10-04 18:05:00,YYYY-MM-DD HH:MM:SS,OP_001
SCAN_001210,QR261004B0151,,MOVE,AS2,2026-10-04 18:15:30,YYYY-MM-DD HH:MM:SS,OP_001
SCAN_001211,QR261004B0151,,MOVE,T1,2026-10-04 18:18:00,YYYY-MM-DD HH:MM:SS,OP_001
SCAN_001212,QR261004B0151,,MOVE,PK,2026-10-04 18:20:30,YYYY-MM-DD HH:MM:SS,OP_001
SCAN_001213,QR261004B0151,,MOVE,SHP,2026-10-04 18:23:00,YYYY-MM-DD HH:MM:SS,OP_001
SCAN_001214,QR261004B0152,,RECEIVE,INB,2026-10-04 10:48:00,YYYY-MM-DD HH:MM:SS,OP_001
SCAN_001215,QR261004B0152,,MOVE,M1,2026-10-04 10:50:30,YYYY-MM-DD HH:MM:SS,OP_001
SCAN_001216,QR261004B0152,,MOVE,HT,2026-10-04 10:53:00,YYYY-MM-DD HH:MM:SS,OP_001
SCAN_001217,QR261004B0152,,MOVE,AS2,2026-10-04 11:03:30,YYYY-MM-DD HH:MM:SS,OP_001
SCAN_001218,QR261004B0152,,MOVE,T1,2026-10-04 11:06:00,YYYY-MM-DD HH:MM:SS,OP_001
SCAN_001219,QR261004B0152,,MOVE,PK,2026-10-04 11:08:30,YYYY-MM-DD HH:MM:SS,OP_001
SCAN_001220,QR261004B0152,,MOVE,SHP,2026-10-04 11:11:00,YYYY-MM-DD HH:MM:SS,OP_001
SCAN_001221,QR261004A0153,,RECEIVE,INB,2026-10-04 19:36:00,YYYY-MM-DD HH:MM:SS,OP_001
SCAN_001222,QR261004A0153,,MOVE,M1,2026-10-04 19:38:30,YYYY-MM-DD HH:MM:SS,OP_001
SCAN_001223,QR261004A0153,,MOVE,M2,2026-10-04 19:41:00,YYYY-MM-DD HH:MM:SS,OP_001
SCAN_001224,QR261004A0153,,MOVE,HT,2026-10-04 19:43:30,YYYY-MM-DD HH:MM:SS,OP_001
SCAN_001225,QR261004A0153,,MOVE,AS1,2026-10-04 19:54:00,YYYY-MM-DD HH:MM:SS,OP_001
SCAN_001226,QR261004A0153,,MOVE,T1,2026-10-04 19:56:30,YYYY-MM-DD HH:MM:SS,OP_001
SCAN_001227,QR261004A0153,,MOVE,PK,2026-10-04 19:59:00,YYYY-MM-DD HH:MM:SS,OP_001
SCAN_001228,QR261004A0153,,MOVE,SHP,2026-10-04 20:01:30,YYYY-MM-DD HH:MM:SS,OP_001
SCAN_001229,QR261004A0154,,RECEIVE,INB,2026-10-04 06:00:00,YYYY-MM-DD HH:MM:SS,OP_001
SCAN_001230,QR261004A0154,,MOVE,M1,2026-10-04 06:02:30,YYYY-MM-DD HH:MM:SS,OP_001
SCAN_001231,QR261004A0154,,MOVE,M2,2026-10-04 06:05:00,YYYY-MM-DD HH:MM:SS,OP_001
SCAN_001232,QR261004A0154,,MOVE,HT,2026-10-04 06:07:30,YYYY-MM-DD HH:MM:SS,OP_001
SCAN_001233,QR261004A0154,,MOVE,AS1,2026-10-04 06:18:00,YYYY-MM-DD HH:MM:SS,OP_001
SCAN_001234,QR261004A0154,,MOVE,T1,2026-10-04 06:20:30,YYYY-MM-DD HH:MM:SS,OP_001
SCAN_001235,QR261004A0154,,MOVE,PK,2026-10-04 06:23:00,YYYY-MM-DD HH:MM:SS,OP_001
SCAN_001236,QR261004A0154,,MOVE,SHP,2026-10-04 06:25:30,YYYY-MM-DD HH:MM:SS,OP_001
SCAN_001237,QR261004B0155,,RECEIVE,INB,2026-10-04 14:48:00,YYYY-MM-DD HH:MM:SS,OP_001
SCAN_001238,QR261004B0155,,MOVE,M1,2026-10-04 14:50:30,YYYY-MM-DD HH:MM:SS,OP_001
SCAN_001239,QR261004B0155,,MOVE,HT,2026-10-04 14:53:00,YYYY-MM-DD HH:MM:SS,OP_001
SCAN_001240,QR261004B0155,,MOVE,AS2,2026-10-04 15:03:30,YYYY-MM-DD HH:MM:SS,OP_001
SCAN_001241,QR261004B0155,,MOVE,T1,2026-10-04 15:06:00,YYYY-MM-DD HH:MM:SS,OP_001
SCAN_001242,QR261004B0155,,MOVE,PK,2026-10-04 15:08:30,YYYY-MM-DD HH:MM:SS,OP_001
SCAN_001243,QR261004B0155,,MOVE,SHP,2026-10-04 15:11:00,YYYY-MM-DD HH:MM:SS,OP_001
SCAN_001244,QR261004B0156,,RECEIVE,INB,2026-10-04 07:36:00,YYYY-MM-DD HH:MM:SS,OP_001
SCAN_001245,QR261004B0156,,MOVE,M1,2026-10-04 07:38:30,YYYY-MM-DD HH:MM:SS,OP_001
SCAN_001246,QR261004B0156,,MOVE,HT,2026-10-04 07:41:00,YYYY-MM-DD HH:MM:SS,OP_001
SCAN_001247,QR261004B0156,,MOVE,AS2,2026-10-04 07:51:30,YYYY-MM-DD HH:MM:SS,OP_001
SCAN_001248,QR261004B0156,,MOVE,T1,2026-10-04 07:54:00,YYYY-MM-DD HH:MM:SS,OP_001
SCAN_001249,QR261004B0156,,MOVE,PK,2026-10-04 07:56:30,YYYY-MM-DD HH:MM:SS,OP_001
SCAN_001250,QR261004B0156,,MOVE,SHP,2026-10-04 07:59:00,YYYY-MM-DD HH:MM:SS,OP_001
SCAN_001251,QR261004A0157,,RECEIVE,INB,2026-10-04 16:24:00,YYYY-MM-DD HH:MM:SS,OP_001
SCAN_001252,QR261004A0157,,MOVE,M1,2026-10-04 16:26:30,YYYY-MM-DD HH:MM:SS,OP_001
SCAN_001253,QR261004A0157,,MOVE,M2,2026-10-04 16:29:00,YYYY-MM-DD HH:MM:SS,OP_001
SCAN_001254,QR261004A0157,,MOVE,HT,2026-10-04 16:31:30,YYYY-MM-DD HH:MM:SS,OP_001
SCAN_001255,QR261004A0157,,MOVE,AS1,2026-10-04 16:42:00,YYYY-MM-DD HH:MM:SS,OP_001
SCAN_001256,QR261004A0157,,MOVE,T1,2026-10-04 16:44:30,YYYY-MM-DD HH:MM:SS,OP_001
SCAN_001257,QR261004A0157,,MOVE,PK,2026-10-04 16:47:00,YYYY-MM-DD HH:MM:SS,OP_001
SCAN_001258,QR261004A0157,,MOVE,SHP,2026-10-04 16:49:30,YYYY-MM-DD HH:MM:SS,OP_001
SCAN_001259,QR261004A0158,,RECEIVE,INB,2026-10-04 09:12:00,YYYY-MM-DD HH:MM:SS,OP_001
SCAN_001260,QR261004A0158,,MOVE,M1,2026-10-04 09:14:30,YYYY-MM-DD HH:MM:SS,OP_001
SCAN_001261,QR261004A0158,,MOVE,M2,2026-10-04 09:17:00,YYYY-MM-DD HH:MM:SS,OP_001
SCAN_001262,QR261004A0158,,MOVE,HT,2026-10-04 09:19:30,YYYY-MM-DD HH:MM:SS,OP_001
SCAN_001263,QR261004A0158,,MOVE,AS1,2026-10-04 09:30:00,YYYY-MM-DD HH:MM:SS,OP_001
SCAN_001264,QR261004A0158,,MOVE,T1,2026-10-04 09:32:30,YYYY-MM-DD HH:MM:SS,OP_001
SCAN_001265,QR261004A0158,,MOVE,PK,2026-10-04 09:35:00,YYYY-MM-DD HH:MM:SS,OP_001
SCAN_001266,QR261004A0158,,MOVE,SHP,2026-10-04 09:37:30,YYYY-MM-DD HH:MM:SS,OP_001
SCAN_001267,QR261004B0159,,RECEIVE,INB,2026-10-04 18:00:00,YYYY-MM-DD HH:MM:SS,OP_001
SCAN_001268,QR261004B0159,,MOVE,M1,2026-10-04 18:02:30,YYYY-MM-DD HH:MM:SS,OP_001
SCAN_001269,QR261004B0159,,MOVE,HT,2026-10-04 18:05:00,YYYY-MM-DD HH:MM:SS,OP_001
SCAN_001272,QR261004B0159,,MOVE,PK,2026-10-04 18:20:30,YYYY-MM-DD HH:MM:SS,OP_001
SCAN_001273,QR261004B0159,,MOVE,SHP,2026-10-04 18:23:00,YYYY-MM-DD HH:MM:SS,OP_001
SCAN_001274,QR261004B0160,,RECEIVE,INB,2026-10-04 10:48:00,YYYY-MM-DD HH:MM:SS,OP_001
SCAN_001275,QR261004B0160,,MOVE,M1,2026-10-04 10:50:30,YYYY-MM-DD HH:MM:SS,OP_001
SCAN_001276,QR261004B0160,,MOVE,HT,2026-10-04 10:53:00,YYYY-MM-DD HH:MM:SS,OP_001
SCAN_001277,QR261004B0160,,MOVE,AS2,2026-10-04 11:03:30,YYYY-MM-DD HH:MM:SS,OP_001
SCAN_001278,QR261004B0160,,MOVE,T1,2026-10-04 11:06:00,YYYY-MM-DD HH:MM:SS,OP_001
SCAN_001279,QR261004B0160,,MOVE,PK,2026-10-04 11:08:30,YYYY-MM-DD HH:MM:SS,OP_001
SCAN_001280,QR261004B0160,,MOVE,SHP,2026-10-04 11:11:00,YYYY-MM-DD HH:MM:SS,OP_001
SCAN_001281,QR261004A0161,,RECEIVE,INB,2026-10-04 19:36:00,YYYY-MM-DD HH:MM:SS,OP_001
SCAN_001282,QR261004A0161,,MOVE,M1,2026-10-04 19:38:30,YYYY-MM-DD HH:MM:SS,OP_001
SCAN_001283,QR261004A0161,,MOVE,M2,2026-10-04 19:41:00,YYYY-MM-DD HH:MM:SS,OP_001
SCAN_001284,QR261004A0161,,MOVE,HT,2026-10-04 19:43:30,YYYY-MM-DD HH:MM:SS,OP_001
SCAN_001285,QR261004A0161,,MOVE,AS1,2026-10-04 19:54:00,YYYY-MM-DD HH:MM:SS,OP_001
SCAN_001286,QR261004A0161,,MOVE,T1,2026-10-04 19:56:30,YYYY-MM-DD HH:MM:SS,OP_001
SCAN_001287,QR261004A0161,,MOVE,PK,2026-10-04 19:59:00,YYYY-MM-DD HH:MM:SS,OP_001
SCAN_001288,QR261004A0161,,MOVE,SHP,2026-10-04 20:01:30,YYYY-MM-DD HH:MM:SS,OP_001
SCAN_001289,QR261004A0162,,RECEIVE,INB,2026-10-04 06:00:00,YYYY-MM-DD HH:MM:SS,OP_001
SCAN_001290,QR261004A0162,,MOVE,M1,2026-10-04 06:02:30,YYYY-MM-DD HH:MM:SS,OP_001
SCAN_001291,QR261004A0162,,MOVE,M2,2026-10-04 06:05:00,YYYY-MM-DD HH:MM:SS,OP_001
SCAN_001292,QR261004A0162,,MOVE,HT,2026-10-04 06:07:30,YYYY-MM-DD HH:MM:SS,OP_001
SCAN_001293,QR261004A0162,,MOVE,AS1,2026-10-04 06:18:00,YYYY-MM-DD HH:MM:SS,OP_001
SCAN_001294,QR261004A0162,,MOVE,T1,2026-10-04 06:20:30,YYYY-MM-DD HH:MM:SS,OP_001
SCAN_001295,QR261004A0162,,MOVE,PK,2026-10-04 06:23:00,YYYY-MM-DD HH:MM:SS,OP_001
SCAN_001296,QR261004A0162,,MOVE,SHP,2026-10-04 06:25:30,YYYY-MM-DD HH:MM:SS,OP_001
SCAN_001297,QR261004B0163,,RECEIVE,INB,2026-10-04 14:48:00,YYYY-MM-DD HH:MM:SS,OP_001
SCAN_001298,QR261004B0163,,MOVE,M1,2026-10-04 14:50:30,YYYY-MM-DD HH:MM:SS,OP_001
SCAN_001299,QR261004B0163,,MOVE,HT,2026-10-04 14:53:00,YYYY-MM-DD HH:MM:SS,OP_001
SCAN_001300,QR261004B0163,,MOVE,AS2,2026-10-04 15:03:30,YYYY-MM-DD HH:MM:SS,OP_001
SCAN_001301,QR261004B0163,,MOVE,T1,2026-10-04 15:06:00,YYYY-MM-DD HH:MM:SS,OP_001
SCAN_001302,QR261004B0163,,MOVE,PK,2026-10-04 15:08:30,YYYY-MM-DD HH:MM:SS,OP_001
SCAN_001303,QR261004B0163,,MOVE,SHP,2026-10-04 15:11:00,YYYY-MM-DD HH:MM:SS,OP_001
SCAN_001304,QR261004B0164,,RECEIVE,INB,2026-10-04 07:36:00,YYYY-MM-DD HH:MM:SS,OP_001
SCAN_001305,QR261004B0164,,MOVE,M1,2026-10-04 07:38:30,YYYY-MM-DD HH:MM:SS,OP_001
SCAN_001306,QR261004B0164,,MOVE,HT,2026-10-04 07:41:00,YYYY-MM-DD HH:MM:SS,OP_001
SCAN_001307,QR261004B0164,,MOVE,AS2,2026-10-04 07:51:30,YYYY-MM-DD HH:MM:SS,OP_001
SCAN_001308,QR261004B0164,,MOVE,T1,2026-10-04 07:54:00,YYYY-MM-DD HH:MM:SS,OP_001
SCAN_001309,QR261004B0164,,MOVE,PK,2026-10-04 07:56:30,YYYY-MM-DD HH:MM:SS,OP_001
SCAN_001310,QR261004B0164,,MOVE,SHP,2026-10-04 07:59:00,YYYY-MM-DD HH:MM:SS,OP_001
SCAN_001311,QR261004A0165,,RECEIVE,INB,2026-10-04 16:24:00,YYYY-MM-DD HH:MM:SS,OP_001
SCAN_001312,QR261004A0165,,MOVE,M1,2026-10-04 16:26:30,YYYY-MM-DD HH:MM:SS,OP_001
SCAN_001313,QR261004A0165,,MOVE,M2,2026-10-04 16:29:00,YYYY-MM-DD HH:MM:SS,OP_001
SCAN_001314,QR261004A0165,,MOVE,HT,2026-10-04 16:31:30,YYYY-MM-DD HH:MM:SS,OP_001
SCAN_001315,QR261004A0165,,MOVE,AS1,2026-10-04 16:42:00,YYYY-MM-DD HH:MM:SS,OP_001
SCAN_001316,QR261004A0165,,MOVE,T1,2026-10-04 16:44:30,YYYY-MM-DD HH:MM:SS,OP_001
SCAN_001317,QR261004A0165,,MOVE,PK,2026-10-04 16:47:00,YYYY-MM-DD HH:MM:SS,OP_001
SCAN_001318,QR261004A0165,,MOVE,SHP,2026-10-04 16:49:30,YYYY-MM-DD HH:MM:SS,OP_001
SCAN_001319,QR261004A0166,,RECEIVE,INB,2026-10-04 09:12:00,YYYY-MM-DD HH:MM:SS,OP_001
SCAN_001320,QR261004A0166,,MOVE,M1,2026-10-04 09:14:30,YYYY-MM-DD HH:MM:SS,OP_001
SCAN_001321,QR261004A0166,,MOVE,M2,2026-10-04 09:17:00,YYYY-MM-DD HH:MM:SS,OP_001
SCAN_001322,QR261004A0166,,MOVE,HT,2026-10-04 09:19:30,YYYY-MM-DD HH:MM:SS,OP_001
SCAN_001323,QR261004A0166,,MOVE,AS1,2026-10-04 09:30:00,YYYY-MM-DD HH:MM:SS,OP_001
SCAN_001324,QR261004A0166,,MOVE,T1,2026-10-04 09:32:30,YYYY-MM-DD HH:MM:SS,OP_001
SCAN_001325,QR261004A0166,,MOVE,PK,2026-10-04 09:35:00,YYYY-MM-DD HH:MM:SS,OP_001
SCAN_001326,QR261004A0166,,MOVE,SHP,2026-10-04 09:37:30,YYYY-MM-DD HH:MM:SS,OP_001
SCAN_001327,QR261004B0167,,RECEIVE,INB,2026-10-04 18:00:00,YYYY-MM-DD HH:MM:SS,OP_001
SCAN_001328,QR261004B0167,,MOVE,M1,2026-10-04 18:02:30,YYYY-MM-DD HH:MM:SS,OP_001
SCAN_001329,QR261004B0167,,MOVE,HT,2026-10-04 18:05:00,YYYY-MM-DD HH:MM:SS,OP_001
SCAN_001330,QR261004B0167,,MOVE,AS2,2026-10-04 18:15:30,YYYY-MM-DD HH:MM:SS,OP_001
SCAN_001331,QR261004B0167,,MOVE,T1,2026-10-04 18:18:00,YYYY-MM-DD HH:MM:SS,OP_001
SCAN_001332,QR261004B0167,,MOVE,PK,2026-10-04 18:20:30,YYYY-MM-DD HH:MM:SS,OP_001
SCAN_001333,QR261004B0167,,MOVE,SHP,2026-10-04 18:23:00,YYYY-MM-DD HH:MM:SS,OP_001
SCAN_001334,QR261004B0168,,RECEIVE,INB,2026-10-04 10:48:00,YYYY-MM-DD HH:MM:SS,OP_001
SCAN_001335,QR261004B0168,,MOVE,M1,2026-10-04 10:50:30,YYYY-MM-DD HH:MM:SS,OP_001
SCAN_001336,QR261004B0168,,MOVE,HT,2026-10-04 10:53:00,YYYY-MM-DD HH:MM:SS,OP_001
SCAN_001337,QR261004B0168,,MOVE,AS2,2026-10-04 11:03:30,YYYY-MM-DD HH:MM:SS,OP_001
SCAN_001338,QR261004B0168,,MOVE,T1,2026-10-04 11:06:00,YYYY-MM-DD HH:MM:SS,OP_001
SCAN_001339,QR261004B0168,,MOVE,PK,2026-10-04 11:08:30,YYYY-MM-DD HH:MM:SS,OP_001
SCAN_001340,QR261004B0168,,MOVE,SHP,2026-10-04 11:11:00,YYYY-MM-DD HH:MM:SS,OP_001
SCAN_001341,QR261004A0169,,RECEIVE,INB,2026-10-04 19:36:00,YYYY-MM-DD HH:MM:SS,OP_001
SCAN_001342,QR261004A0169,,MOVE,M1,2026-10-04 19:38:30,YYYY-MM-DD HH:MM:SS,OP_001
SCAN_001343,QR261004A0169,,MOVE,M2,2026-10-04 19:41:00,YYYY-MM-DD HH:MM:SS,OP_001
SCAN_001345,QR261004A0169,,MOVE,AS1,2026-10-04 19:54:00,YYYY-MM-DD HH:MM:SS,OP_001
SCAN_001346,QR261004A0169,,MOVE,T1,2026-10-04 19:56:30,YYYY-MM-DD HH:MM:SS,OP_001
SCAN_001347,QR261004A0169,,MOVE,PK,2026-10-04 19:59:00,YYYY-MM-DD HH:MM:SS,OP_001
SCAN_001348,QR261004A0169,,MOVE,SHP,2026-10-04 20:01:30,YYYY-MM-DD HH:MM:SS,OP_001
SCAN_001349,QR261004A0170,,RECEIVE,INB,2026-10-04 06:00:00,YYYY-MM-DD HH:MM:SS,OP_001
SCAN_001350,QR261004A0170,,MOVE,M1,2026-10-04 06:02:30,YYYY-MM-DD HH:MM:SS,OP_001
SCAN_001351,QR261004A0170,,MOVE,M2,2026-10-04 06:05:00,YYYY-MM-DD HH:MM:SS,OP_001
SCAN_001352,QR261004A0170,,MOVE,HT,2026-10-04 06:07:30,YYYY-MM-DD HH:MM:SS,OP_001
SCAN_001353,QR261004A0170,,MOVE,AS1,2026-10-04 06:18:00,YYYY-MM-DD HH:MM:SS,OP_001
SCAN_001354,QR261004A0170,,MOVE,T1,2026-10-04 06:20:30,YYYY-MM-DD HH:MM:SS,OP_001
SCAN_001355,QR261004A0170,,MOVE,PK,2026-10-04 06:23:00,YYYY-MM-DD HH:MM:SS,OP_001
SCAN_001356,QR261004A0170,,MOVE,SHP,2026-10-04 06:25:30,YYYY-MM-DD HH:MM:SS,OP_001
SCAN_001357,QR261004B0171,,RECEIVE,INB,2026-10-04 14:48:00,YYYY-MM-DD HH:MM:SS,OP_001
SCAN_001358,QR261004B0171,,MOVE,M1,2026-10-04 14:50:30,YYYY-MM-DD HH:MM:SS,OP_001
SCAN_001359,QR261004B0171,,MOVE,HT,2026-10-04 14:53:00,YYYY-MM-DD HH:MM:SS,OP_001
SCAN_001360,QR261004B0171,,MOVE,AS2,2026-10-04 15:03:30,YYYY-MM-DD HH:MM:SS,OP_001
SCAN_001361,QR261004B0171,,MOVE,T1,2026-10-04 15:06:00,YYYY-MM-DD HH:MM:SS,OP_001
SCAN_001362,QR261004B0171,,MOVE,PK,2026-10-04 15:08:30,YYYY-MM-DD HH:MM:SS,OP_001
SCAN_001363,QR261004B0171,,MOVE,SHP,2026-10-04 15:11:00,YYYY-MM-DD HH:MM:SS,OP_001
SCAN_001364,QR261004B0172,,RECEIVE,INB,2026-10-04 07:36:00,YYYY-MM-DD HH:MM:SS,OP_001
SCAN_001365,QR261004B0172,,MOVE,M1,2026-10-04 07:38:30,YYYY-MM-DD HH:MM:SS,OP_001
SCAN_001366,QR261004B0172,,MOVE,HT,2026-10-04 07:41:00,YYYY-MM-DD HH:MM:SS,OP_001
SCAN_001367,QR261004B0172,,MOVE,AS2,2026-10-04 07:51:30,YYYY-MM-DD HH:MM:SS,OP_001
SCAN_001369,QR261004B0172,,MOVE,PK,2026-10-04 07:56:30,YYYY-MM-DD HH:MM:SS,OP_001
SCAN_001370,QR261004B0172,,MOVE,SHP,2026-10-04 07:59:00,YYYY-MM-DD HH:MM:SS,OP_001
SCAN_001371,QR261004A0173,,RECEIVE,INB,2026-10-04 16:24:00,YYYY-MM-DD HH:MM:SS,OP_001
SCAN_001372,QR261004A0173,,MOVE,M1,2026-10-04 16:26:30,YYYY-MM-DD HH:MM:SS,OP_001
SCAN_001373,QR261004A0173,,MOVE,M2,2026-10-04 16:29:00,YYYY-MM-DD HH:MM:SS,OP_001
SCAN_001374,QR261004A0173,,MOVE,HT,2026-10-04 16:31:30,YYYY-MM-DD HH:MM:SS,OP_001
SCAN_001375,QR261004A0173,,MOVE,AS1,2026-10-04 16:42:00,YYYY-MM-DD HH:MM:SS,OP_001
SCAN_001376,QR261004A0173,,MOVE,T1,2026-10-04 16:44:30,YYYY-MM-DD HH:MM:SS,OP_001
SCAN_001377,QR261004A0173,,MOVE,PK,2026-10-04 16:47:00,YYYY-MM-DD HH:MM:SS,OP_001
SCAN_001378,QR261004A0173,,MOVE,SHP,2026-10-04 16:49:30,YYYY-MM-DD HH:MM:SS,OP_001
SCAN_001379,QR261004A0174,,RECEIVE,INB,2026-10-04 09:12:00,YYYY-MM-DD HH:MM:SS,OP_001
SCAN_001380,QR261004A0174,,MOVE,M1,2026-10-04 09:14:30,YYYY-MM-DD HH:MM:SS,OP_001
SCAN_001381,QR261004A0174,,MOVE,M2,2026-10-04 09:17:00,YYYY-MM-DD HH:MM:SS,OP_001
SCAN_001382,QR261004A0174,,MOVE,HT,2026-10-04 09:19:30,YYYY-MM-DD HH:MM:SS,OP_001
SCAN_001383,QR261004A0174,,MOVE,AS1,2026-10-04 09:30:00,YYYY-MM-DD HH:MM:SS,OP_001
SCAN_001384,QR261004A0174,,MOVE,T1,2026-10-04 09:32:30,YYYY-MM-DD HH:MM:SS,OP_001
SCAN_001385,QR261004A0174,,MOVE,PK,2026-10-04 09:35:00,YYYY-MM-DD HH:MM:SS,OP_001
SCAN_001386,QR261004A0174,,MOVE,SHP,2026-10-04 09:37:30,YYYY-MM-DD HH:MM:SS,OP_001
SCAN_001387,QR261005B0175,,RECEIVE,INB,2026-10-05 06:00:00,YYYY-MM-DD HH:MM:SS,OP_001
SCAN_001388,QR261005B0175,,MOVE,M1,2026-10-05 06:02:30,YYYY-MM-DD HH:MM:SS,OP_001
SCAN_001389,QR261005B0175,,MOVE,HT,2026-10-05 06:05:00,YYYY-MM-DD HH:MM:SS,OP_001
SCAN_001391,QR261005B0175,,MOVE,T1,2026-10-05 06:18:00,YYYY-MM-DD HH:MM:SS,OP_001
SCAN_001392,QR261005B0175,,MOVE,PK,2026-10-05 06:20:30,YYYY-MM-DD HH:MM:SS,OP_001
SCAN_001393,QR261005B0175,,MOVE,SHP,2026-10-05 06:23:00,YYYY-MM-DD HH:MM:SS,OP_001
SCAN_001394,QR261005B0176,,RECEIVE,INB,2026-10-05 14:48:00,YYYY-MM-DD HH:MM:SS,OP_001
SCAN_001395,QR261005B0176,,MOVE,M1,2026-10-05 14:50:30,YYYY-MM-DD HH:MM:SS,OP_001
SCAN_001397,QR261005B0176,,MOVE,AS2,2026-10-05 15:03:30,YYYY-MM-DD HH:MM:SS,OP_001
SCAN_001398,QR261005B0176,,MOVE,T1,2026-10-05 15:06:00,YYYY-MM-DD HH:MM:SS,OP_001
SCAN_001399,QR261005B0176,,MOVE,PK,2026-10-05 15:08:30,YYYY-MM-DD HH:MM:SS,OP_001
SCAN_001400,QR261005B0176,,MOVE,SHP,2026-10-05 15:11:00,YYYY-MM-DD HH:MM:SS,OP_001
SCAN_001401,QR261005A0177,,RECEIVE,INB,2026-10-05 07:36:00,YYYY-MM-DD HH:MM:SS,OP_001
SCAN_001402,QR261005A0177,,MOVE,M1,2026-10-05 07:38:30,YYYY-MM-DD HH:MM:SS,OP_001
SCAN_001403,QR261005A0177,,MOVE,M2,2026-10-05 07:41:00,YYYY-MM-DD HH:MM:SS,OP_001
SCAN_001404,QR261005A0177,,MOVE,HT,2026-10-05 07:43:30,YYYY-MM-DD HH:MM:SS,OP_001
SCAN_001405,QR261005A0177,,MOVE,AS1,2026-10-05 07:54:00,YYYY-MM-DD HH:MM:SS,OP_001
SCAN_001406,QR261005A0177,,MOVE,T1,2026-10-05 07:56:30,YYYY-MM-DD HH:MM:SS,OP_001
SCAN_001407,QR261005A0177,,MOVE,PK,2026-10-05 07:59:00,YYYY-MM-DD HH:MM:SS,OP_001
SCAN_001408,QR261005A0177,,MOVE,SHP,2026-10-05 08:01:30,YYYY-MM-DD HH:MM:SS,OP_001
SCAN_001409,QR261005A0178,,RECEIVE,INB,2026-10-05 16:24:00,YYYY-MM-DD HH:MM:SS,OP_001
SCAN_001410,QR261005A0178,,MOVE,M1,2026-10-05 16:26:30,YYYY-MM-DD HH:MM:SS,OP_001
SCAN_001411,QR261005A0178,,MOVE,M2,2026-10-05 16:29:00,YYYY-MM-DD HH:MM:SS,OP_001
SCAN_001412,QR261005A0178,,MOVE,HT,2026-10-05 16:31:30,YYYY-MM-DD HH:MM:SS,OP_001
SCAN_001413,QR261005A0178,,MOVE,AS1,2026-10-05 16:42:00,YYYY-MM-DD HH:MM:SS,OP_001
SCAN_001415,QR261005A0178,,MOVE,PK,2026-10-05 16:47:00,YYYY-MM-DD HH:MM:SS,OP_001
SCAN_001416,QR261005A0178,,MOVE,SHP,2026-10-05 16:49:30,YYYY-MM-DD HH:MM:SS,OP_001
SCAN_001417,QR261005B0179,,RECEIVE,INB,2026-10-05 09:12:00,YYYY-MM-DD HH:MM:SS,OP_001
SCAN_001418,QR261005B0179,,MOVE,M1,2026-10-05 09:14:30,YYYY-MM-DD HH:MM:SS,OP_001
SCAN_001419,QR261005B0179,,MOVE,HT,2026-10-05 09:17:00,YYYY-MM-DD HH:MM:SS,OP_001
SCAN_001420,QR261005B0179,,MOVE,AS2,2026-10-05 09:27:30,YYYY-MM-DD HH:MM:SS,OP_001
SCAN_001421,QR261005B0179,,MOVE,T1,2026-10-05 09:30:00,YYYY-MM-DD HH:MM:SS,OP_001
SCAN_001422,QR261005B0179,,MOVE,PK,2026-10-05 09:32:30,YYYY-MM-DD HH:MM:SS,OP_001
SCAN_001423,QR261005B0179,,MOVE,SHP,2026-10-05 09:35:00,YYYY-MM-DD HH:MM:SS,OP_001
SCAN_001424,QR261005B0180,,RECEIVE,INB,2026-10-05 18:00:00,YYYY-MM-DD HH:MM:SS,OP_001
SCAN_001425,QR261005B0180,,MOVE,M1,2026-10-05 18:02:30,YYYY-MM-DD HH:MM:SS,OP_001
SCAN_001426,QR261005B0180,,MOVE,HT,2026-10-05 18:05:00,YYYY-MM-DD HH:MM:SS,OP_001
SCAN_001427,QR261005B0180,,MOVE,AS2,2026-10-05 18:15:30,YYYY-MM-DD HH:MM:SS,OP_001
SCAN_001428,QR261005B0180,,MOVE,T1,2026-10-05 18:18:00,YYYY-MM-DD HH:MM:SS,OP_001
SCAN_001429,QR261005B0180,,MOVE,PK,2026-10-05 18:20:30,YYYY-MM-DD HH:MM:SS,OP_001
SCAN_001430,QR261005B0180,,MOVE,SHP,2026-10-05 18:23:00,YYYY-MM-DD HH:MM:SS,OP_001
SCAN_001431,QR261005A0181,,RECEIVE,INB,2026-10-05 10:48:00,YYYY-MM-DD HH:MM:SS,OP_001
SCAN_001432,QR261005A0181,,MOVE,M1,2026-10-05 10:50:30,YYYY-MM-DD HH:MM:SS,OP_001
SCAN_001433,QR261005A0181,,MOVE,M2,2026-10-05 10:53:00,YYYY-MM-DD HH:MM:SS,OP_001
SCAN_001435,QR261005A0181,,MOVE,AS1,2026-10-05 11:06:00,YYYY-MM-DD HH:MM:SS,OP_001
SCAN_001436,QR261005A0181,,MOVE,T1,2026-10-05 11:08:30,YYYY-MM-DD HH:MM:SS,OP_001
SCAN_001437,QR261005A0181,,MOVE,PK,2026-10-05 11:11:00,YYYY-MM-DD HH:MM:SS,OP_001
SCAN_001438,QR261005A0181,,MOVE,SHP,2026-10-05 11:13:30,YYYY-MM-DD HH:MM:SS,OP_001
SCAN_001439,QR261005A0182,,RECEIVE,INB,2026-10-05 19:36:00,YYYY-MM-DD HH:MM:SS,OP_001
SCAN_001440,QR261005A0182,,MOVE,M1,2026-10-05 19:38:30,YYYY-MM-DD HH:MM:SS,OP_001
SCAN_001441,QR261005A0182,,MOVE,M2,2026-10-05 19:41:00,YYYY-MM-DD HH:MM:SS,OP_001
SCAN_001442,QR261005A0182,,MOVE,HT,2026-10-05 19:43:30,YYYY-MM-DD HH:MM:SS,OP_001
SCAN_001443,QR261005A0182,,MOVE,AS1,2026-10-05 19:54:00,YYYY-MM-DD HH:MM:SS,OP_001
SCAN_001444,QR261005A0182,,MOVE,T1,2026-10-05 19:56:30,YYYY-MM-DD HH:MM:SS,OP_001
SCAN_001445,QR261005A0182,,MOVE,PK,2026-10-05 19:59:00,YYYY-MM-DD HH:MM:SS,OP_001
SCAN_001446,QR261005A0182,,MOVE,SHP,2026-10-05 20:01:30,YYYY-MM-DD HH:MM:SS,OP_001
SCAN_001447,QR261005B0183,,RECEIVE,INB,2026-10-05 06:00:00,YYYY-MM-DD HH:MM:SS,OP_001
SCAN_001448,QR261005B0183,,MOVE,M1,2026-10-05 06:02:30,YYYY-MM-DD HH:MM:SS,OP_001
SCAN_001449,QR261005B0183,,MOVE,HT,2026-10-05 06:05:00,YYYY-MM-DD HH:MM:SS,OP_001
SCAN_001450,QR261005B0183,,MOVE,AS2,2026-10-05 06:15:30,YYYY-MM-DD HH:MM:SS,OP_001
SCAN_001451,QR261005B0183,,MOVE,T1,2026-10-05 06:18:00,YYYY-MM-DD HH:MM:SS,OP_001
SCAN_001452,QR261005B0183,,MOVE,PK,2026-10-05 06:20:30,YYYY-MM-DD HH:MM:SS,OP_001
SCAN_001453,QR261005B0183,,MOVE,SHP,2026-10-05 06:23:00,YYYY-MM-DD HH:MM:SS,OP_001
SCAN_001454,QR261005B0184,,RECEIVE,INB,2026-10-05 14:48:00,YYYY-MM-DD HH:MM:SS,OP_001
SCAN_001455,QR261005B0184,,MOVE,M1,2026-10-05 14:50:30,YYYY-MM-DD HH:MM:SS,OP_001
SCAN_001456,QR261005B0184,,MOVE,HT,2026-10-05 14:53:00,YYYY-MM-DD HH:MM:SS,OP_001
SCAN_001457,QR261005B0184,,MOVE,AS2,2026-10-05 15:03:30,YYYY-MM-DD HH:MM:SS,OP_001
SCAN_001458,QR261005B0184,,MOVE,T1,2026-10-05 15:06:00,YYYY-MM-DD HH:MM:SS,OP_001
SCAN_001459,QR261005B0184,,MOVE,PK,2026-10-05 15:08:30,YYYY-MM-DD HH:MM:SS,OP_001
SCAN_001460,QR261005B0184,,MOVE,SHP,2026-10-05 15:11:00,YYYY-MM-DD HH:MM:SS,OP_001
SCAN_001461,QR261005A0185,,RECEIVE,INB,2026-10-05 07:36:00,YYYY-MM-DD HH:MM:SS,OP_001
SCAN_001462,QR261005A0185,,MOVE,M1,2026-10-05 07:38:30,YYYY-MM-DD HH:MM:SS,OP_001
SCAN_001463,QR261005A0185,,MOVE,M2,2026-10-05 07:41:00,YYYY-MM-DD HH:MM:SS,OP_001
SCAN_001464,QR261005A0185,,MOVE,HT,2026-10-05 07:43:30,YYYY-MM-DD HH:MM:SS,OP_001
SCAN_001465,QR261005A0185,,MOVE,AS1,2026-10-05 07:54:00,YYYY-MM-DD HH:MM:SS,OP_001
SCAN_001466,QR261005A0185,,MOVE,T1,2026-10-05 07:56:30,YYYY-MM-DD HH:MM:SS,OP_001
SCAN_001467,QR261005A0185,,MOVE,PK,2026-10-05 07:59:00,YYYY-MM-DD HH:MM:SS,OP_001
SCAN_001468,QR261005A0185,,MOVE,SHP,2026-10-05 08:01:30,YYYY-MM-DD HH:MM:SS,OP_001
SCAN_001469,QR261005A0186,,RECEIVE,INB,2026-10-05 16:24:00,YYYY-MM-DD HH:MM:SS,OP_001
SCAN_001470,QR261005A0186,,MOVE,M1,2026-10-05 16:26:30,YYYY-MM-DD HH:MM:SS,OP_001
SCAN_001471,QR261005A0186,,MOVE,M2,2026-10-05 16:29:00,YYYY-MM-DD HH:MM:SS,OP_001
SCAN_001472,QR261005A0186,,MOVE,HT,2026-10-05 16:31:30,YYYY-MM-DD HH:MM:SS,OP_001
SCAN_001473,QR261005A0186,,MOVE,AS1,2026-10-05 16:42:00,YYYY-MM-DD HH:MM:SS,OP_001
SCAN_001474,QR261005A0186,,MOVE,T1,2026-10-05 16:44:30,YYYY-MM-DD HH:MM:SS,OP_001
SCAN_001475,QR261005A0186,,MOVE,PK,2026-10-05 16:47:00,YYYY-MM-DD HH:MM:SS,OP_001
SCAN_001476,QR261005A0186,,MOVE,SHP,2026-10-05 16:49:30,YYYY-MM-DD HH:MM:SS,OP_001
SCAN_001477,QR261005B0187,,RECEIVE,INB,2026-10-05 09:12:00,YYYY-MM-DD HH:MM:SS,OP_001
SCAN_001478,QR261005B0187,,MOVE,M1,2026-10-05 09:14:30,YYYY-MM-DD HH:MM:SS,OP_001
SCAN_001479,QR261005B0187,,MOVE,HT,2026-10-05 09:17:00,YYYY-MM-DD HH:MM:SS,OP_001
SCAN_001480,QR261005B0187,,MOVE,AS2,2026-10-05 09:27:30,YYYY-MM-DD HH:MM:SS,OP_001
SCAN_001481,QR261005B0187,,MOVE,T1,2026-10-05 09:30:00,YYYY-MM-DD HH:MM:SS,OP_001
SCAN_001482,QR261005B0187,,MOVE,PK,2026-10-05 09:32:30,YYYY-MM-DD HH:MM:SS,OP_001
SCAN_001483,QR261005B0187,,MOVE,SHP,2026-10-05 09:35:00,YYYY-MM-DD HH:MM:SS,OP_001
SCAN_001484,QR261005B0188,,RECEIVE,INB,2026-10-05 18:00:00,YYYY-MM-DD HH:MM:SS,OP_001
SCAN_001485,QR261005B0188,,MOVE,M1,2026-10-05 18:02:30,YYYY-MM-DD HH:MM:SS,OP_001
SCAN_001486,QR261005B0188,,MOVE,HT,2026-10-05 18:05:00,YYYY-MM-DD HH:MM:SS,OP_001
SCAN_001487,QR261005B0188,,MOVE,AS2,2026-10-05 18:15:30,YYYY-MM-DD HH:MM:SS,OP_001
SCAN_001488,QR261005B0188,,MOVE,T1,2026-10-05 18:18:00,YYYY-MM-DD HH:MM:SS,OP_001
SCAN_001489,QR261005B0188,,MOVE,PK,2026-10-05 18:20:30,YYYY-MM-DD HH:MM:SS,OP_001
SCAN_001490,QR261005B0188,,MOVE,SHP,2026-10-05 18:23:00,YYYY-MM-DD HH:MM:SS,OP_001
SCAN_001491,QR261005A0189,,RECEIVE,INB,2026-10-05 10:48:00,YYYY-MM-DD HH:MM:SS,OP_001
SCAN_001492,QR261005A0189,,MOVE,M1,2026-10-05 10:50:30,YYYY-MM-DD HH:MM:SS,OP_001
SCAN_001493,QR261005A0189,,MOVE,M2,2026-10-05 10:53:00,YYYY-MM-DD HH:MM:SS,OP_001
SCAN_001494,QR261005A0189,,MOVE,HT,2026-10-05 10:55:30,YYYY-MM-DD HH:MM:SS,OP_001
SCAN_001495,QR261005A0189,,MOVE,AS1,2026-10-05 11:06:00,YYYY-MM-DD HH:MM:SS,OP_001
SCAN_001497,QR261005A0189,,MOVE,PK,2026-10-05 11:11:00,YYYY-MM-DD HH:MM:SS,OP_001
SCAN_001498,QR261005A0189,,MOVE,SHP,2026-10-05 11:13:30,YYYY-MM-DD HH:MM:SS,OP_001
SCAN_001499,QR261005A0190,,RECEIVE,INB,2026-10-05 19:36:00,YYYY-MM-DD HH:MM:SS,OP_001
SCAN_001500,QR261005A0190,,MOVE,M1,2026-10-05 19:38:30,YYYY-MM-DD HH:MM:SS,OP_001
SCAN_001501,QR261005A0190,,MOVE,M2,2026-10-05 19:41:00,YYYY-MM-DD HH:MM:SS,OP_001
SCAN_001502,QR261005A0190,,MOVE,HT,2026-10-05 19:43:30,YYYY-MM-DD HH:MM:SS,OP_001
SCAN_001503,QR261005A0190,,MOVE,AS1,2026-10-05 19:54:00,YYYY-MM-DD HH:MM:SS,OP_001
SCAN_001504,QR261005A0190,,MOVE,T1,2026-10-05 19:56:30,YYYY-MM-DD HH:MM:SS,OP_001
SCAN_001505,QR261005A0190,,MOVE,PK,2026-10-05 19:59:00,YYYY-MM-DD HH:MM:SS,OP_001
SCAN_001506,QR261005A0190,,MOVE,SHP,2026-10-05 20:01:30,YYYY-MM-DD HH:MM:SS,OP_001
SCAN_001507,QR261005B0191,,RECEIVE,INB,2026-10-05 06:00:00,YYYY-MM-DD HH:MM:SS,OP_001
SCAN_001508,QR261005B0191,,MOVE,M1,2026-10-05 06:02:30,YYYY-MM-DD HH:MM:SS,OP_001
SCAN_001509,QR261005B0191,,MOVE,HT,2026-10-05 06:05:00,YYYY-MM-DD HH:MM:SS,OP_001
SCAN_001510,QR261005B0191,,MOVE,AS2,2026-10-05 06:15:30,YYYY-MM-DD HH:MM:SS,OP_001
SCAN_001511,QR261005B0191,,MOVE,T1,2026-10-05 06:18:00,YYYY-MM-DD HH:MM:SS,OP_001
SCAN_001512,QR261005B0191,,MOVE,PK,2026-10-05 06:20:30,YYYY-MM-DD HH:MM:SS,OP_001
SCAN_001513,QR261005B0191,,MOVE,SHP,2026-10-05 06:23:00,YYYY-MM-DD HH:MM:SS,OP_001
SCAN_001514,QR261005B0192,,RECEIVE,INB,2026-10-05 14:48:00,YYYY-MM-DD HH:MM:SS,OP_001
SCAN_001515,QR261005B0192,,MOVE,M1,2026-10-05 14:50:30,YYYY-MM-DD HH:MM:SS,OP_001
SCAN_001516,QR261005B0192,,MOVE,HT,2026-10-05 14:53:00,YYYY-MM-DD HH:MM:SS,OP_001
SCAN_001517,QR261005B0192,,MOVE,AS2,2026-10-05 15:03:30,YYYY-MM-DD HH:MM:SS,OP_001
SCAN_001518,QR261005B0192,,MOVE,T1,2026-10-05 15:06:00,YYYY-MM-DD HH:MM:SS,OP_001
SCAN_001519,QR261005B0192,,MOVE,PK,2026-10-05 15:08:30,YYYY-MM-DD HH:MM:SS,OP_001
SCAN_001520,QR261005B0192,,MOVE,SHP,2026-10-05 15:11:00,YYYY-MM-DD HH:MM:SS,OP_001
SCAN_001521,QR261005A0193,,RECEIVE,INB,2026-10-05 07:36:00,YYYY-MM-DD HH:MM:SS,OP_001
SCAN_001522,QR261005A0193,,MOVE,M1,2026-10-05 07:38:30,YYYY-MM-DD HH:MM:SS,OP_001
SCAN_001523,QR261005A0193,,MOVE,M2,2026-10-05 07:41:00,YYYY-MM-DD HH:MM:SS,OP_001
SCAN_001524,QR261005A0193,,MOVE,HT,2026-10-05 07:43:30,YYYY-MM-DD HH:MM:SS,OP_001
SCAN_001525,QR261005A0193,,MOVE,AS1,2026-10-05 07:54:00,YYYY-MM-DD HH:MM:SS,OP_001
SCAN_001526,QR261005A0193,,MOVE,T1,2026-10-05 07:56:30,YYYY-MM-DD HH:MM:SS,OP_001
SCAN_001527,QR261005A0193,,MOVE,PK,2026-10-05 07:59:00,YYYY-MM-DD HH:MM:SS,OP_001
SCAN_001528,QR261005A0193,,MOVE,SHP,2026-10-05 08:01:30,YYYY-MM-DD HH:MM:SS,OP_001
SCAN_001529,QR261005A0194,,RECEIVE,INB,2026-10-05 16:24:00,YYYY-MM-DD HH:MM:SS,OP_001
SCAN_001530,QR261005A0194,,MOVE,M1,2026-10-05 16:26:30,YYYY-MM-DD HH:MM:SS,OP_001
SCAN_001531,QR261005A0194,,MOVE,M2,2026-10-05 16:29:00,YYYY-MM-DD HH:MM:SS,OP_001
SCAN_001532,QR261005A0194,,MOVE,HT,2026-10-05 16:31:30,YYYY-MM-DD HH:MM:SS,OP_001
SCAN_001533,QR261005A0194,,MOVE,AS1,2026-10-05 16:42:00,YYYY-MM-DD HH:MM:SS,OP_001
SCAN_001534,QR261005A0194,,MOVE,T1,2026-10-05 16:44:30,YYYY-MM-DD HH:MM:SS,OP_001
SCAN_001535,QR261005A0194,,MOVE,PK,2026-10-05 16:47:00,YYYY-MM-DD HH:MM:SS,OP_001
SCAN_001536,QR261005A0194,,MOVE,SHP,2026-10-05 16:49:30,YYYY-MM-DD HH:MM:SS,OP_001
SCAN_001537,QR261005B0195,,RECEIVE,INB,2026-10-05 09:12:00,YYYY-MM-DD HH:MM:SS,OP_001
SCAN_001538,QR261005B0195,,MOVE,M1,2026-10-05 09:14:30,YYYY-MM-DD HH:MM:SS,OP_001
SCAN_001539,QR261005B0195,,MOVE,HT,2026-10-05 09:17:00,YYYY-MM-DD HH:MM:SS,OP_001
SCAN_001540,QR261005B0195,,MOVE,AS2,2026-10-05 09:27:30,YYYY-MM-DD HH:MM:SS,OP_001
SCAN_001541,QR261005B0195,,MOVE,T1,2026-10-05 09:30:00,YYYY-MM-DD HH:MM:SS,OP_001
SCAN_001542,QR261005B0195,,MOVE,PK,2026-10-05 09:32:30,YYYY-MM-DD HH:MM:SS,OP_001
SCAN_001543,QR261005B0195,,MOVE,SHP,2026-10-05 09:35:00,YYYY-MM-DD HH:MM:SS,OP_001
SCAN_001544,QR261005B0196,,RECEIVE,INB,2026-10-05 18:00:00,YYYY-MM-DD HH:MM:SS,OP_001
SCAN_001545,QR261005B0196,,MOVE,M1,2026-10-05 18:02:30,YYYY-MM-DD HH:MM:SS,OP_001
SCAN_001546,QR261005B0196,,MOVE,HT,2026-10-05 18:05:00,YYYY-MM-DD HH:MM:SS,OP_001
SCAN_001547,QR261005B0196,,MOVE,AS2,2026-10-05 18:15:30,YYYY-MM-DD HH:MM:SS,OP_001
SCAN_001548,QR261005B0196,,MOVE,T1,2026-10-05 18:18:00,YYYY-MM-DD HH:MM:SS,OP_001
SCAN_001549,QR261005B0196,,MOVE,PK,2026-10-05 18:20:30,YYYY-MM-DD HH:MM:SS,OP_001
SCAN_001550,QR261005B0196,,MOVE,SHP,2026-10-05 18:23:00,YYYY-MM-DD HH:MM:SS,OP_001
SCAN_001551,QR261005A0197,,RECEIVE,INB,2026-10-05 10:48:00,YYYY-MM-DD HH:MM:SS,OP_001
SCAN_001552,QR261005A0197,,MOVE,M1,2026-10-05 10:50:30,YYYY-MM-DD HH:MM:SS,OP_001
SCAN_001553,QR261005A0197,,MOVE,M2,2026-10-05 10:53:00,YYYY-MM-DD HH:MM:SS,OP_001
SCAN_001554,QR261005A0197,,MOVE,HT,2026-10-05 10:55:30,YYYY-MM-DD HH:MM:SS,OP_001
SCAN_001555,QR261005A0197,,MOVE,AS1,2026-10-05 11:06:00,YYYY-MM-DD HH:MM:SS,OP_001
SCAN_001556,QR261005A0197,,MOVE,T1,2026-10-05 11:08:30,YYYY-MM-DD HH:MM:SS,OP_001
SCAN_001557,QR261005A0197,,MOVE,PK,2026-10-05 11:11:00,YYYY-MM-DD HH:MM:SS,OP_001
SCAN_001558,QR261005A0197,,MOVE,SHP,2026-10-05 11:13:30,YYYY-MM-DD HH:MM:SS,OP_001
SCAN_001559,QR261005A0198,,RECEIVE,INB,2026-10-05 19:36:00,YYYY-MM-DD HH:MM:SS,OP_001
SCAN_001560,QR261005A0198,,MOVE,M1,2026-10-05 19:38:30,YYYY-MM-DD HH:MM:SS,OP_001
SCAN_001561,QR261005A0198,,MOVE,M2,2026-10-05 19:41:00,YYYY-MM-DD HH:MM:SS,OP_001
SCAN_001562,QR261005A0198,,MOVE,HT,2026-10-05 19:43:30,YYYY-MM-DD HH:MM:SS,OP_001
SCAN_001563,QR261005A0198,,MOVE,AS1,2026-10-05 19:54:00,YYYY-MM-DD HH:MM:SS,OP_001
SCAN_001564,QR261005A0198,,MOVE,T1,2026-10-05 19:56:30,YYYY-MM-DD HH:MM:SS,OP_001
SCAN_001565,QR261005A0198,,MOVE,PK,2026-10-05 19:59:00,YYYY-MM-DD HH:MM:SS,OP_001
SCAN_001566,QR261005A0198,,MOVE,SHP,2026-10-05 20:01:30,YYYY-MM-DD HH:MM:SS,OP_001
SCAN_001567,QR261005B0199,,RECEIVE,INB,2026-10-05 06:00:00,YYYY-MM-DD HH:MM:SS,OP_001
SCAN_001568,QR261005B0199,,MOVE,M1,2026-10-05 06:02:30,YYYY-MM-DD HH:MM:SS,OP_001
SCAN_001569,QR261005B0199,,MOVE,HT,2026-10-05 06:05:00,YYYY-MM-DD HH:MM:SS,OP_001
SCAN_001570,QR261005B0199,,MOVE,AS2,2026-10-05 06:15:30,YYYY-MM-DD HH:MM:SS,OP_001
SCAN_001571,QR261005B0199,,MOVE,T1,2026-10-05 06:18:00,YYYY-MM-DD HH:MM:SS,OP_001
SCAN_001572,QR261005B0199,,MOVE,PK,2026-10-05 06:20:30,YYYY-MM-DD HH:MM:SS,OP_001
SCAN_001573,QR261005B0199,,MOVE,SHP,2026-10-05 06:23:00,YYYY-MM-DD HH:MM:SS,OP_001
SCAN_001574,QR261005B0200,,RECEIVE,INB,2026-10-05 14:48:00,YYYY-MM-DD HH:MM:SS,OP_001
SCAN_001575,QR261005B0200,,MOVE,M1,2026-10-05 14:50:30,YYYY-MM-DD HH:MM:SS,OP_001
SCAN_001576,QR261005B0200,,MOVE,HT,2026-10-05 14:53:00,YYYY-MM-DD HH:MM:SS,OP_001
SCAN_001577,QR261005B0200,,MOVE,AS2,2026-10-05 15:03:30,YYYY-MM-DD HH:MM:SS,OP_001
SCAN_001578,QR261005B0200,,MOVE,T1,2026-10-05 15:06:00,YYYY-MM-DD HH:MM:SS,OP_001
SCAN_001579,QR261005B0200,,MOVE,PK,2026-10-05 15:08:30,YYYY-MM-DD HH:MM:SS,OP_001
SCAN_001580,QR261005B0200,,MOVE,SHP,2026-10-05 15:11:00,YYYY-MM-DD HH:MM:SS,OP_001
SCAN_001581,QR261005A0201,,RECEIVE,INB,2026-10-05 07:36:00,YYYY-MM-DD HH:MM:SS,OP_001
SCAN_001582,QR261005A0201,,MOVE,M1,2026-10-05 07:38:30,YYYY-MM-DD HH:MM:SS,OP_001
SCAN_001583,QR261005A0201,,MOVE,M2,2026-10-05 07:41:00,YYYY-MM-DD HH:MM:SS,OP_001
SCAN_001584,QR261005A0201,,MOVE,HT,2026-10-05 07:43:30,YYYY-MM-DD HH:MM:SS,OP_001
SCAN_001585,QR261005A0201,,MOVE,AS1,2026-10-05 07:54:00,YYYY-MM-DD HH:MM:SS,OP_001
SCAN_001586,QR261005A0201,,MOVE,T1,2026-10-05 07:56:30,YYYY-MM-DD HH:MM:SS,OP_001
SCAN_001587,QR261005A0201,,MOVE,PK,2026-10-05 07:59:00,YYYY-MM-DD HH:MM:SS,OP_001
SCAN_001588,QR261005A0201,,MOVE,SHP,2026-10-05 08:01:30,YYYY-MM-DD HH:MM:SS,OP_001
SCAN_001589,QR261005A0202,,RECEIVE,INB,2026-10-05 16:24:00,YYYY-MM-DD HH:MM:SS,OP_001
SCAN_001590,QR261005A0202,,MOVE,M1,2026-10-05 16:26:30,YYYY-MM-DD HH:MM:SS,OP_001
SCAN_001591,QR261005A0202,,MOVE,M2,2026-10-05 16:29:00,YYYY-MM-DD HH:MM:SS,OP_001
SCAN_001592,QR261005A0202,,MOVE,HT,2026-10-05 16:31:30,YYYY-MM-DD HH:MM:SS,OP_001
SCAN_001593,QR261005A0202,,MOVE,AS1,2026-10-05 16:42:00,YYYY-MM-DD HH:MM:SS,OP_001
SCAN_001594,QR261005A0202,,MOVE,T1,2026-10-05 16:44:30,YYYY-MM-DD HH:MM:SS,OP_001
SCAN_001595,QR261005A0202,,MOVE,PK,2026-10-05 16:47:00,YYYY-MM-DD HH:MM:SS,OP_001
SCAN_001596,QR261005A0202,,MOVE,SHP,2026-10-05 16:49:30,YYYY-MM-DD HH:MM:SS,OP_001
SCAN_001597,QR261005B0203,,RECEIVE,INB,2026-10-05 09:12:00,YYYY-MM-DD HH:MM:SS,OP_001
SCAN_001598,QR261005B0203,,MOVE,M1,2026-10-05 09:14:30,YYYY-MM-DD HH:MM:SS,OP_001
SCAN_001599,QR261005B0203,,MOVE,HT,2026-10-05 09:17:00,YYYY-MM-DD HH:MM:SS,OP_001
SCAN_001600,QR261005B0203,,MOVE,AS2,2026-10-05 09:27:30,YYYY-MM-DD HH:MM:SS,OP_001
SCAN_001601,QR261005B0203,,MOVE,T1,2026-10-05 09:30:00,YYYY-MM-DD HH:MM:SS,OP_001
SCAN_001602,QR261005B0203,,MOVE,PK,2026-10-05 09:32:30,YYYY-MM-DD HH:MM:SS,OP_001
SCAN_001603,QR261005B0203,,MOVE,SHP,2026-10-05 09:35:00,YYYY-MM-DD HH:MM:SS,OP_001
SCAN_001604,QR261006B0204,,RECEIVE,INB,2026-10-06 06:00:00,YYYY-MM-DD HH:MM:SS,OP_001
SCAN_001605,QR261006B0204,,MOVE,M1,2026-10-06 06:02:30,YYYY-MM-DD HH:MM:SS,OP_001
SCAN_001606,QR261006B0204,,MOVE,HT,2026-10-06 06:05:00,YYYY-MM-DD HH:MM:SS,OP_001
SCAN_001607,QR261006B0204,,MOVE,AS2,2026-10-06 06:15:30,YYYY-MM-DD HH:MM:SS,OP_001
SCAN_001608,QR261006B0204,,MOVE,T1,2026-10-06 06:18:00,YYYY-MM-DD HH:MM:SS,OP_001
SCAN_001609,QR261006B0204,,MOVE,PK,2026-10-06 06:20:30,YYYY-MM-DD HH:MM:SS,OP_001
SCAN_001610,QR261006B0204,,MOVE,SHP,2026-10-06 06:23:00,YYYY-MM-DD HH:MM:SS,OP_001
SCAN_001611,QR261006A0205,,RECEIVE,INB,2026-10-06 14:48:00,YYYY-MM-DD HH:MM:SS,OP_001
SCAN_001612,QR261006A0205,,MOVE,M1,2026-10-06 14:50:30,YYYY-MM-DD HH:MM:SS,OP_001
SCAN_001613,QR261006A0205,,MOVE,M2,2026-10-06 14:53:00,YYYY-MM-DD HH:MM:SS,OP_001
SCAN_001614,QR261006A0205,,MOVE,HT,2026-10-06 14:55:30,YYYY-MM-DD HH:MM:SS,OP_001
SCAN_001615,QR261006A0205,,MOVE,AS1,2026-10-06 15:06:00,YYYY-MM-DD HH:MM:SS,OP_001
SCAN_001616,QR261006A0205,,MOVE,T1,2026-10-06 15:08:30,YYYY-MM-DD HH:MM:SS,OP_001
SCAN_001617,QR261006A0205,,MOVE,PK,2026-10-06 15:11:00,YYYY-MM-DD HH:MM:SS,OP_001
SCAN_001618,QR261006A0205,,MOVE,SHP,2026-10-06 15:13:30,YYYY-MM-DD HH:MM:SS,OP_001
SCAN_001619,QR261006A0206,,RECEIVE,INB,2026-10-06 07:36:00,YYYY-MM-DD HH:MM:SS,OP_001
SCAN_001620,QR261006A0206,,MOVE,M1,2026-10-06 07:38:30,YYYY-MM-DD HH:MM:SS,OP_001
SCAN_001621,QR261006A0206,,MOVE,M2,2026-10-06 07:41:00,YYYY-MM-DD HH:MM:SS,OP_001
SCAN_001622,QR261006A0206,,MOVE,HT,2026-10-06 07:43:30,YYYY-MM-DD HH:MM:SS,OP_001
SCAN_001623,QR261006A0206,,MOVE,AS1,2026-10-06 07:54:00,YYYY-MM-DD HH:MM:SS,OP_001
SCAN_001624,QR261006A0206,,MOVE,T1,2026-10-06 07:56:30,YYYY-MM-DD HH:MM:SS,OP_001
SCAN_001625,QR261006A0206,,MOVE,PK,2026-10-06 07:59:00,YYYY-MM-DD HH:MM:SS,OP_001
SCAN_001626,QR261006A0206,,MOVE,SHP,2026-10-06 08:01:30,YYYY-MM-DD HH:MM:SS,OP_001
SCAN_001627,QR261006B0207,,RECEIVE,INB,2026-10-06 16:24:00,YYYY-MM-DD HH:MM:SS,OP_001
SCAN_001628,QR261006B0207,,MOVE,M1,2026-10-06 16:26:30,YYYY-MM-DD HH:MM:SS,OP_001
SCAN_001629,QR261006B0207,,MOVE,HT,2026-10-06 16:29:00,YYYY-MM-DD HH:MM:SS,OP_001
SCAN_001630,QR261006B0207,,MOVE,AS2,2026-10-06 16:39:30,YYYY-MM-DD HH:MM:SS,OP_001
SCAN_001631,QR261006B0207,,MOVE,T1,2026-10-06 16:42:00,YYYY-MM-DD HH:MM:SS,OP_001
SCAN_001632,QR261006B0207,,MOVE,PK,2026-10-06 16:44:30,YYYY-MM-DD HH:MM:SS,OP_001
SCAN_001633,QR261006B0207,,MOVE,SHP,2026-10-06 16:47:00,YYYY-MM-DD HH:MM:SS,OP_001
SCAN_001634,QR261006B0208,,RECEIVE,INB,2026-10-06 09:12:00,YYYY-MM-DD HH:MM:SS,OP_001
SCAN_001635,QR261006B0208,,MOVE,M1,2026-10-06 09:14:30,YYYY-MM-DD HH:MM:SS,OP_001
SCAN_001636,QR261006B0208,,MOVE,HT,2026-10-06 09:17:00,YYYY-MM-DD HH:MM:SS,OP_001
SCAN_001637,QR261006B0208,,MOVE,AS2,2026-10-06 09:27:30,YYYY-MM-DD HH:MM:SS,OP_001
SCAN_001638,QR261006B0208,,MOVE,T1,2026-10-06 09:30:00,YYYY-MM-DD HH:MM:SS,OP_001
SCAN_001639,QR261006B0208,,MOVE,PK,2026-10-06 09:32:30,YYYY-MM-DD HH:MM:SS,OP_001
SCAN_001640,QR261006B0208,,MOVE,SHP,2026-10-06 09:35:00,YYYY-MM-DD HH:MM:SS,OP_001
SCAN_001641,QR261006A0209,,RECEIVE,INB,2026-10-06 18:00:00,YYYY-MM-DD HH:MM:SS,OP_001
SCAN_001642,QR261006A0209,,MOVE,M1,2026-10-06 18:02:30,YYYY-MM-DD HH:MM:SS,OP_001
SCAN_001643,QR261006A0209,,MOVE,M2,2026-10-06 18:05:00,YYYY-MM-DD HH:MM:SS,OP_001
SCAN_001644,QR261006A0209,,MOVE,HT,2026-10-06 18:07:30,YYYY-MM-DD HH:MM:SS,OP_001
SCAN_001645,QR261006A0209,,MOVE,AS1,2026-10-06 18:18:00,YYYY-MM-DD HH:MM:SS,OP_001
SCAN_001647,QR261006A0209,,MOVE,PK,2026-10-06 18:23:00,YYYY-MM-DD HH:MM:SS,OP_001
SCAN_001648,QR261006A0209,,MOVE,SHP,2026-10-06 18:25:30,YYYY-MM-DD HH:MM:SS,OP_001
SCAN_001649,QR261006A0210,,RECEIVE,INB,2026-10-06 10:48:00,YYYY-MM-DD HH:MM:SS,OP_001
SCAN_001650,QR261006A0210,,MOVE,M1,2026-10-06 10:50:30,YYYY-MM-DD HH:MM:SS,OP_001
SCAN_001651,QR261006A0210,,MOVE,M2,2026-10-06 10:53:00,YYYY-MM-DD HH:MM:SS,OP_001
SCAN_001652,QR261006A0210,,MOVE,HT,2026-10-06 10:55:30,YYYY-MM-DD HH:MM:SS,OP_001
SCAN_001653,QR261006A0210,,MOVE,AS1,2026-10-06 11:06:00,YYYY-MM-DD HH:MM:SS,OP_001
SCAN_001654,QR261006A0210,,MOVE,T1,2026-10-06 11:08:30,YYYY-MM-DD HH:MM:SS,OP_001
SCAN_001655,QR261006A0210,,MOVE,PK,2026-10-06 11:11:00,YYYY-MM-DD HH:MM:SS,OP_001
SCAN_001656,QR261006A0210,,MOVE,SHP,2026-10-06 11:13:30,YYYY-MM-DD HH:MM:SS,OP_001
SCAN_001657,QR261006B0211,,RECEIVE,INB,2026-10-06 19:36:00,YYYY-MM-DD HH:MM:SS,OP_001
SCAN_001658,QR261006B0211,,MOVE,M1,2026-10-06 19:38:30,YYYY-MM-DD HH:MM:SS,OP_001
SCAN_001659,QR261006B0211,,MOVE,HT,2026-10-06 19:41:00,YYYY-MM-DD HH:MM:SS,OP_001
SCAN_001660,QR261006B0211,,MOVE,AS2,2026-10-06 19:51:30,YYYY-MM-DD HH:MM:SS,OP_001
SCAN_001661,QR261006B0211,,MOVE,T1,2026-10-06 19:54:00,YYYY-MM-DD HH:MM:SS,OP_001
SCAN_001662,QR261006B0211,,MOVE,PK,2026-10-06 19:56:30,YYYY-MM-DD HH:MM:SS,OP_001
SCAN_001663,QR261006B0211,,MOVE,SHP,2026-10-06 19:59:00,YYYY-MM-DD HH:MM:SS,OP_001
SCAN_001664,QR261006B0212,,RECEIVE,INB,2026-10-06 06:00:00,YYYY-MM-DD HH:MM:SS,OP_001
SCAN_001665,QR261006B0212,,MOVE,M1,2026-10-06 06:02:30,YYYY-MM-DD HH:MM:SS,OP_001
SCAN_001666,QR261006B0212,,MOVE,HT,2026-10-06 06:05:00,YYYY-MM-DD HH:MM:SS,OP_001
SCAN_001668,QR261006B0212,,MOVE,T1,2026-10-06 06:18:00,YYYY-MM-DD HH:MM:SS,OP_001
SCAN_001669,QR261006B0212,,MOVE,PK,2026-10-06 06:20:30,YYYY-MM-DD HH:MM:SS,OP_001
SCAN_001670,QR261006B0212,,MOVE,SHP,2026-10-06 06:23:00,YYYY-MM-DD HH:MM:SS,OP_001
SCAN_001671,QR261006A0213,,RECEIVE,INB,2026-10-06 14:48:00,YYYY-MM-DD HH:MM:SS,OP_001
SCAN_001672,QR261006A0213,,MOVE,M1,2026-10-06 14:50:30,YYYY-MM-DD HH:MM:SS,OP_001
SCAN_001673,QR261006A0213,,MOVE,M2,2026-10-06 14:53:00,YYYY-MM-DD HH:MM:SS,OP_001
SCAN_001674,QR261006A0213,,MOVE,HT,2026-10-06 14:55:30,YYYY-MM-DD HH:MM:SS,OP_001
SCAN_001675,QR261006A0213,,MOVE,AS1,2026-10-06 15:06:00,YYYY-MM-DD HH:MM:SS,OP_001
SCAN_001676,QR261006A0213,,MOVE,T1,2026-10-06 15:08:30,YYYY-MM-DD HH:MM:SS,OP_001
SCAN_001677,QR261006A0213,,MOVE,PK,2026-10-06 15:11:00,YYYY-MM-DD HH:MM:SS,OP_001
SCAN_001678,QR261006A0213,,MOVE,SHP,2026-10-06 15:13:30,YYYY-MM-DD HH:MM:SS,OP_001
SCAN_001679,QR261006A0214,,RECEIVE,INB,2026-10-06 07:36:00,YYYY-MM-DD HH:MM:SS,OP_001
SCAN_001680,QR261006A0214,,MOVE,M1,2026-10-06 07:38:30,YYYY-MM-DD HH:MM:SS,OP_001
SCAN_001681,QR261006A0214,,MOVE,M2,2026-10-06 07:41:00,YYYY-MM-DD HH:MM:SS,OP_001
SCAN_001683,QR261006A0214,,MOVE,AS1,2026-10-06 07:54:00,YYYY-MM-DD HH:MM:SS,OP_001
SCAN_001684,QR261006A0214,,MOVE,T1,2026-10-06 07:56:30,YYYY-MM-DD HH:MM:SS,OP_001
SCAN_001685,QR261006A0214,,MOVE,PK,2026-10-06 07:59:00,YYYY-MM-DD HH:MM:SS,OP_001
SCAN_001686,QR261006A0214,,MOVE,SHP,2026-10-06 08:01:30,YYYY-MM-DD HH:MM:SS,OP_001
SCAN_001687,QR261006B0215,,RECEIVE,INB,2026-10-06 16:24:00,YYYY-MM-DD HH:MM:SS,OP_001
SCAN_001688,QR261006B0215,,MOVE,M1,2026-10-06 16:26:30,YYYY-MM-DD HH:MM:SS,OP_001
SCAN_001689,QR261006B0215,,MOVE,HT,2026-10-06 16:29:00,YYYY-MM-DD HH:MM:SS,OP_001
SCAN_001690,QR261006B0215,,MOVE,AS2,2026-10-06 16:39:30,YYYY-MM-DD HH:MM:SS,OP_001
SCAN_001691,QR261006B0215,,MOVE,T1,2026-10-06 16:42:00,YYYY-MM-DD HH:MM:SS,OP_001
SCAN_001692,QR261006B0215,,MOVE,PK,2026-10-06 16:44:30,YYYY-MM-DD HH:MM:SS,OP_001
SCAN_001693,QR261006B0215,,MOVE,SHP,2026-10-06 16:47:00,YYYY-MM-DD HH:MM:SS,OP_001
SCAN_001694,QR261006B0216,,RECEIVE,INB,2026-10-06 09:12:00,YYYY-MM-DD HH:MM:SS,OP_001
SCAN_001695,QR261006B0216,,MOVE,M1,2026-10-06 09:14:30,YYYY-MM-DD HH:MM:SS,OP_001
SCAN_001696,QR261006B0216,,MOVE,HT,2026-10-06 09:17:00,YYYY-MM-DD HH:MM:SS,OP_001
SCAN_001697,QR261006B0216,,MOVE,AS2,2026-10-06 09:27:30,YYYY-MM-DD HH:MM:SS,OP_001
SCAN_001698,QR261006B0216,,MOVE,T1,2026-10-06 09:30:00,YYYY-MM-DD HH:MM:SS,OP_001
SCAN_001699,QR261006B0216,,MOVE,PK,2026-10-06 09:32:30,YYYY-MM-DD HH:MM:SS,OP_001
SCAN_001700,QR261006B0216,,MOVE,SHP,2026-10-06 09:35:00,YYYY-MM-DD HH:MM:SS,OP_001
SCAN_001701,QR261006A0217,,RECEIVE,INB,2026-10-06 18:00:00,YYYY-MM-DD HH:MM:SS,OP_001
SCAN_001702,QR261006A0217,,MOVE,M1,2026-10-06 18:02:30,YYYY-MM-DD HH:MM:SS,OP_001
SCAN_001703,QR261006A0217,,MOVE,M2,2026-10-06 18:05:00,YYYY-MM-DD HH:MM:SS,OP_001
SCAN_001704,QR261006A0217,,MOVE,HT,2026-10-06 18:07:30,YYYY-MM-DD HH:MM:SS,OP_001
SCAN_001705,QR261006A0217,,MOVE,AS1,2026-10-06 18:18:00,YYYY-MM-DD HH:MM:SS,OP_001
SCAN_001706,QR261006A0217,,MOVE,T1,2026-10-06 18:20:30,YYYY-MM-DD HH:MM:SS,OP_001
SCAN_001707,QR261006A0217,,MOVE,PK,2026-10-06 18:23:00,YYYY-MM-DD HH:MM:SS,OP_001
SCAN_001708,QR261006A0217,,MOVE,SHP,2026-10-06 18:25:30,YYYY-MM-DD HH:MM:SS,OP_001
SCAN_001709,QR261006A0218,,RECEIVE,INB,2026-10-06 10:48:00,YYYY-MM-DD HH:MM:SS,OP_001
SCAN_001710,QR261006A0218,,MOVE,M1,2026-10-06 10:50:30,YYYY-MM-DD HH:MM:SS,OP_001
SCAN_001711,QR261006A0218,,MOVE,M2,2026-10-06 10:53:00,YYYY-MM-DD HH:MM:SS,OP_001
SCAN_001712,QR261006A0218,,MOVE,HT,2026-10-06 10:55:30,YYYY-MM-DD HH:MM:SS,OP_001
SCAN_001713,QR261006A0218,,MOVE,AS1,2026-10-06 11:06:00,YYYY-MM-DD HH:MM:SS,OP_001
SCAN_001714,QR261006A0218,,MOVE,T1,2026-10-06 11:08:30,YYYY-MM-DD HH:MM:SS,OP_001
SCAN_001715,QR261006A0218,,MOVE,PK,2026-10-06 11:11:00,YYYY-MM-DD HH:MM:SS,OP_001
SCAN_001716,QR261006A0218,,MOVE,SHP,2026-10-06 11:13:30,YYYY-MM-DD HH:MM:SS,OP_001
SCAN_001717,QR261006B0219,,RECEIVE,INB,2026-10-06 19:36:00,YYYY-MM-DD HH:MM:SS,OP_001
SCAN_001718,QR261006B0219,,MOVE,M1,2026-10-06 19:38:30,YYYY-MM-DD HH:MM:SS,OP_001
SCAN_001719,QR261006B0219,,MOVE,HT,2026-10-06 19:41:00,YYYY-MM-DD HH:MM:SS,OP_001
SCAN_001720,QR261006B0219,,MOVE,AS2,2026-10-06 19:51:30,YYYY-MM-DD HH:MM:SS,OP_001
SCAN_001721,QR261006B0219,,MOVE,T1,2026-10-06 19:54:00,YYYY-MM-DD HH:MM:SS,OP_001
SCAN_001722,QR261006B0219,,MOVE,PK,2026-10-06 19:56:30,YYYY-MM-DD HH:MM:SS,OP_001
SCAN_001723,QR261006B0219,,MOVE,SHP,2026-10-06 19:59:00,YYYY-MM-DD HH:MM:SS,OP_001
SCAN_001724,QR261006B0220,,RECEIVE,INB,2026-10-06 06:00:00,YYYY-MM-DD HH:MM:SS,OP_001
SCAN_001725,QR261006B0220,,MOVE,M1,2026-10-06 06:02:30,YYYY-MM-DD HH:MM:SS,OP_001
SCAN_001726,QR261006B0220,,MOVE,HT,2026-10-06 06:05:00,YYYY-MM-DD HH:MM:SS,OP_001
SCAN_001727,QR261006B0220,,MOVE,AS2,2026-10-06 06:15:30,YYYY-MM-DD HH:MM:SS,OP_001
SCAN_001728,QR261006B0220,,MOVE,T1,2026-10-06 06:18:00,YYYY-MM-DD HH:MM:SS,OP_001
SCAN_001729,QR261006B0220,,MOVE,PK,2026-10-06 06:20:30,YYYY-MM-DD HH:MM:SS,OP_001
SCAN_001730,QR261006B0220,,MOVE,SHP,2026-10-06 06:23:00,YYYY-MM-DD HH:MM:SS,OP_001
SCAN_001731,QR261006A0221,,RECEIVE,INB,2026-10-06 14:48:00,YYYY-MM-DD HH:MM:SS,OP_001
SCAN_001732,QR261006A0221,,MOVE,M1,2026-10-06 14:50:30,YYYY-MM-DD HH:MM:SS,OP_001
SCAN_001733,QR261006A0221,,MOVE,M2,2026-10-06 14:53:00,YYYY-MM-DD HH:MM:SS,OP_001
SCAN_001734,QR261006A0221,,MOVE,HT,2026-10-06 14:55:30,YYYY-MM-DD HH:MM:SS,OP_001
SCAN_001735,QR261006A0221,,MOVE,AS1,2026-10-06 15:06:00,YYYY-MM-DD HH:MM:SS,OP_001
SCAN_001736,QR261006A0221,,MOVE,T1,2026-10-06 15:08:30,YYYY-MM-DD HH:MM:SS,OP_001
SCAN_001737,QR261006A0221,,MOVE,PK,2026-10-06 15:11:00,YYYY-MM-DD HH:MM:SS,OP_001
SCAN_001738,QR261006A0221,,MOVE,SHP,2026-10-06 15:13:30,YYYY-MM-DD HH:MM:SS,OP_001
SCAN_001739,QR261006A0222,,RECEIVE,INB,2026-10-06 07:36:00,YYYY-MM-DD HH:MM:SS,OP_001
SCAN_001740,QR261006A0222,,MOVE,M1,2026-10-06 07:38:30,YYYY-MM-DD HH:MM:SS,OP_001
SCAN_001741,QR261006A0222,,MOVE,M2,2026-10-06 07:41:00,YYYY-MM-DD HH:MM:SS,OP_001
SCAN_001742,QR261006A0222,,MOVE,HT,2026-10-06 07:43:30,YYYY-MM-DD HH:MM:SS,OP_001
SCAN_001743,QR261006A0222,,MOVE,AS1,2026-10-06 07:54:00,YYYY-MM-DD HH:MM:SS,OP_001
SCAN_001744,QR261006A0222,,MOVE,T1,2026-10-06 07:56:30,YYYY-MM-DD HH:MM:SS,OP_001
SCAN_001745,QR261006A0222,,MOVE,PK,2026-10-06 07:59:00,YYYY-MM-DD HH:MM:SS,OP_001
SCAN_001746,QR261006A0222,,MOVE,SHP,2026-10-06 08:01:30,YYYY-MM-DD HH:MM:SS,OP_001
SCAN_001747,QR261006B0223,,RECEIVE,INB,2026-10-06 16:24:00,YYYY-MM-DD HH:MM:SS,OP_001
SCAN_001748,QR261006B0223,,MOVE,M1,2026-10-06 16:26:30,YYYY-MM-DD HH:MM:SS,OP_001
SCAN_001749,QR261006B0223,,MOVE,HT,2026-10-06 16:29:00,YYYY-MM-DD HH:MM:SS,OP_001
SCAN_001750,QR261006B0223,,MOVE,AS2,2026-10-06 16:39:30,YYYY-MM-DD HH:MM:SS,OP_001
SCAN_001751,QR261006B0223,,MOVE,T1,2026-10-06 16:42:00,YYYY-MM-DD HH:MM:SS,OP_001
SCAN_001752,QR261006B0223,,MOVE,PK,2026-10-06 16:44:30,YYYY-MM-DD HH:MM:SS,OP_001
SCAN_001753,QR261006B0223,,MOVE,SHP,2026-10-06 16:47:00,YYYY-MM-DD HH:MM:SS,OP_001
SCAN_001754,QR261006B0224,,RECEIVE,INB,2026-10-06 09:12:00,YYYY-MM-DD HH:MM:SS,OP_001
SCAN_001755,QR261006B0224,,MOVE,M1,2026-10-06 09:14:30,YYYY-MM-DD HH:MM:SS,OP_001
SCAN_001756,QR261006B0224,,MOVE,HT,2026-10-06 09:17:00,YYYY-MM-DD HH:MM:SS,OP_001
SCAN_001757,QR261006B0224,,MOVE,AS2,2026-10-06 09:27:30,YYYY-MM-DD HH:MM:SS,OP_001
SCAN_001758,QR261006B0224,,MOVE,T1,2026-10-06 09:30:00,YYYY-MM-DD HH:MM:SS,OP_001
SCAN_001759,QR261006B0224,,MOVE,PK,2026-10-06 09:32:30,YYYY-MM-DD HH:MM:SS,OP_001
SCAN_001760,QR261006B0224,,MOVE,SHP,2026-10-06 09:35:00,YYYY-MM-DD HH:MM:SS,OP_001
SCAN_001761,QR261006A0225,,RECEIVE,INB,2026-10-06 18:00:00,YYYY-MM-DD HH:MM:SS,OP_001
SCAN_001762,QR261006A0225,,MOVE,M1,2026-10-06 18:02:30,YYYY-MM-DD HH:MM:SS,OP_001
SCAN_001763,QR261006A0225,,MOVE,M2,2026-10-06 18:05:00,YYYY-MM-DD HH:MM:SS,OP_001
SCAN_001764,QR261006A0225,,MOVE,HT,2026-10-06 18:07:30,YYYY-MM-DD HH:MM:SS,OP_001
SCAN_001765,QR261006A0225,,MOVE,AS1,2026-10-06 18:18:00,YYYY-MM-DD HH:MM:SS,OP_001
SCAN_001766,QR261006A0225,,MOVE,T1,2026-10-06 18:20:30,YYYY-MM-DD HH:MM:SS,OP_001
SCAN_001767,QR261006A0225,,MOVE,PK,2026-10-06 18:23:00,YYYY-MM-DD HH:MM:SS,OP_001
SCAN_001768,QR261006A0225,,MOVE,SHP,2026-10-06 18:25:30,YYYY-MM-DD HH:MM:SS,OP_001
SCAN_001769,QR261006A0226,,RECEIVE,INB,2026-10-06 10:48:00,YYYY-MM-DD HH:MM:SS,OP_001
SCAN_001770,QR261006A0226,,MOVE,M1,2026-10-06 10:50:30,YYYY-MM-DD HH:MM:SS,OP_001
SCAN_001771,QR261006A0226,,MOVE,M2,2026-10-06 10:53:00,YYYY-MM-DD HH:MM:SS,OP_001
SCAN_001772,QR261006A0226,,MOVE,HT,2026-10-06 10:55:30,YYYY-MM-DD HH:MM:SS,OP_001
SCAN_001773,QR261006A0226,,MOVE,AS1,2026-10-06 11:06:00,YYYY-MM-DD HH:MM:SS,OP_001
SCAN_001774,QR261006A0226,,MOVE,T1,2026-10-06 11:08:30,YYYY-MM-DD HH:MM:SS,OP_001
SCAN_001775,QR261006A0226,,MOVE,PK,2026-10-06 11:11:00,YYYY-MM-DD HH:MM:SS,OP_001
SCAN_001776,QR261006A0226,,MOVE,SHP,2026-10-06 11:13:30,YYYY-MM-DD HH:MM:SS,OP_001
SCAN_001777,QR261006B0227,,RECEIVE,INB,2026-10-06 19:36:00,YYYY-MM-DD HH:MM:SS,OP_001
SCAN_001778,QR261006B0227,,MOVE,M1,2026-10-06 19:38:30,YYYY-MM-DD HH:MM:SS,OP_001
SCAN_001779,QR261006B0227,,MOVE,HT,2026-10-06 19:41:00,YYYY-MM-DD HH:MM:SS,OP_001
SCAN_001780,QR261006B0227,,MOVE,AS2,2026-10-06 19:51:30,YYYY-MM-DD HH:MM:SS,OP_001
SCAN_001781,QR261006B0227,,MOVE,T1,2026-10-06 19:54:00,YYYY-MM-DD HH:MM:SS,OP_001
SCAN_001782,QR261006B0227,,MOVE,PK,2026-10-06 19:56:30,YYYY-MM-DD HH:MM:SS,OP_001
SCAN_001783,QR261006B0227,,MOVE,SHP,2026-10-06 19:59:00,YYYY-MM-DD HH:MM:SS,OP_001
SCAN_001784,QR261006B0228,,RECEIVE,INB,2026-10-06 06:00:00,YYYY-MM-DD HH:MM:SS,OP_001
SCAN_001785,QR261006B0228,,MOVE,M1,2026-10-06 06:02:30,YYYY-MM-DD HH:MM:SS,OP_001
SCAN_001786,QR261006B0228,,MOVE,HT,2026-10-06 06:05:00,YYYY-MM-DD HH:MM:SS,OP_001
SCAN_001787,QR261006B0228,,MOVE,AS2,2026-10-06 06:15:30,YYYY-MM-DD HH:MM:SS,OP_001
SCAN_001788,QR261006B0228,,MOVE,T1,2026-10-06 06:18:00,YYYY-MM-DD HH:MM:SS,OP_001
SCAN_001789,QR261006B0228,,MOVE,PK,2026-10-06 06:20:30,YYYY-MM-DD HH:MM:SS,OP_001
SCAN_001790,QR261006B0228,,MOVE,SHP,2026-10-06 06:23:00,YYYY-MM-DD HH:MM:SS,OP_001
SCAN_001791,QR261006A0229,,RECEIVE,INB,2026-10-06 14:48:00,YYYY-MM-DD HH:MM:SS,OP_001
SCAN_001792,QR261006A0229,,MOVE,M1,2026-10-06 14:50:30,YYYY-MM-DD HH:MM:SS,OP_001
SCAN_001793,QR261006A0229,,MOVE,M2,2026-10-06 14:53:00,YYYY-MM-DD HH:MM:SS,OP_001
SCAN_001794,QR261006A0229,,MOVE,HT,2026-10-06 14:55:30,YYYY-MM-DD HH:MM:SS,OP_001
SCAN_001795,QR261006A0229,,MOVE,AS1,2026-10-06 15:06:00,YYYY-MM-DD HH:MM:SS,OP_001
SCAN_001796,QR261006A0229,,MOVE,T1,2026-10-06 15:08:30,YYYY-MM-DD HH:MM:SS,OP_001
SCAN_001797,QR261006A0229,,MOVE,PK,2026-10-06 15:11:00,YYYY-MM-DD HH:MM:SS,OP_001
SCAN_001798,QR261006A0229,,MOVE,SHP,2026-10-06 15:13:30,YYYY-MM-DD HH:MM:SS,OP_001
SCAN_001799,QR261006A0230,,RECEIVE,INB,2026-10-06 07:36:00,YYYY-MM-DD HH:MM:SS,OP_001
SCAN_001800,QR261006A0230,,MOVE,M1,2026-10-06 07:38:30,YYYY-MM-DD HH:MM:SS,OP_001
SCAN_001801,QR261006A0230,,MOVE,M2,2026-10-06 07:41:00,YYYY-MM-DD HH:MM:SS,OP_001
SCAN_001802,QR261006A0230,,MOVE,HT,2026-10-06 07:43:30,YYYY-MM-DD HH:MM:SS,OP_001
SCAN_001803,QR261006A0230,,MOVE,AS1,2026-10-06 07:54:00,YYYY-MM-DD HH:MM:SS,OP_001
SCAN_001804,QR261006A0230,,MOVE,T1,2026-10-06 07:56:30,YYYY-MM-DD HH:MM:SS,OP_001
SCAN_001805,QR261006A0230,,MOVE,PK,2026-10-06 07:59:00,YYYY-MM-DD HH:MM:SS,OP_001
SCAN_001806,QR261006A0230,,MOVE,SHP,2026-10-06 08:01:30,YYYY-MM-DD HH:MM:SS,OP_001
SCAN_001807,QR261006B0231,,RECEIVE,INB,2026-10-06 16:24:00,YYYY-MM-DD HH:MM:SS,OP_001
SCAN_001808,QR261006B0231,,MOVE,M1,2026-10-06 16:26:30,YYYY-MM-DD HH:MM:SS,OP_001
SCAN_001809,QR261006B0231,,MOVE,HT,2026-10-06 16:29:00,YYYY-MM-DD HH:MM:SS,OP_001
SCAN_001810,QR261006B0231,,MOVE,AS2,2026-10-06 16:39:30,YYYY-MM-DD HH:MM:SS,OP_001
SCAN_001811,QR261006B0231,,MOVE,T1,2026-10-06 16:42:00,YYYY-MM-DD HH:MM:SS,OP_001
SCAN_001812,QR261006B0231,,MOVE,PK,2026-10-06 16:44:30,YYYY-MM-DD HH:MM:SS,OP_001
SCAN_001813,QR261006B0231,,MOVE,SHP,2026-10-06 16:47:00,YYYY-MM-DD HH:MM:SS,OP_001
SCAN_001814,QR261006B0232,,RECEIVE,INB,2026-10-06 09:12:00,YYYY-MM-DD HH:MM:SS,OP_001
SCAN_001815,QR261006B0232,,MOVE,M1,2026-10-06 09:14:30,YYYY-MM-DD HH:MM:SS,OP_001
SCAN_001816,QR261006B0232,,MOVE,HT,2026-10-06 09:17:00,YYYY-MM-DD HH:MM:SS,OP_001
SCAN_001817,QR261006B0232,,MOVE,AS2,2026-10-06 09:27:30,YYYY-MM-DD HH:MM:SS,OP_001
SCAN_001818,QR261006B0232,,MOVE,T1,2026-10-06 09:30:00,YYYY-MM-DD HH:MM:SS,OP_001
SCAN_001819,QR261006B0232,,MOVE,PK,2026-10-06 09:32:30,YYYY-MM-DD HH:MM:SS,OP_001
SCAN_001820,QR261006B0232,,MOVE,SHP,2026-10-06 09:35:00,YYYY-MM-DD HH:MM:SS,OP_001
SCAN_001821,QR261007A0233,,RECEIVE,INB,2026-10-07 06:00:00,YYYY-MM-DD HH:MM:SS,OP_001
SCAN_001822,QR261007A0233,,MOVE,M1,2026-10-07 06:02:30,YYYY-MM-DD HH:MM:SS,OP_001
SCAN_001823,QR261007A0233,,MOVE,M2,2026-10-07 06:05:00,YYYY-MM-DD HH:MM:SS,OP_001
SCAN_001824,QR261007A0233,,MOVE,HT,2026-10-07 06:07:30,YYYY-MM-DD HH:MM:SS,OP_001
SCAN_001826,QR261007A0233,,MOVE,T1,2026-10-07 06:20:30,YYYY-MM-DD HH:MM:SS,OP_001
SCAN_001827,QR261007A0233,,MOVE,PK,2026-10-07 06:23:00,YYYY-MM-DD HH:MM:SS,OP_001
SCAN_001828,QR261007A0233,,MOVE,SHP,2026-10-07 06:25:30,YYYY-MM-DD HH:MM:SS,OP_001
SCAN_001829,QR261007A0234,,RECEIVE,INB,2026-10-07 14:48:00,YYYY-MM-DD HH:MM:SS,OP_001
SCAN_001830,QR261007A0234,,MOVE,M1,2026-10-07 14:50:30,YYYY-MM-DD HH:MM:SS,OP_001
SCAN_001831,QR261007A0234,,MOVE,M2,2026-10-07 14:53:00,YYYY-MM-DD HH:MM:SS,OP_001
SCAN_001832,QR261007A0234,,MOVE,HT,2026-10-07 14:55:30,YYYY-MM-DD HH:MM:SS,OP_001
SCAN_001833,QR261007A0234,,MOVE,AS1,2026-10-07 15:06:00,YYYY-MM-DD HH:MM:SS,OP_001
SCAN_001834,QR261007A0234,,MOVE,T1,2026-10-07 15:08:30,YYYY-MM-DD HH:MM:SS,OP_001
SCAN_001835,QR261007A0234,,MOVE,PK,2026-10-07 15:11:00,YYYY-MM-DD HH:MM:SS,OP_001
SCAN_001836,QR261007A0234,,MOVE,SHP,2026-10-07 15:13:30,YYYY-MM-DD HH:MM:SS,OP_001
SCAN_001837,QR261007B0235,,RECEIVE,INB,2026-10-07 07:36:00,YYYY-MM-DD HH:MM:SS,OP_001
SCAN_001838,QR261007B0235,,MOVE,M1,2026-10-07 07:38:30,YYYY-MM-DD HH:MM:SS,OP_001
SCAN_001839,QR261007B0235,,MOVE,HT,2026-10-07 07:41:00,YYYY-MM-DD HH:MM:SS,OP_001
SCAN_001840,QR261007B0235,,MOVE,AS2,2026-10-07 07:51:30,YYYY-MM-DD HH:MM:SS,OP_001
SCAN_001841,QR261007B0235,,MOVE,T1,2026-10-07 07:54:00,YYYY-MM-DD HH:MM:SS,OP_001
SCAN_001842,QR261007B0235,,MOVE,PK,2026-10-07 07:56:30,YYYY-MM-DD HH:MM:SS,OP_001
SCAN_001843,QR261007B0235,,MOVE,SHP,2026-10-07 07:59:00,YYYY-MM-DD HH:MM:SS,OP_001
SCAN_001844,QR261007B0236,,RECEIVE,INB,2026-10-07 16:24:00,YYYY-MM-DD HH:MM:SS,OP_001
SCAN_001845,QR261007B0236,,MOVE,M1,2026-10-07 16:26:30,YYYY-MM-DD HH:MM:SS,OP_001
SCAN_001846,QR261007B0236,,MOVE,HT,2026-10-07 16:29:00,YYYY-MM-DD HH:MM:SS,OP_001
SCAN_001847,QR261007B0236,,MOVE,AS2,2026-10-07 16:39:30,YYYY-MM-DD HH:MM:SS,OP_001
SCAN_001848,QR261007B0236,,MOVE,T1,2026-10-07 16:42:00,YYYY-MM-DD HH:MM:SS,OP_001
SCAN_001849,QR261007B0236,,MOVE,PK,2026-10-07 16:44:30,YYYY-MM-DD HH:MM:SS,OP_001
SCAN_001850,QR261007B0236,,MOVE,SHP,2026-10-07 16:47:00,YYYY-MM-DD HH:MM:SS,OP_001
SCAN_001851,QR261007A0237,,RECEIVE,INB,2026-10-07 09:12:00,YYYY-MM-DD HH:MM:SS,OP_001
SCAN_001852,QR261007A0237,,MOVE,M1,2026-10-07 09:14:30,YYYY-MM-DD HH:MM:SS,OP_001
SCAN_001853,QR261007A0237,,MOVE,M2,2026-10-07 09:17:00,YYYY-MM-DD HH:MM:SS,OP_001
SCAN_001854,QR261007A0237,,MOVE,HT,2026-10-07 09:19:30,YYYY-MM-DD HH:MM:SS,OP_001
SCAN_001855,QR261007A0237,,MOVE,AS1,2026-10-07 09:30:00,YYYY-MM-DD HH:MM:SS,OP_001
SCAN_001856,QR261007A0237,,MOVE,T1,2026-10-07 09:32:30,YYYY-MM-DD HH:MM:SS,OP_001
SCAN_001857,QR261007A0237,,MOVE,PK,2026-10-07 09:35:00,YYYY-MM-DD HH:MM:SS,OP_001
SCAN_001858,QR261007A0237,,MOVE,SHP,2026-10-07 09:37:30,YYYY-MM-DD HH:MM:SS,OP_001
SCAN_001859,QR261007A0238,,RECEIVE,INB,2026-10-07 18:00:00,YYYY-MM-DD HH:MM:SS,OP_001
SCAN_001860,QR261007A0238,,MOVE,M1,2026-10-07 18:02:30,YYYY-MM-DD HH:MM:SS,OP_001
SCAN_001861,QR261007A0238,,MOVE,M2,2026-10-07 18:05:00,YYYY-MM-DD HH:MM:SS,OP_001
SCAN_001862,QR261007A0238,,MOVE,HT,2026-10-07 18:07:30,YYYY-MM-DD HH:MM:SS,OP_001
SCAN_001863,QR261007A0238,,MOVE,AS1,2026-10-07 18:18:00,YYYY-MM-DD HH:MM:SS,OP_001
SCAN_001864,QR261007A0238,,MOVE,T1,2026-10-07 18:20:30,YYYY-MM-DD HH:MM:SS,OP_001
SCAN_001865,QR261007A0238,,MOVE,PK,2026-10-07 18:23:00,YYYY-MM-DD HH:MM:SS,OP_001
SCAN_001866,QR261007A0238,,MOVE,SHP,2026-10-07 18:25:30,YYYY-MM-DD HH:MM:SS,OP_001
SCAN_001867,QR261007B0239,,RECEIVE,INB,2026-10-07 10:48:00,YYYY-MM-DD HH:MM:SS,OP_001
SCAN_001868,QR261007B0239,,MOVE,M1,2026-10-07 10:50:30,YYYY-MM-DD HH:MM:SS,OP_001
SCAN_001869,QR261007B0239,,MOVE,HT,2026-10-07 10:53:00,YYYY-MM-DD HH:MM:SS,OP_001
SCAN_001870,QR261007B0239,,MOVE,AS2,2026-10-07 11:03:30,YYYY-MM-DD HH:MM:SS,OP_001
SCAN_001871,QR261007B0239,,MOVE,T1,2026-10-07 11:06:00,YYYY-MM-DD HH:MM:SS,OP_001
SCAN_001872,QR261007B0239,,MOVE,PK,2026-10-07 11:08:30,YYYY-MM-DD HH:MM:SS,OP_001
SCAN_001873,QR261007B0239,,MOVE,SHP,2026-10-07 11:11:00,YYYY-MM-DD HH:MM:SS,OP_001
SCAN_001874,QR261007B0240,,RECEIVE,INB,2026-10-07 19:36:00,YYYY-MM-DD HH:MM:SS,OP_001
SCAN_001875,QR261007B0240,,MOVE,M1,2026-10-07 19:38:30,YYYY-MM-DD HH:MM:SS,OP_001
SCAN_001876,QR261007B0240,,MOVE,HT,2026-10-07 19:41:00,YYYY-MM-DD HH:MM:SS,OP_001
SCAN_001877,QR261007B0240,,MOVE,AS2,2026-10-07 19:51:30,YYYY-MM-DD HH:MM:SS,OP_001
SCAN_001878,QR261007B0240,,MOVE,T1,2026-10-07 19:54:00,YYYY-MM-DD HH:MM:SS,OP_001
SCAN_001879,QR261007B0240,,MOVE,PK,2026-10-07 19:56:30,YYYY-MM-DD HH:MM:SS,OP_001
SCAN_001880,QR261007B0240,,MOVE,SHP,2026-10-07 19:59:00,YYYY-MM-DD HH:MM:SS,OP_001
SCAN_001881,QR261007A0241,,RECEIVE,INB,2026-10-07 06:00:00,YYYY-MM-DD HH:MM:SS,OP_001
SCAN_001882,QR261007A0241,,MOVE,M1,2026-10-07 06:02:30,YYYY-MM-DD HH:MM:SS,OP_001
SCAN_001883,QR261007A0241,,MOVE,M2,2026-10-07 06:05:00,YYYY-MM-DD HH:MM:SS,OP_001
SCAN_001884,QR261007A0241,,MOVE,HT,2026-10-07 06:07:30,YYYY-MM-DD HH:MM:SS,OP_001
SCAN_001886,QR261007A0241,,MOVE,T1,2026-10-07 06:20:30,YYYY-MM-DD HH:MM:SS,OP_001
SCAN_001887,QR261007A0241,,MOVE,PK,2026-10-07 06:23:00,YYYY-MM-DD HH:MM:SS,OP_001
SCAN_001888,QR261007A0241,,MOVE,SHP,2026-10-07 06:25:30,YYYY-MM-DD HH:MM:SS,OP_001
SCAN_001889,QR261007A0242,,RECEIVE,INB,2026-10-07 14:48:00,YYYY-MM-DD HH:MM:SS,OP_001
SCAN_001890,QR261007A0242,,MOVE,M1,2026-10-07 14:50:30,YYYY-MM-DD HH:MM:SS,OP_001
SCAN_001891,QR261007A0242,,MOVE,M2,2026-10-07 14:53:00,YYYY-MM-DD HH:MM:SS,OP_001
SCAN_001892,QR261007A0242,,MOVE,HT,2026-10-07 14:55:30,YYYY-MM-DD HH:MM:SS,OP_001
SCAN_001893,QR261007A0242,,MOVE,AS1,2026-10-07 15:06:00,YYYY-MM-DD HH:MM:SS,OP_001
SCAN_001894,QR261007A0242,,MOVE,T1,2026-10-07 15:08:30,YYYY-MM-DD HH:MM:SS,OP_001
SCAN_001895,QR261007A0242,,MOVE,PK,2026-10-07 15:11:00,YYYY-MM-DD HH:MM:SS,OP_001
SCAN_001896,QR261007A0242,,MOVE,SHP,2026-10-07 15:13:30,YYYY-MM-DD HH:MM:SS,OP_001
SCAN_001897,QR261007B0243,,RECEIVE,INB,2026-10-07 07:36:00,YYYY-MM-DD HH:MM:SS,OP_001
SCAN_001898,QR261007B0243,,MOVE,M1,2026-10-07 07:38:30,YYYY-MM-DD HH:MM:SS,OP_001
SCAN_001899,QR261007B0243,,MOVE,HT,2026-10-07 07:41:00,YYYY-MM-DD HH:MM:SS,OP_001
SCAN_001900,QR261007B0243,,MOVE,AS2,2026-10-07 07:51:30,YYYY-MM-DD HH:MM:SS,OP_001
SCAN_001901,QR261007B0243,,MOVE,T1,2026-10-07 07:54:00,YYYY-MM-DD HH:MM:SS,OP_001
SCAN_001902,QR261007B0243,,MOVE,PK,2026-10-07 07:56:30,YYYY-MM-DD HH:MM:SS,OP_001
SCAN_001903,QR261007B0243,,MOVE,SHP,2026-10-07 07:59:00,YYYY-MM-DD HH:MM:SS,OP_001
SCAN_001904,QR261007B0244,,RECEIVE,INB,2026-10-07 16:24:00,YYYY-MM-DD HH:MM:SS,OP_001
SCAN_001905,QR261007B0244,,MOVE,M1,2026-10-07 16:26:30,YYYY-MM-DD HH:MM:SS,OP_001
SCAN_001906,QR261007B0244,,MOVE,HT,2026-10-07 16:29:00,YYYY-MM-DD HH:MM:SS,OP_001
SCAN_001907,QR261007B0244,,MOVE,AS2,2026-10-07 16:39:30,YYYY-MM-DD HH:MM:SS,OP_001
SCAN_001908,QR261007B0244,,MOVE,T1,2026-10-07 16:42:00,YYYY-MM-DD HH:MM:SS,OP_001
SCAN_001909,QR261007B0244,,MOVE,PK,2026-10-07 16:44:30,YYYY-MM-DD HH:MM:SS,OP_001
SCAN_001910,QR261007B0244,,MOVE,SHP,2026-10-07 16:47:00,YYYY-MM-DD HH:MM:SS,OP_001
SCAN_001911,QR261007A0245,,RECEIVE,INB,2026-10-07 09:12:00,YYYY-MM-DD HH:MM:SS,OP_001
SCAN_001912,QR261007A0245,,MOVE,M1,2026-10-07 09:14:30,YYYY-MM-DD HH:MM:SS,OP_001
SCAN_001913,QR261007A0245,,MOVE,M2,2026-10-07 09:17:00,YYYY-MM-DD HH:MM:SS,OP_001
SCAN_001914,QR261007A0245,,MOVE,HT,2026-10-07 09:19:30,YYYY-MM-DD HH:MM:SS,OP_001
SCAN_001915,QR261007A0245,,MOVE,AS1,2026-10-07 09:30:00,YYYY-MM-DD HH:MM:SS,OP_001
SCAN_001916,QR261007A0245,,MOVE,T1,2026-10-07 09:32:30,YYYY-MM-DD HH:MM:SS,OP_001
SCAN_001917,QR261007A0245,,MOVE,PK,2026-10-07 09:35:00,YYYY-MM-DD HH:MM:SS,OP_001
SCAN_001918,QR261007A0245,,MOVE,SHP,2026-10-07 09:37:30,YYYY-MM-DD HH:MM:SS,OP_001
SCAN_001919,QR261007A0246,,RECEIVE,INB,2026-10-07 18:00:00,YYYY-MM-DD HH:MM:SS,OP_001
SCAN_001920,QR261007A0246,,MOVE,M1,2026-10-07 18:02:30,YYYY-MM-DD HH:MM:SS,OP_001
SCAN_001921,QR261007A0246,,MOVE,M2,2026-10-07 18:05:00,YYYY-MM-DD HH:MM:SS,OP_001
SCAN_001922,QR261007A0246,,MOVE,HT,2026-10-07 18:07:30,YYYY-MM-DD HH:MM:SS,OP_001
SCAN_001923,QR261007A0246,,MOVE,AS1,2026-10-07 18:18:00,YYYY-MM-DD HH:MM:SS,OP_001
SCAN_001924,QR261007A0246,,MOVE,T1,2026-10-07 18:20:30,YYYY-MM-DD HH:MM:SS,OP_001
SCAN_001925,QR261007A0246,,MOVE,PK,2026-10-07 18:23:00,YYYY-MM-DD HH:MM:SS,OP_001
SCAN_001926,QR261007A0246,,MOVE,SHP,2026-10-07 18:25:30,YYYY-MM-DD HH:MM:SS,OP_001
SCAN_001927,QR261007B0247,,RECEIVE,INB,2026-10-07 10:48:00,YYYY-MM-DD HH:MM:SS,OP_001
SCAN_001928,QR261007B0247,,MOVE,M1,2026-10-07 10:50:30,YYYY-MM-DD HH:MM:SS,OP_001
SCAN_001929,QR261007B0247,,MOVE,HT,2026-10-07 10:53:00,YYYY-MM-DD HH:MM:SS,OP_001
SCAN_001930,QR261007B0247,,MOVE,AS2,2026-10-07 11:03:30,YYYY-MM-DD HH:MM:SS,OP_001
SCAN_001931,QR261007B0247,,MOVE,T1,2026-10-07 11:06:00,YYYY-MM-DD HH:MM:SS,OP_001
SCAN_001932,QR261007B0247,,MOVE,PK,2026-10-07 11:08:30,YYYY-MM-DD HH:MM:SS,OP_001
SCAN_001933,QR261007B0247,,MOVE,SHP,2026-10-07 11:11:00,YYYY-MM-DD HH:MM:SS,OP_001
SCAN_001934,QR261007B0248,,RECEIVE,INB,2026-10-07 19:36:00,YYYY-MM-DD HH:MM:SS,OP_001
SCAN_001935,QR261007B0248,,MOVE,M1,2026-10-07 19:38:30,YYYY-MM-DD HH:MM:SS,OP_001
SCAN_001936,QR261007B0248,,MOVE,HT,2026-10-07 19:41:00,YYYY-MM-DD HH:MM:SS,OP_001
SCAN_001937,QR261007B0248,,MOVE,AS2,2026-10-07 19:51:30,YYYY-MM-DD HH:MM:SS,OP_001
SCAN_001938,QR261007B0248,,MOVE,T1,2026-10-07 19:54:00,YYYY-MM-DD HH:MM:SS,OP_001
SCAN_001939,QR261007B0248,,MOVE,PK,2026-10-07 19:56:30,YYYY-MM-DD HH:MM:SS,OP_001
SCAN_001940,QR261007B0248,,MOVE,SHP,2026-10-07 19:59:00,YYYY-MM-DD HH:MM:SS,OP_001
SCAN_001941,QR261007A0249,,RECEIVE,INB,2026-10-07 06:00:00,YYYY-MM-DD HH:MM:SS,OP_001
SCAN_001942,QR261007A0249,,MOVE,M1,2026-10-07 06:02:30,YYYY-MM-DD HH:MM:SS,OP_001
SCAN_001943,QR261007A0249,,MOVE,M2,2026-10-07 06:05:00,YYYY-MM-DD HH:MM:SS,OP_001
SCAN_001944,QR261007A0249,,MOVE,HT,2026-10-07 06:07:30,YYYY-MM-DD HH:MM:SS,OP_001
SCAN_001945,QR261007A0249,,MOVE,AS1,2026-10-07 06:18:00,YYYY-MM-DD HH:MM:SS,OP_001
SCAN_001946,QR261007A0249,,MOVE,T1,2026-10-07 06:20:30,YYYY-MM-DD HH:MM:SS,OP_001
SCAN_001947,QR261007A0249,,MOVE,PK,2026-10-07 06:23:00,YYYY-MM-DD HH:MM:SS,OP_001
SCAN_001948,QR261007A0249,,MOVE,SHP,2026-10-07 06:25:30,YYYY-MM-DD HH:MM:SS,OP_001
SCAN_001949,QR261007A0250,,RECEIVE,INB,2026-10-07 14:48:00,YYYY-MM-DD HH:MM:SS,OP_001
SCAN_001950,QR261007A0250,,MOVE,M1,2026-10-07 14:50:30,YYYY-MM-DD HH:MM:SS,OP_001
SCAN_001951,QR261007A0250,,MOVE,M2,2026-10-07 14:53:00,YYYY-MM-DD HH:MM:SS,OP_001
SCAN_001952,QR261007A0250,,MOVE,HT,2026-10-07 14:55:30,YYYY-MM-DD HH:MM:SS,OP_001
SCAN_001953,QR261007A0250,,MOVE,AS1,2026-10-07 15:06:00,YYYY-MM-DD HH:MM:SS,OP_001
SCAN_001954,QR261007A0250,,MOVE,T1,2026-10-07 15:08:30,YYYY-MM-DD HH:MM:SS,OP_001
SCAN_001955,QR261007A0250,,MOVE,PK,2026-10-07 15:11:00,YYYY-MM-DD HH:MM:SS,OP_001
SCAN_001956,QR261007A0250,,MOVE,SHP,2026-10-07 15:13:30,YYYY-MM-DD HH:MM:SS,OP_001
SCAN_001957,QR261007B0251,,RECEIVE,INB,2026-10-07 07:36:00,YYYY-MM-DD HH:MM:SS,OP_001
SCAN_001958,QR261007B0251,,MOVE,M1,2026-10-07 07:38:30,YYYY-MM-DD HH:MM:SS,OP_001
SCAN_001959,QR261007B0251,,MOVE,HT,2026-10-07 07:41:00,YYYY-MM-DD HH:MM:SS,OP_001
SCAN_001960,QR261007B0251,,MOVE,AS2,2026-10-07 07:51:30,YYYY-MM-DD HH:MM:SS,OP_001
SCAN_001962,QR261007B0251,,MOVE,PK,2026-10-07 07:56:30,YYYY-MM-DD HH:MM:SS,OP_001
SCAN_001963,QR261007B0251,,MOVE,SHP,2026-10-07 07:59:00,YYYY-MM-DD HH:MM:SS,OP_001
SCAN_001964,QR261007B0252,,RECEIVE,INB,2026-10-07 16:24:00,YYYY-MM-DD HH:MM:SS,OP_001
SCAN_001965,QR261007B0252,,MOVE,M1,2026-10-07 16:26:30,YYYY-MM-DD HH:MM:SS,OP_001
SCAN_001966,QR261007B0252,,MOVE,HT,2026-10-07 16:29:00,YYYY-MM-DD HH:MM:SS,OP_001
SCAN_001967,QR261007B0252,,MOVE,AS2,2026-10-07 16:39:30,YYYY-MM-DD HH:MM:SS,OP_001
SCAN_001968,QR261007B0252,,MOVE,T1,2026-10-07 16:42:00,YYYY-MM-DD HH:MM:SS,OP_001
SCAN_001969,QR261007B0252,,MOVE,PK,2026-10-07 16:44:30,YYYY-MM-DD HH:MM:SS,OP_001
SCAN_001970,QR261007B0252,,MOVE,SHP,2026-10-07 16:47:00,YYYY-MM-DD HH:MM:SS,OP_001
SCAN_001971,QR261007A0253,,RECEIVE,INB,2026-10-07 09:12:00,YYYY-MM-DD HH:MM:SS,OP_001
SCAN_001972,QR261007A0253,,MOVE,M1,2026-10-07 09:14:30,YYYY-MM-DD HH:MM:SS,OP_001
SCAN_001973,QR261007A0253,,MOVE,M2,2026-10-07 09:17:00,YYYY-MM-DD HH:MM:SS,OP_001
SCAN_001974,QR261007A0253,,MOVE,HT,2026-10-07 09:19:30,YYYY-MM-DD HH:MM:SS,OP_001
SCAN_001975,QR261007A0253,,MOVE,AS1,2026-10-07 09:30:00,YYYY-MM-DD HH:MM:SS,OP_001
SCAN_001976,QR261007A0253,,MOVE,T1,2026-10-07 09:32:30,YYYY-MM-DD HH:MM:SS,OP_001
SCAN_001977,QR261007A0253,,MOVE,PK,2026-10-07 09:35:00,YYYY-MM-DD HH:MM:SS,OP_001
SCAN_001978,QR261007A0253,,MOVE,SHP,2026-10-07 09:37:30,YYYY-MM-DD HH:MM:SS,OP_001
SCAN_001979,QR261007A0254,,RECEIVE,INB,2026-10-07 18:00:00,YYYY-MM-DD HH:MM:SS,OP_001
SCAN_001980,QR261007A0254,,MOVE,M1,2026-10-07 18:02:30,YYYY-MM-DD HH:MM:SS,OP_001
SCAN_001981,QR261007A0254,,MOVE,M2,2026-10-07 18:05:00,YYYY-MM-DD HH:MM:SS,OP_001
SCAN_001982,QR261007A0254,,MOVE,HT,2026-10-07 18:07:30,YYYY-MM-DD HH:MM:SS,OP_001
SCAN_001983,QR261007A0254,,MOVE,AS1,2026-10-07 18:18:00,YYYY-MM-DD HH:MM:SS,OP_001
SCAN_001984,QR261007A0254,,MOVE,T1,2026-10-07 18:20:30,YYYY-MM-DD HH:MM:SS,OP_001
SCAN_001985,QR261007A0254,,MOVE,PK,2026-10-07 18:23:00,YYYY-MM-DD HH:MM:SS,OP_001
SCAN_001986,QR261007A0254,,MOVE,SHP,2026-10-07 18:25:30,YYYY-MM-DD HH:MM:SS,OP_001
SCAN_001987,QR261007B0255,,RECEIVE,INB,2026-10-07 10:48:00,YYYY-MM-DD HH:MM:SS,OP_001
SCAN_001988,QR261007B0255,,MOVE,M1,2026-10-07 10:50:30,YYYY-MM-DD HH:MM:SS,OP_001
SCAN_001989,QR261007B0255,,MOVE,HT,2026-10-07 10:53:00,YYYY-MM-DD HH:MM:SS,OP_001
SCAN_001990,QR261007B0255,,MOVE,AS2,2026-10-07 11:03:30,YYYY-MM-DD HH:MM:SS,OP_001
SCAN_001991,QR261007B0255,,MOVE,T1,2026-10-07 11:06:00,YYYY-MM-DD HH:MM:SS,OP_001
SCAN_001992,QR261007B0255,,MOVE,PK,2026-10-07 11:08:30,YYYY-MM-DD HH:MM:SS,OP_001
SCAN_001993,QR261007B0255,,MOVE,SHP,2026-10-07 11:11:00,YYYY-MM-DD HH:MM:SS,OP_001
SCAN_001994,QR261007B0256,,RECEIVE,INB,2026-10-07 19:36:00,YYYY-MM-DD HH:MM:SS,OP_001
SCAN_001995,QR261007B0256,,MOVE,M1,2026-10-07 19:38:30,YYYY-MM-DD HH:MM:SS,OP_001
SCAN_001996,QR261007B0256,,MOVE,HT,2026-10-07 19:41:00,YYYY-MM-DD HH:MM:SS,OP_001
SCAN_001997,QR261007B0256,,MOVE,AS2,2026-10-07 19:51:30,YYYY-MM-DD HH:MM:SS,OP_001
SCAN_001998,QR261007B0256,,MOVE,T1,2026-10-07 19:54:00,YYYY-MM-DD HH:MM:SS,OP_001
SCAN_001999,QR261007B0256,,MOVE,PK,2026-10-07 19:56:30,YYYY-MM-DD HH:MM:SS,OP_001
SCAN_002000,QR261007B0256,,MOVE,SHP,2026-10-07 19:59:00,YYYY-MM-DD HH:MM:SS,OP_001
SCAN_002001,QR261007A0257,,RECEIVE,INB,2026-10-07 06:00:00,YYYY-MM-DD HH:MM:SS,OP_001
SCAN_002002,QR261007A0257,,MOVE,M1,2026-10-07 06:02:30,YYYY-MM-DD HH:MM:SS,OP_001
SCAN_002003,QR261007A0257,,MOVE,M2,2026-10-07 06:05:00,YYYY-MM-DD HH:MM:SS,OP_001
SCAN_002004,QR261007A0257,,MOVE,HT,2026-10-07 06:07:30,YYYY-MM-DD HH:MM:SS,OP_001
SCAN_002005,QR261007A0257,,MOVE,AS1,2026-10-07 06:18:00,YYYY-MM-DD HH:MM:SS,OP_001
SCAN_002006,QR261007A0257,,MOVE,T1,2026-10-07 06:20:30,YYYY-MM-DD HH:MM:SS,OP_001
SCAN_002007,QR261007A0257,,MOVE,PK,2026-10-07 06:23:00,YYYY-MM-DD HH:MM:SS,OP_001
SCAN_002008,QR261007A0257,,MOVE,SHP,2026-10-07 06:25:30,YYYY-MM-DD HH:MM:SS,OP_001
SCAN_002009,QR261007A0258,,RECEIVE,INB,2026-10-07 14:48:00,YYYY-MM-DD HH:MM:SS,OP_001
SCAN_002010,QR261007A0258,,MOVE,M1,2026-10-07 14:50:30,YYYY-MM-DD HH:MM:SS,OP_001
SCAN_002011,QR261007A0258,,MOVE,M2,2026-10-07 14:53:00,YYYY-MM-DD HH:MM:SS,OP_001
SCAN_002012,QR261007A0258,,MOVE,HT,2026-10-07 14:55:30,YYYY-MM-DD HH:MM:SS,OP_001
SCAN_002013,QR261007A0258,,MOVE,AS1,2026-10-07 15:06:00,YYYY-MM-DD HH:MM:SS,OP_001
SCAN_002014,QR261007A0258,,MOVE,T1,2026-10-07 15:08:30,YYYY-MM-DD HH:MM:SS,OP_001
SCAN_002015,QR261007A0258,,MOVE,PK,2026-10-07 15:11:00,YYYY-MM-DD HH:MM:SS,OP_001
SCAN_002016,QR261007A0258,,MOVE,SHP,2026-10-07 15:13:30,YYYY-MM-DD HH:MM:SS,OP_001
SCAN_002017,QR261007B0259,,RECEIVE,INB,2026-10-07 07:36:00,YYYY-MM-DD HH:MM:SS,OP_001
SCAN_002018,QR261007B0259,,MOVE,M1,2026-10-07 07:38:30,YYYY-MM-DD HH:MM:SS,OP_001
SCAN_002019,QR261007B0259,,MOVE,HT,2026-10-07 07:41:00,YYYY-MM-DD HH:MM:SS,OP_001
SCAN_002020,QR261007B0259,,MOVE,AS2,2026-10-07 07:51:30,YYYY-MM-DD HH:MM:SS,OP_001
SCAN_002021,QR261007B0259,,MOVE,T1,2026-10-07 07:54:00,YYYY-MM-DD HH:MM:SS,OP_001
SCAN_002022,QR261007B0259,,MOVE,PK,2026-10-07 07:56:30,YYYY-MM-DD HH:MM:SS,OP_001
SCAN_002023,QR261007B0259,,MOVE,SHP,2026-10-07 07:59:00,YYYY-MM-DD HH:MM:SS,OP_001
SCAN_002024,QR261007B0260,,RECEIVE,INB,2026-10-07 16:24:00,YYYY-MM-DD HH:MM:SS,OP_001
SCAN_002025,QR261007B0260,,MOVE,M1,2026-10-07 16:26:30,YYYY-MM-DD HH:MM:SS,OP_001
SCAN_002026,QR261007B0260,,MOVE,HT,2026-10-07 16:29:00,YYYY-MM-DD HH:MM:SS,OP_001
SCAN_002027,QR261007B0260,,MOVE,AS2,2026-10-07 16:39:30,YYYY-MM-DD HH:MM:SS,OP_001
SCAN_002028,QR261007B0260,,MOVE,T1,2026-10-07 16:42:00,YYYY-MM-DD HH:MM:SS,OP_001
SCAN_002029,QR261007B0260,,MOVE,PK,2026-10-07 16:44:30,YYYY-MM-DD HH:MM:SS,OP_001
SCAN_002030,QR261007B0260,,MOVE,SHP,2026-10-07 16:47:00,YYYY-MM-DD HH:MM:SS,OP_001
SCAN_002031,QR261008A0261,,RECEIVE,INB,2026-10-08 06:00:00,YYYY-MM-DD HH:MM:SS,OP_001
SCAN_002032,QR261008A0261,,MOVE,M1,2026-10-08 06:02:30,YYYY-MM-DD HH:MM:SS,OP_001
SCAN_002033,QR261008A0261,,MOVE,M2,2026-10-08 06:05:00,YYYY-MM-DD HH:MM:SS,OP_001
SCAN_002034,QR261008A0261,,MOVE,HT,2026-10-08 06:07:30,YYYY-MM-DD HH:MM:SS,OP_001
SCAN_002035,QR261008A0261,,MOVE,AS1,2026-10-08 06:18:00,YYYY-MM-DD HH:MM:SS,OP_001
SCAN_002036,QR261008A0261,,MOVE,T1,2026-10-08 06:20:30,YYYY-MM-DD HH:MM:SS,OP_001
SCAN_002037,QR261008A0261,,MOVE,PK,2026-10-08 06:23:00,YYYY-MM-DD HH:MM:SS,OP_001
SCAN_002038,QR261008A0261,,MOVE,SHP,2026-10-08 06:25:30,YYYY-MM-DD HH:MM:SS,OP_001
SCAN_002039,QR261008A0262,,RECEIVE,INB,2026-10-08 14:48:00,YYYY-MM-DD HH:MM:SS,OP_001
SCAN_002040,QR261008A0262,,MOVE,M1,2026-10-08 14:50:30,YYYY-MM-DD HH:MM:SS,OP_001
SCAN_002041,QR261008A0262,,MOVE,M2,2026-10-08 14:53:00,YYYY-MM-DD HH:MM:SS,OP_001
SCAN_002042,QR261008A0262,,MOVE,HT,2026-10-08 14:55:30,YYYY-MM-DD HH:MM:SS,OP_001
SCAN_002043,QR261008A0262,,MOVE,AS1,2026-10-08 15:06:00,YYYY-MM-DD HH:MM:SS,OP_001
SCAN_002044,QR261008A0262,,MOVE,T1,2026-10-08 15:08:30,YYYY-MM-DD HH:MM:SS,OP_001
SCAN_002045,QR261008A0262,,MOVE,PK,2026-10-08 15:11:00,YYYY-MM-DD HH:MM:SS,OP_001
SCAN_002046,QR261008A0262,,MOVE,SHP,2026-10-08 15:13:30,YYYY-MM-DD HH:MM:SS,OP_001
SCAN_002047,QR261008B0263,,RECEIVE,INB,2026-10-08 07:36:00,YYYY-MM-DD HH:MM:SS,OP_001
SCAN_002048,QR261008B0263,,MOVE,M1,2026-10-08 07:38:30,YYYY-MM-DD HH:MM:SS,OP_001
SCAN_002049,QR261008B0263,,MOVE,HT,2026-10-08 07:41:00,YYYY-MM-DD HH:MM:SS,OP_001
SCAN_002050,QR261008B0263,,MOVE,AS2,2026-10-08 07:51:30,YYYY-MM-DD HH:MM:SS,OP_001
SCAN_002051,QR261008B0263,,MOVE,T1,2026-10-08 07:54:00,YYYY-MM-DD HH:MM:SS,OP_001
SCAN_002052,QR261008B0263,,MOVE,PK,2026-10-08 07:56:30,YYYY-MM-DD HH:MM:SS,OP_001
SCAN_002053,QR261008B0263,,MOVE,SHP,2026-10-08 07:59:00,YYYY-MM-DD HH:MM:SS,OP_001
SCAN_002054,QR261008B0264,,RECEIVE,INB,2026-10-08 16:24:00,YYYY-MM-DD HH:MM:SS,OP_001
SCAN_002055,QR261008B0264,,MOVE,M1,2026-10-08 16:26:30,YYYY-MM-DD HH:MM:SS,OP_001
SCAN_002056,QR261008B0264,,MOVE,HT,2026-10-08 16:29:00,YYYY-MM-DD HH:MM:SS,OP_001
SCAN_002057,QR261008B0264,,MOVE,AS2,2026-10-08 16:39:30,YYYY-MM-DD HH:MM:SS,OP_001
SCAN_002058,QR261008B0264,,MOVE,T1,2026-10-08 16:42:00,YYYY-MM-DD HH:MM:SS,OP_001
SCAN_002059,QR261008B0264,,MOVE,PK,2026-10-08 16:44:30,YYYY-MM-DD HH:MM:SS,OP_001
SCAN_002060,QR261008B0264,,MOVE,SHP,2026-10-08 16:47:00,YYYY-MM-DD HH:MM:SS,OP_001
SCAN_002061,QR261008A0265,,RECEIVE,INB,2026-10-08 09:12:00,YYYY-MM-DD HH:MM:SS,OP_001
SCAN_002062,QR261008A0265,,MOVE,M1,2026-10-08 09:14:30,YYYY-MM-DD HH:MM:SS,OP_001
SCAN_002063,QR261008A0265,,MOVE,M2,2026-10-08 09:17:00,YYYY-MM-DD HH:MM:SS,OP_001
SCAN_002064,QR261008A0265,,MOVE,HT,2026-10-08 09:19:30,YYYY-MM-DD HH:MM:SS,OP_001
SCAN_002065,QR261008A0265,,MOVE,AS1,2026-10-08 09:30:00,YYYY-MM-DD HH:MM:SS,OP_001
SCAN_002066,QR261008A0265,,MOVE,T1,2026-10-08 09:32:30,YYYY-MM-DD HH:MM:SS,OP_001
SCAN_002067,QR261008A0265,,MOVE,PK,2026-10-08 09:35:00,YYYY-MM-DD HH:MM:SS,OP_001
SCAN_002068,QR261008A0265,,MOVE,SHP,2026-10-08 09:37:30,YYYY-MM-DD HH:MM:SS,OP_001
SCAN_002069,QR261008A0266,,RECEIVE,INB,2026-10-08 18:00:00,YYYY-MM-DD HH:MM:SS,OP_001
SCAN_002070,QR261008A0266,,MOVE,M1,2026-10-08 18:02:30,YYYY-MM-DD HH:MM:SS,OP_001
SCAN_002071,QR261008A0266,,MOVE,M2,2026-10-08 18:05:00,YYYY-MM-DD HH:MM:SS,OP_001
SCAN_002072,QR261008A0266,,MOVE,HT,2026-10-08 18:07:30,YYYY-MM-DD HH:MM:SS,OP_001
SCAN_002073,QR261008A0266,,MOVE,AS1,2026-10-08 18:18:00,YYYY-MM-DD HH:MM:SS,OP_001
SCAN_002074,QR261008A0266,,MOVE,T1,2026-10-08 18:20:30,YYYY-MM-DD HH:MM:SS,OP_001
SCAN_002075,QR261008A0266,,MOVE,PK,2026-10-08 18:23:00,YYYY-MM-DD HH:MM:SS,OP_001
SCAN_002076,QR261008A0266,,MOVE,SHP,2026-10-08 18:25:30,YYYY-MM-DD HH:MM:SS,OP_001
SCAN_002077,QR261008B0267,,RECEIVE,INB,2026-10-08 10:48:00,YYYY-MM-DD HH:MM:SS,OP_001
SCAN_002078,QR261008B0267,,MOVE,M1,2026-10-08 10:50:30,YYYY-MM-DD HH:MM:SS,OP_001
SCAN_002079,QR261008B0267,,MOVE,HT,2026-10-08 10:53:00,YYYY-MM-DD HH:MM:SS,OP_001
SCAN_002080,QR261008B0267,,MOVE,AS2,2026-10-08 11:03:30,YYYY-MM-DD HH:MM:SS,OP_001
SCAN_002081,QR261008B0267,,MOVE,T1,2026-10-08 11:06:00,YYYY-MM-DD HH:MM:SS,OP_001
SCAN_002082,QR261008B0267,,MOVE,PK,2026-10-08 11:08:30,YYYY-MM-DD HH:MM:SS,OP_001
SCAN_002083,QR261008B0267,,MOVE,SHP,2026-10-08 11:11:00,YYYY-MM-DD HH:MM:SS,OP_001
SCAN_002084,QR261008B0268,,RECEIVE,INB,2026-10-08 19:36:00,YYYY-MM-DD HH:MM:SS,OP_001
SCAN_002085,QR261008B0268,,MOVE,M1,2026-10-08 19:38:30,YYYY-MM-DD HH:MM:SS,OP_001
SCAN_002086,QR261008B0268,,MOVE,HT,2026-10-08 19:41:00,YYYY-MM-DD HH:MM:SS,OP_001
SCAN_002087,QR261008B0268,,MOVE,AS2,2026-10-08 19:51:30,YYYY-MM-DD HH:MM:SS,OP_001
SCAN_002088,QR261008B0268,,MOVE,T1,2026-10-08 19:54:00,YYYY-MM-DD HH:MM:SS,OP_001
SCAN_002089,QR261008B0268,,MOVE,PK,2026-10-08 19:56:30,YYYY-MM-DD HH:MM:SS,OP_001
SCAN_002090,QR261008B0268,,MOVE,SHP,2026-10-08 19:59:00,YYYY-MM-DD HH:MM:SS,OP_001
SCAN_002091,QR261008A0269,,RECEIVE,INB,2026-10-08 06:00:00,YYYY-MM-DD HH:MM:SS,OP_001
SCAN_002092,QR261008A0269,,MOVE,M1,2026-10-08 06:02:30,YYYY-MM-DD HH:MM:SS,OP_001
SCAN_002093,QR261008A0269,,MOVE,M2,2026-10-08 06:05:00,YYYY-MM-DD HH:MM:SS,OP_001
SCAN_002094,QR261008A0269,,MOVE,HT,2026-10-08 06:07:30,YYYY-MM-DD HH:MM:SS,OP_001
SCAN_002095,QR261008A0269,,MOVE,AS1,2026-10-08 06:18:00,YYYY-MM-DD HH:MM:SS,OP_001
SCAN_002096,QR261008A0269,,MOVE,T1,2026-10-08 06:20:30,YYYY-MM-DD HH:MM:SS,OP_001
SCAN_002097,QR261008A0269,,MOVE,PK,2026-10-08 06:23:00,YYYY-MM-DD HH:MM:SS,OP_001
SCAN_002098,QR261008A0269,,MOVE,SHP,2026-10-08 06:25:30,YYYY-MM-DD HH:MM:SS,OP_001
SCAN_002099,QR261008A0270,,RECEIVE,INB,2026-10-08 14:48:00,YYYY-MM-DD HH:MM:SS,OP_001
SCAN_002100,QR261008A0270,,MOVE,M1,2026-10-08 14:50:30,YYYY-MM-DD HH:MM:SS,OP_001
SCAN_002101,QR261008A0270,,MOVE,M2,2026-10-08 14:53:00,YYYY-MM-DD HH:MM:SS,OP_001
SCAN_002102,QR261008A0270,,MOVE,HT,2026-10-08 14:55:30,YYYY-MM-DD HH:MM:SS,OP_001
SCAN_002103,QR261008A0270,,MOVE,AS1,2026-10-08 15:06:00,YYYY-MM-DD HH:MM:SS,OP_001
SCAN_002104,QR261008A0270,,MOVE,T1,2026-10-08 15:08:30,YYYY-MM-DD HH:MM:SS,OP_001
SCAN_002105,QR261008A0270,,MOVE,PK,2026-10-08 15:11:00,YYYY-MM-DD HH:MM:SS,OP_001
SCAN_002106,QR261008A0270,,MOVE,SHP,2026-10-08 15:13:30,YYYY-MM-DD HH:MM:SS,OP_001
SCAN_002107,QR261008B0271,,RECEIVE,INB,2026-10-08 07:36:00,YYYY-MM-DD HH:MM:SS,OP_001
SCAN_002108,QR261008B0271,,MOVE,M1,2026-10-08 07:38:30,YYYY-MM-DD HH:MM:SS,OP_001
SCAN_002109,QR261008B0271,,MOVE,HT,2026-10-08 07:41:00,YYYY-MM-DD HH:MM:SS,OP_001
SCAN_002110,QR261008B0271,,MOVE,AS2,2026-10-08 07:51:30,YYYY-MM-DD HH:MM:SS,OP_001
SCAN_002111,QR261008B0271,,MOVE,T1,2026-10-08 07:54:00,YYYY-MM-DD HH:MM:SS,OP_001
SCAN_002112,QR261008B0271,,MOVE,PK,2026-10-08 07:56:30,YYYY-MM-DD HH:MM:SS,OP_001
SCAN_002113,QR261008B0271,,MOVE,SHP,2026-10-08 07:59:00,YYYY-MM-DD HH:MM:SS,OP_001
SCAN_002114,QR261008B0272,,RECEIVE,INB,2026-10-08 16:24:00,YYYY-MM-DD HH:MM:SS,OP_001
SCAN_002115,QR261008B0272,,MOVE,M1,2026-10-08 16:26:30,YYYY-MM-DD HH:MM:SS,OP_001
SCAN_002116,QR261008B0272,,MOVE,HT,2026-10-08 16:29:00,YYYY-MM-DD HH:MM:SS,OP_001
SCAN_002117,QR261008B0272,,MOVE,AS2,2026-10-08 16:39:30,YYYY-MM-DD HH:MM:SS,OP_001
SCAN_002118,QR261008B0272,,MOVE,T1,2026-10-08 16:42:00,YYYY-MM-DD HH:MM:SS,OP_001
SCAN_002119,QR261008B0272,,MOVE,PK,2026-10-08 16:44:30,YYYY-MM-DD HH:MM:SS,OP_001
SCAN_002120,QR261008B0272,,MOVE,SHP,2026-10-08 16:47:00,YYYY-MM-DD HH:MM:SS,OP_001
SCAN_002121,QR261008A0273,,RECEIVE,INB,2026-10-08 09:12:00,YYYY-MM-DD HH:MM:SS,OP_001
SCAN_002122,QR261008A0273,,MOVE,M1,2026-10-08 09:14:30,YYYY-MM-DD HH:MM:SS,OP_001
SCAN_002123,QR261008A0273,,MOVE,M2,2026-10-08 09:17:00,YYYY-MM-DD HH:MM:SS,OP_001
SCAN_002124,QR261008A0273,,MOVE,HT,2026-10-08 09:19:30,YYYY-MM-DD HH:MM:SS,OP_001
SCAN_002125,QR261008A0273,,MOVE,AS1,2026-10-08 09:30:00,YYYY-MM-DD HH:MM:SS,OP_001
SCAN_002126,QR261008A0273,,MOVE,T1,2026-10-08 09:32:30,YYYY-MM-DD HH:MM:SS,OP_001
SCAN_002127,QR261008A0273,,MOVE,PK,2026-10-08 09:35:00,YYYY-MM-DD HH:MM:SS,OP_001
SCAN_002128,QR261008A0273,,MOVE,SHP,2026-10-08 09:37:30,YYYY-MM-DD HH:MM:SS,OP_001
SCAN_002129,QR261008A0274,,RECEIVE,INB,2026-10-08 18:00:00,YYYY-MM-DD HH:MM:SS,OP_001
SCAN_002130,QR261008A0274,,MOVE,M1,2026-10-08 18:02:30,YYYY-MM-DD HH:MM:SS,OP_001
SCAN_002131,QR261008A0274,,MOVE,M2,2026-10-08 18:05:00,YYYY-MM-DD HH:MM:SS,OP_001
SCAN_002132,QR261008A0274,,MOVE,HT,2026-10-08 18:07:30,YYYY-MM-DD HH:MM:SS,OP_001
SCAN_002133,QR261008A0274,,MOVE,AS1,2026-10-08 18:18:00,YYYY-MM-DD HH:MM:SS,OP_001
SCAN_002134,QR261008A0274,,MOVE,T1,2026-10-08 18:20:30,YYYY-MM-DD HH:MM:SS,OP_001
SCAN_002135,QR261008A0274,,MOVE,PK,2026-10-08 18:23:00,YYYY-MM-DD HH:MM:SS,OP_001
SCAN_002136,QR261008A0274,,MOVE,SHP,2026-10-08 18:25:30,YYYY-MM-DD HH:MM:SS,OP_001
SCAN_002137,QR261008B0275,,RECEIVE,INB,2026-10-08 10:48:00,YYYY-MM-DD HH:MM:SS,OP_001
SCAN_002138,QR261008B0275,,MOVE,M1,2026-10-08 10:50:30,YYYY-MM-DD HH:MM:SS,OP_001
SCAN_002139,QR261008B0275,,MOVE,HT,2026-10-08 10:53:00,YYYY-MM-DD HH:MM:SS,OP_001
SCAN_002140,QR261008B0275,,MOVE,AS2,2026-10-08 11:03:30,YYYY-MM-DD HH:MM:SS,OP_001
SCAN_002141,QR261008B0275,,MOVE,T1,2026-10-08 11:06:00,YYYY-MM-DD HH:MM:SS,OP_001
SCAN_002142,QR261008B0275,,MOVE,PK,2026-10-08 11:08:30,YYYY-MM-DD HH:MM:SS,OP_001
SCAN_002143,QR261008B0275,,MOVE,SHP,2026-10-08 11:11:00,YYYY-MM-DD HH:MM:SS,OP_001
SCAN_002144,QR261008B0276,,RECEIVE,INB,2026-10-08 19:36:00,YYYY-MM-DD HH:MM:SS,OP_001
SCAN_002145,QR261008B0276,,MOVE,M1,2026-10-08 19:38:30,YYYY-MM-DD HH:MM:SS,OP_001
SCAN_002146,QR261008B0276,,MOVE,HT,2026-10-08 19:41:00,YYYY-MM-DD HH:MM:SS,OP_001
SCAN_002147,QR261008B0276,,MOVE,AS2,2026-10-08 19:51:30,YYYY-MM-DD HH:MM:SS,OP_001
SCAN_002148,QR261008B0276,,MOVE,T1,2026-10-08 19:54:00,YYYY-MM-DD HH:MM:SS,OP_001
SCAN_002149,QR261008B0276,,MOVE,PK,2026-10-08 19:56:30,YYYY-MM-DD HH:MM:SS,OP_001
SCAN_002150,QR261008B0276,,MOVE,SHP,2026-10-08 19:59:00,YYYY-MM-DD HH:MM:SS,OP_001
SCAN_002151,QR261008A0277,,RECEIVE,INB,2026-10-08 06:00:00,YYYY-MM-DD HH:MM:SS,OP_001
SCAN_002152,QR261008A0277,,MOVE,M1,2026-10-08 06:02:30,YYYY-MM-DD HH:MM:SS,OP_001
SCAN_002153,QR261008A0277,,MOVE,M2,2026-10-08 06:05:00,YYYY-MM-DD HH:MM:SS,OP_001
SCAN_002154,QR261008A0277,,MOVE,HT,2026-10-08 06:07:30,YYYY-MM-DD HH:MM:SS,OP_001
SCAN_002155,QR261008A0277,,MOVE,AS1,2026-10-08 06:18:00,YYYY-MM-DD HH:MM:SS,OP_001
SCAN_002156,QR261008A0277,,MOVE,T1,2026-10-08 06:20:30,YYYY-MM-DD HH:MM:SS,OP_001
SCAN_002157,QR261008A0277,,MOVE,PK,2026-10-08 06:23:00,YYYY-MM-DD HH:MM:SS,OP_001
SCAN_002158,QR261008A0277,,MOVE,SHP,2026-10-08 06:25:30,YYYY-MM-DD HH:MM:SS,OP_001
SCAN_002159,QR261008A0278,,RECEIVE,INB,2026-10-08 14:48:00,YYYY-MM-DD HH:MM:SS,OP_001
SCAN_002160,QR261008A0278,,MOVE,M1,2026-10-08 14:50:30,YYYY-MM-DD HH:MM:SS,OP_001
SCAN_002161,QR261008A0278,,MOVE,M2,2026-10-08 14:53:00,YYYY-MM-DD HH:MM:SS,OP_001
SCAN_002162,QR261008A0278,,MOVE,HT,2026-10-08 14:55:30,YYYY-MM-DD HH:MM:SS,OP_001
SCAN_002163,QR261008A0278,,MOVE,AS1,2026-10-08 15:06:00,YYYY-MM-DD HH:MM:SS,OP_001
SCAN_002164,QR261008A0278,,MOVE,T1,2026-10-08 15:08:30,YYYY-MM-DD HH:MM:SS,OP_001
SCAN_002165,QR261008A0278,,MOVE,PK,2026-10-08 15:11:00,YYYY-MM-DD HH:MM:SS,OP_001
SCAN_002166,QR261008A0278,,MOVE,SHP,2026-10-08 15:13:30,YYYY-MM-DD HH:MM:SS,OP_001
SCAN_002167,QR261008B0279,,RECEIVE,INB,2026-10-08 07:36:00,YYYY-MM-DD HH:MM:SS,OP_001
SCAN_002168,QR261008B0279,,MOVE,M1,2026-10-08 07:38:30,YYYY-MM-DD HH:MM:SS,OP_001
SCAN_002169,QR261008B0279,,MOVE,HT,2026-10-08 07:41:00,YYYY-MM-DD HH:MM:SS,OP_001
SCAN_002170,QR261008B0279,,MOVE,AS2,2026-10-08 07:51:30,YYYY-MM-DD HH:MM:SS,OP_001
SCAN_002171,QR261008B0279,,MOVE,T1,2026-10-08 07:54:00,YYYY-MM-DD HH:MM:SS,OP_001
SCAN_002172,QR261008B0279,,MOVE,PK,2026-10-08 07:56:30,YYYY-MM-DD HH:MM:SS,OP_001
SCAN_002173,QR261008B0279,,MOVE,SHP,2026-10-08 07:59:00,YYYY-MM-DD HH:MM:SS,OP_001
SCAN_002174,QR261008B0280,,RECEIVE,INB,2026-10-08 16:24:00,YYYY-MM-DD HH:MM:SS,OP_001
SCAN_002175,QR261008B0280,,MOVE,M1,2026-10-08 16:26:30,YYYY-MM-DD HH:MM:SS,OP_001
SCAN_002176,QR261008B0280,,MOVE,HT,2026-10-08 16:29:00,YYYY-MM-DD HH:MM:SS,OP_001
SCAN_002177,QR261008B0280,,MOVE,AS2,2026-10-08 16:39:30,YYYY-MM-DD HH:MM:SS,OP_001
SCAN_002178,QR261008B0280,,MOVE,T1,2026-10-08 16:42:00,YYYY-MM-DD HH:MM:SS,OP_001
SCAN_002179,QR261008B0280,,MOVE,PK,2026-10-08 16:44:30,YYYY-MM-DD HH:MM:SS,OP_001
SCAN_002180,QR261008B0280,,MOVE,SHP,2026-10-08 16:47:00,YYYY-MM-DD HH:MM:SS,OP_001
SCAN_002181,QR261008A0281,,RECEIVE,INB,2026-10-08 09:12:00,YYYY-MM-DD HH:MM:SS,OP_001
SCAN_002182,QR261008A0281,,MOVE,M1,2026-10-08 09:14:30,YYYY-MM-DD HH:MM:SS,OP_001
SCAN_002183,QR261008A0281,,MOVE,M2,2026-10-08 09:17:00,YYYY-MM-DD HH:MM:SS,OP_001
SCAN_002184,QR261008A0281,,MOVE,HT,2026-10-08 09:19:30,YYYY-MM-DD HH:MM:SS,OP_001
SCAN_002185,QR261008A0281,,MOVE,AS1,2026-10-08 09:30:00,YYYY-MM-DD HH:MM:SS,OP_001
SCAN_002186,QR261008A0281,,MOVE,T1,2026-10-08 09:32:30,YYYY-MM-DD HH:MM:SS,OP_001
SCAN_002187,QR261008A0281,,MOVE,PK,2026-10-08 09:35:00,YYYY-MM-DD HH:MM:SS,OP_001
SCAN_002188,QR261008A0281,,MOVE,SHP,2026-10-08 09:37:30,YYYY-MM-DD HH:MM:SS,OP_001
SCAN_002189,QR261008A0282,,RECEIVE,INB,2026-10-08 18:00:00,YYYY-MM-DD HH:MM:SS,OP_001
SCAN_002190,QR261008A0282,,MOVE,M1,2026-10-08 18:02:30,YYYY-MM-DD HH:MM:SS,OP_001
SCAN_002191,QR261008A0282,,MOVE,M2,2026-10-08 18:05:00,YYYY-MM-DD HH:MM:SS,OP_001
SCAN_002192,QR261008A0282,,MOVE,HT,2026-10-08 18:07:30,YYYY-MM-DD HH:MM:SS,OP_001
SCAN_002193,QR261008A0282,,MOVE,AS1,2026-10-08 18:18:00,YYYY-MM-DD HH:MM:SS,OP_001
SCAN_002194,QR261008A0282,,MOVE,T1,2026-10-08 18:20:30,YYYY-MM-DD HH:MM:SS,OP_001
SCAN_002195,QR261008A0282,,MOVE,PK,2026-10-08 18:23:00,YYYY-MM-DD HH:MM:SS,OP_001
SCAN_002196,QR261008A0282,,MOVE,SHP,2026-10-08 18:25:30,YYYY-MM-DD HH:MM:SS,OP_001
SCAN_002197,QR261008B0283,,RECEIVE,INB,2026-10-08 10:48:00,YYYY-MM-DD HH:MM:SS,OP_001
SCAN_002198,QR261008B0283,,MOVE,M1,2026-10-08 10:50:30,YYYY-MM-DD HH:MM:SS,OP_001
SCAN_002200,QR261008B0283,,MOVE,AS2,2026-10-08 11:03:30,YYYY-MM-DD HH:MM:SS,OP_001
SCAN_002201,QR261008B0283,,MOVE,T1,2026-10-08 11:06:00,YYYY-MM-DD HH:MM:SS,OP_001
SCAN_002202,QR261008B0283,,MOVE,PK,2026-10-08 11:08:30,YYYY-MM-DD HH:MM:SS,OP_001
SCAN_002203,QR261008B0283,,MOVE,SHP,2026-10-08 11:11:00,YYYY-MM-DD HH:MM:SS,OP_001
SCAN_002204,QR261008B0284,,RECEIVE,INB,2026-10-08 19:36:00,YYYY-MM-DD HH:MM:SS,OP_001
SCAN_002205,QR261008B0284,,MOVE,M1,2026-10-08 19:38:30,YYYY-MM-DD HH:MM:SS,OP_001
SCAN_002206,QR261008B0284,,MOVE,HT,2026-10-08 19:41:00,YYYY-MM-DD HH:MM:SS,OP_001
SCAN_002207,QR261008B0284,,MOVE,AS2,2026-10-08 19:51:30,YYYY-MM-DD HH:MM:SS,OP_001
SCAN_002208,QR261008B0284,,MOVE,T1,2026-10-08 19:54:00,YYYY-MM-DD HH:MM:SS,OP_001
SCAN_002209,QR261008B0284,,MOVE,PK,2026-10-08 19:56:30,YYYY-MM-DD HH:MM:SS,OP_001
SCAN_002210,QR261008B0284,,MOVE,SHP,2026-10-08 19:59:00,YYYY-MM-DD HH:MM:SS,OP_001
SCAN_002211,QR261008A0285,,RECEIVE,INB,2026-10-08 06:00:00,YYYY-MM-DD HH:MM:SS,OP_001
SCAN_002212,QR261008A0285,,MOVE,M1,2026-10-08 06:02:30,YYYY-MM-DD HH:MM:SS,OP_001
SCAN_002213,QR261008A0285,,MOVE,M2,2026-10-08 06:05:00,YYYY-MM-DD HH:MM:SS,OP_001
SCAN_002214,QR261008A0285,,MOVE,HT,2026-10-08 06:07:30,YYYY-MM-DD HH:MM:SS,OP_001
SCAN_002215,QR261008A0285,,MOVE,AS1,2026-10-08 06:18:00,YYYY-MM-DD HH:MM:SS,OP_001
SCAN_002216,QR261008A0285,,MOVE,T1,2026-10-08 06:20:30,YYYY-MM-DD HH:MM:SS,OP_001
SCAN_002217,QR261008A0285,,MOVE,PK,2026-10-08 06:23:00,YYYY-MM-DD HH:MM:SS,OP_001
SCAN_002218,QR261008A0285,,MOVE,SHP,2026-10-08 06:25:30,YYYY-MM-DD HH:MM:SS,OP_001
SCAN_002219,QR261008A0286,,RECEIVE,INB,2026-10-08 14:48:00,YYYY-MM-DD HH:MM:SS,OP_001
SCAN_002220,QR261008A0286,,MOVE,M1,2026-10-08 14:50:30,YYYY-MM-DD HH:MM:SS,OP_001
SCAN_002221,QR261008A0286,,MOVE,M2,2026-10-08 14:53:00,YYYY-MM-DD HH:MM:SS,OP_001
SCAN_002222,QR261008A0286,,MOVE,HT,2026-10-08 14:55:30,YYYY-MM-DD HH:MM:SS,OP_001
SCAN_002223,QR261008A0286,,MOVE,AS1,2026-10-08 15:06:00,YYYY-MM-DD HH:MM:SS,OP_001
SCAN_002224,QR261008A0286,,MOVE,T1,2026-10-08 15:08:30,YYYY-MM-DD HH:MM:SS,OP_001
SCAN_002225,QR261008A0286,,MOVE,PK,2026-10-08 15:11:00,YYYY-MM-DD HH:MM:SS,OP_001
SCAN_002226,QR261008A0286,,MOVE,SHP,2026-10-08 15:13:30,YYYY-MM-DD HH:MM:SS,OP_001
SCAN_002227,QR261008B0287,,RECEIVE,INB,2026-10-08 07:36:00,YYYY-MM-DD HH:MM:SS,OP_001
SCAN_002228,QR261008B0287,,MOVE,M1,2026-10-08 07:38:30,YYYY-MM-DD HH:MM:SS,OP_001
SCAN_002229,QR261008B0287,,MOVE,HT,2026-10-08 07:41:00,YYYY-MM-DD HH:MM:SS,OP_001
SCAN_002230,QR261008B0287,,MOVE,AS2,2026-10-08 07:51:30,YYYY-MM-DD HH:MM:SS,OP_001
SCAN_002231,QR261008B0287,,MOVE,T1,2026-10-08 07:54:00,YYYY-MM-DD HH:MM:SS,OP_001
SCAN_002232,QR261008B0287,,MOVE,PK,2026-10-08 07:56:30,YYYY-MM-DD HH:MM:SS,OP_001
SCAN_002233,QR261008B0287,,MOVE,SHP,2026-10-08 07:59:00,YYYY-MM-DD HH:MM:SS,OP_001
SCAN_002234,QR261008B0288,,RECEIVE,INB,2026-10-08 16:24:00,YYYY-MM-DD HH:MM:SS,OP_001
SCAN_002235,QR261008B0288,,MOVE,M1,2026-10-08 16:26:30,YYYY-MM-DD HH:MM:SS,OP_001
SCAN_002236,QR261008B0288,,MOVE,HT,2026-10-08 16:29:00,YYYY-MM-DD HH:MM:SS,OP_001
SCAN_002237,QR261008B0288,,MOVE,AS2,2026-10-08 16:39:30,YYYY-MM-DD HH:MM:SS,OP_001
SCAN_002238,QR261008B0288,,MOVE,T1,2026-10-08 16:42:00,YYYY-MM-DD HH:MM:SS,OP_001
SCAN_002239,QR261008B0288,,MOVE,PK,2026-10-08 16:44:30,YYYY-MM-DD HH:MM:SS,OP_001
SCAN_002240,QR261008B0288,,MOVE,SHP,2026-10-08 16:47:00,YYYY-MM-DD HH:MM:SS,OP_001
SCAN_002241,QR261009A0289,,RECEIVE,INB,2026-10-09 06:00:00,YYYY-MM-DD HH:MM:SS,OP_001
SCAN_002242,QR261009A0289,,MOVE,M1,2026-10-09 06:02:30,YYYY-MM-DD HH:MM:SS,OP_001
SCAN_002243,QR261009A0289,,MOVE,M2,2026-10-09 06:05:00,YYYY-MM-DD HH:MM:SS,OP_001
SCAN_002244,QR261009A0289,,MOVE,HT,2026-10-09 06:07:30,YYYY-MM-DD HH:MM:SS,OP_001
SCAN_002245,QR261009A0289,,MOVE,AS1,2026-10-09 06:18:00,YYYY-MM-DD HH:MM:SS,OP_001
SCAN_002247,QR261009A0289,,MOVE,PK,2026-10-09 06:23:00,YYYY-MM-DD HH:MM:SS,OP_001
SCAN_002248,QR261009A0289,,MOVE,SHP,2026-10-09 06:25:30,YYYY-MM-DD HH:MM:SS,OP_001
SCAN_002249,QR261009A0290,,RECEIVE,INB,2026-10-09 14:48:00,YYYY-MM-DD HH:MM:SS,OP_001
SCAN_002250,QR261009A0290,,MOVE,M1,2026-10-09 14:50:30,YYYY-MM-DD HH:MM:SS,OP_001
SCAN_002251,QR261009A0290,,MOVE,M2,2026-10-09 14:53:00,YYYY-MM-DD HH:MM:SS,OP_001
SCAN_002252,QR261009A0290,,MOVE,HT,2026-10-09 14:55:30,YYYY-MM-DD HH:MM:SS,OP_001
SCAN_002253,QR261009A0290,,MOVE,AS1,2026-10-09 15:06:00,YYYY-MM-DD HH:MM:SS,OP_001
SCAN_002254,QR261009A0290,,MOVE,T1,2026-10-09 15:08:30,YYYY-MM-DD HH:MM:SS,OP_001
SCAN_002255,QR261009A0290,,MOVE,PK,2026-10-09 15:11:00,YYYY-MM-DD HH:MM:SS,OP_001
SCAN_002256,QR261009A0290,,MOVE,SHP,2026-10-09 15:13:30,YYYY-MM-DD HH:MM:SS,OP_001
SCAN_002257,QR261009B0291,,RECEIVE,INB,2026-10-09 07:36:00,YYYY-MM-DD HH:MM:SS,OP_001
SCAN_002258,QR261009B0291,,MOVE,M1,2026-10-09 07:38:30,YYYY-MM-DD HH:MM:SS,OP_001
SCAN_002259,QR261009B0291,,MOVE,HT,2026-10-09 07:41:00,YYYY-MM-DD HH:MM:SS,OP_001
SCAN_002260,QR261009B0291,,MOVE,AS2,2026-10-09 07:51:30,YYYY-MM-DD HH:MM:SS,OP_001
SCAN_002261,QR261009B0291,,MOVE,T1,2026-10-09 07:54:00,YYYY-MM-DD HH:MM:SS,OP_001
SCAN_002262,QR261009B0291,,MOVE,PK,2026-10-09 07:56:30,YYYY-MM-DD HH:MM:SS,OP_001
SCAN_002263,QR261009B0291,,MOVE,SHP,2026-10-09 07:59:00,YYYY-MM-DD HH:MM:SS,OP_001
SCAN_002264,QR261009B0292,,RECEIVE,INB,2026-10-09 16:24:00,YYYY-MM-DD HH:MM:SS,OP_001
SCAN_002265,QR261009B0292,,MOVE,M1,2026-10-09 16:26:30,YYYY-MM-DD HH:MM:SS,OP_001
SCAN_002266,QR261009B0292,,MOVE,HT,2026-10-09 16:29:00,YYYY-MM-DD HH:MM:SS,OP_001
SCAN_002267,QR261009B0292,,MOVE,AS2,2026-10-09 16:39:30,YYYY-MM-DD HH:MM:SS,OP_001
SCAN_002268,QR261009B0292,,MOVE,T1,2026-10-09 16:42:00,YYYY-MM-DD HH:MM:SS,OP_001
SCAN_002269,QR261009B0292,,MOVE,PK,2026-10-09 16:44:30,YYYY-MM-DD HH:MM:SS,OP_001
SCAN_002270,QR261009B0292,,MOVE,SHP,2026-10-09 16:47:00,YYYY-MM-DD HH:MM:SS,OP_001
SCAN_002271,QR261009A0293,,RECEIVE,INB,2026-10-09 09:12:00,YYYY-MM-DD HH:MM:SS,OP_001
SCAN_002272,QR261009A0293,,MOVE,M1,2026-10-09 09:14:30,YYYY-MM-DD HH:MM:SS,OP_001
SCAN_002273,QR261009A0293,,MOVE,M2,2026-10-09 09:17:00,YYYY-MM-DD HH:MM:SS,OP_001
SCAN_002274,QR261009A0293,,MOVE,HT,2026-10-09 09:19:30,YYYY-MM-DD HH:MM:SS,OP_001
SCAN_002275,QR261009A0293,,MOVE,AS1,2026-10-09 09:30:00,YYYY-MM-DD HH:MM:SS,OP_001
SCAN_002276,QR261009A0293,,MOVE,T1,2026-10-09 09:32:30,YYYY-MM-DD HH:MM:SS,OP_001
SCAN_002277,QR261009A0293,,MOVE,PK,2026-10-09 09:35:00,YYYY-MM-DD HH:MM:SS,OP_001
SCAN_002278,QR261009A0293,,MOVE,SHP,2026-10-09 09:37:30,YYYY-MM-DD HH:MM:SS,OP_001
SCAN_002279,QR261009A0294,,RECEIVE,INB,2026-10-09 18:00:00,YYYY-MM-DD HH:MM:SS,OP_001
SCAN_002280,QR261009A0294,,MOVE,M1,2026-10-09 18:02:30,YYYY-MM-DD HH:MM:SS,OP_001
SCAN_002281,QR261009A0294,,MOVE,M2,2026-10-09 18:05:00,YYYY-MM-DD HH:MM:SS,OP_001
SCAN_002282,QR261009A0294,,MOVE,HT,2026-10-09 18:07:30,YYYY-MM-DD HH:MM:SS,OP_001
SCAN_002283,QR261009A0294,,MOVE,AS1,2026-10-09 18:18:00,YYYY-MM-DD HH:MM:SS,OP_001
SCAN_002284,QR261009A0294,,MOVE,T1,2026-10-09 18:20:30,YYYY-MM-DD HH:MM:SS,OP_001
SCAN_002285,QR261009A0294,,MOVE,PK,2026-10-09 18:23:00,YYYY-MM-DD HH:MM:SS,OP_001
SCAN_002286,QR261009A0294,,MOVE,SHP,2026-10-09 18:25:30,YYYY-MM-DD HH:MM:SS,OP_001
SCAN_002287,QR261009B0295,,RECEIVE,INB,2026-10-09 10:48:00,YYYY-MM-DD HH:MM:SS,OP_001
SCAN_002288,QR261009B0295,,MOVE,M1,2026-10-09 10:50:30,YYYY-MM-DD HH:MM:SS,OP_001
SCAN_002290,QR261009B0295,,MOVE,AS2,2026-10-09 11:03:30,YYYY-MM-DD HH:MM:SS,OP_001
SCAN_002291,QR261009B0295,,MOVE,T1,2026-10-09 11:06:00,YYYY-MM-DD HH:MM:SS,OP_001
SCAN_002292,QR261009B0295,,MOVE,PK,2026-10-09 11:08:30,YYYY-MM-DD HH:MM:SS,OP_001
SCAN_002293,QR261009B0295,,MOVE,SHP,2026-10-09 11:11:00,YYYY-MM-DD HH:MM:SS,OP_001
SCAN_002294,QR261009B0296,,RECEIVE,INB,2026-10-09 19:36:00,YYYY-MM-DD HH:MM:SS,OP_001
SCAN_002295,QR261009B0296,,MOVE,M1,2026-10-09 19:38:30,YYYY-MM-DD HH:MM:SS,OP_001
SCAN_002296,QR261009B0296,,MOVE,HT,2026-10-09 19:41:00,YYYY-MM-DD HH:MM:SS,OP_001
SCAN_002297,QR261009B0296,,MOVE,AS2,2026-10-09 19:51:30,YYYY-MM-DD HH:MM:SS,OP_001
SCAN_002298,QR261009B0296,,MOVE,T1,2026-10-09 19:54:00,YYYY-MM-DD HH:MM:SS,OP_001
SCAN_002299,QR261009B0296,,MOVE,PK,2026-10-09 19:56:30,YYYY-MM-DD HH:MM:SS,OP_001
SCAN_002300,QR261009B0296,,MOVE,SHP,2026-10-09 19:59:00,YYYY-MM-DD HH:MM:SS,OP_001
SCAN_002301,QR261009A0297,,RECEIVE,INB,2026-10-09 06:00:00,YYYY-MM-DD HH:MM:SS,OP_001
SCAN_002302,QR261009A0297,,MOVE,M1,2026-10-09 06:02:30,YYYY-MM-DD HH:MM:SS,OP_001
SCAN_002303,QR261009A0297,,MOVE,M2,2026-10-09 06:05:00,YYYY-MM-DD HH:MM:SS,OP_001
SCAN_002304,QR261009A0297,,MOVE,HT,2026-10-09 06:07:30,YYYY-MM-DD HH:MM:SS,OP_001
SCAN_002305,QR261009A0297,,MOVE,AS1,2026-10-09 06:18:00,YYYY-MM-DD HH:MM:SS,OP_001
SCAN_002306,QR261009A0297,,MOVE,T1,2026-10-09 06:20:30,YYYY-MM-DD HH:MM:SS,OP_001
SCAN_002307,QR261009A0297,,MOVE,PK,2026-10-09 06:23:00,YYYY-MM-DD HH:MM:SS,OP_001
SCAN_002308,QR261009A0297,,MOVE,SHP,2026-10-09 06:25:30,YYYY-MM-DD HH:MM:SS,OP_001
SCAN_002309,QR261009A0298,,RECEIVE,INB,2026-10-09 14:48:00,YYYY-MM-DD HH:MM:SS,OP_001
SCAN_002310,QR261009A0298,,MOVE,M1,2026-10-09 14:50:30,YYYY-MM-DD HH:MM:SS,OP_001
SCAN_002311,QR261009A0298,,MOVE,M2,2026-10-09 14:53:00,YYYY-MM-DD HH:MM:SS,OP_001
SCAN_002312,QR261009A0298,,MOVE,HT,2026-10-09 14:55:30,YYYY-MM-DD HH:MM:SS,OP_001
SCAN_002313,QR261009A0298,,MOVE,AS1,2026-10-09 15:06:00,YYYY-MM-DD HH:MM:SS,OP_001
SCAN_002314,QR261009A0298,,MOVE,T1,2026-10-09 15:08:30,YYYY-MM-DD HH:MM:SS,OP_001
SCAN_002315,QR261009A0298,,MOVE,PK,2026-10-09 15:11:00,YYYY-MM-DD HH:MM:SS,OP_001
SCAN_002316,QR261009A0298,,MOVE,SHP,2026-10-09 15:13:30,YYYY-MM-DD HH:MM:SS,OP_001
SCAN_002317,QR261009B0299,,RECEIVE,INB,2026-10-09 07:36:00,YYYY-MM-DD HH:MM:SS,OP_001
SCAN_002318,QR261009B0299,,MOVE,M1,2026-10-09 07:38:30,YYYY-MM-DD HH:MM:SS,OP_001
SCAN_002319,QR261009B0299,,MOVE,HT,2026-10-09 07:41:00,YYYY-MM-DD HH:MM:SS,OP_001
SCAN_002320,QR261009B0299,,MOVE,AS2,2026-10-09 07:51:30,YYYY-MM-DD HH:MM:SS,OP_001
SCAN_002321,QR261009B0299,,MOVE,T1,2026-10-09 07:54:00,YYYY-MM-DD HH:MM:SS,OP_001
SCAN_002322,QR261009B0299,,MOVE,PK,2026-10-09 07:56:30,YYYY-MM-DD HH:MM:SS,OP_001
SCAN_002323,QR261009B0299,,MOVE,SHP,2026-10-09 07:59:00,YYYY-MM-DD HH:MM:SS,OP_001
SCAN_002324,QR261009B0300,,RECEIVE,INB,2026-10-09 16:24:00,YYYY-MM-DD HH:MM:SS,OP_001
SCAN_002325,QR261009B0300,,MOVE,M1,2026-10-09 16:26:30,YYYY-MM-DD HH:MM:SS,OP_001
SCAN_002326,QR261009B0300,,MOVE,HT,2026-10-09 16:29:00,YYYY-MM-DD HH:MM:SS,OP_001
SCAN_002327,QR261009B0300,,MOVE,AS2,2026-10-09 16:39:30,YYYY-MM-DD HH:MM:SS,OP_001
SCAN_002328,QR261009B0300,,MOVE,T1,2026-10-09 16:42:00,YYYY-MM-DD HH:MM:SS,OP_001
SCAN_002329,QR261009B0300,,MOVE,PK,2026-10-09 16:44:30,YYYY-MM-DD HH:MM:SS,OP_001
SCAN_002330,QR261009B0300,,MOVE,SHP,2026-10-09 16:47:00,YYYY-MM-DD HH:MM:SS,OP_001
SCAN_002331,QR261009A0301,,RECEIVE,INB,2026-10-09 09:12:00,YYYY-MM-DD HH:MM:SS,OP_001
SCAN_002332,QR261009A0301,,MOVE,M1,2026-10-09 09:14:30,YYYY-MM-DD HH:MM:SS,OP_001
SCAN_002333,QR261009A0301,,MOVE,M2,2026-10-09 09:17:00,YYYY-MM-DD HH:MM:SS,OP_001
SCAN_002334,QR261009A0301,,MOVE,HT,2026-10-09 09:19:30,YYYY-MM-DD HH:MM:SS,OP_001
SCAN_002335,QR261009A0301,,MOVE,AS1,2026-10-09 09:30:00,YYYY-MM-DD HH:MM:SS,OP_001
SCAN_002336,QR261009A0301,,MOVE,T1,2026-10-09 09:32:30,YYYY-MM-DD HH:MM:SS,OP_001
SCAN_002337,QR261009A0301,,MOVE,PK,2026-10-09 09:35:00,YYYY-MM-DD HH:MM:SS,OP_001
SCAN_002338,QR261009A0301,,MOVE,SHP,2026-10-09 09:37:30,YYYY-MM-DD HH:MM:SS,OP_001
SCAN_002339,QR261009A0302,,RECEIVE,INB,2026-10-09 18:00:00,YYYY-MM-DD HH:MM:SS,OP_001
SCAN_002340,QR261009A0302,,MOVE,M1,2026-10-09 18:02:30,YYYY-MM-DD HH:MM:SS,OP_001
SCAN_002341,QR261009A0302,,MOVE,M2,2026-10-09 18:05:00,YYYY-MM-DD HH:MM:SS,OP_001
SCAN_002342,QR261009A0302,,MOVE,HT,2026-10-09 18:07:30,YYYY-MM-DD HH:MM:SS,OP_001
SCAN_002343,QR261009A0302,,MOVE,AS1,2026-10-09 18:18:00,YYYY-MM-DD HH:MM:SS,OP_001
SCAN_002344,QR261009A0302,,MOVE,T1,2026-10-09 18:20:30,YYYY-MM-DD HH:MM:SS,OP_001
SCAN_002345,QR261009A0302,,MOVE,PK,2026-10-09 18:23:00,YYYY-MM-DD HH:MM:SS,OP_001
SCAN_002346,QR261009A0302,,MOVE,SHP,2026-10-09 18:25:30,YYYY-MM-DD HH:MM:SS,OP_001
SCAN_002347,QR261009B0303,,RECEIVE,INB,2026-10-09 10:48:00,YYYY-MM-DD HH:MM:SS,OP_001
SCAN_002348,QR261009B0303,,MOVE,M1,2026-10-09 10:50:30,YYYY-MM-DD HH:MM:SS,OP_001
SCAN_002349,QR261009B0303,,MOVE,HT,2026-10-09 10:53:00,YYYY-MM-DD HH:MM:SS,OP_001
SCAN_002350,QR261009B0303,,MOVE,AS2,2026-10-09 11:03:30,YYYY-MM-DD HH:MM:SS,OP_001
SCAN_002351,QR261009B0303,,MOVE,T1,2026-10-09 11:06:00,YYYY-MM-DD HH:MM:SS,OP_001
SCAN_002352,QR261009B0303,,MOVE,PK,2026-10-09 11:08:30,YYYY-MM-DD HH:MM:SS,OP_001
SCAN_002353,QR261009B0303,,MOVE,SHP,2026-10-09 11:11:00,YYYY-MM-DD HH:MM:SS,OP_001
SCAN_002354,QR261009B0304,,RECEIVE,INB,2026-10-09 19:36:00,YYYY-MM-DD HH:MM:SS,OP_001
SCAN_002355,QR261009B0304,,MOVE,M1,2026-10-09 19:38:30,YYYY-MM-DD HH:MM:SS,OP_001
SCAN_002356,QR261009B0304,,MOVE,HT,2026-10-09 19:41:00,YYYY-MM-DD HH:MM:SS,OP_001
SCAN_002357,QR261009B0304,,MOVE,AS2,2026-10-09 19:51:30,YYYY-MM-DD HH:MM:SS,OP_001
SCAN_002358,QR261009B0304,,MOVE,T1,2026-10-09 19:54:00,YYYY-MM-DD HH:MM:SS,OP_001
SCAN_002359,QR261009B0304,,MOVE,PK,2026-10-09 19:56:30,YYYY-MM-DD HH:MM:SS,OP_001
SCAN_002360,QR261009B0304,,MOVE,SHP,2026-10-09 19:59:00,YYYY-MM-DD HH:MM:SS,OP_001
SCAN_002361,QR261009A0305,,RECEIVE,INB,2026-10-09 06:00:00,YYYY-MM-DD HH:MM:SS,OP_001
SCAN_002362,QR261009A0305,,MOVE,M1,2026-10-09 06:02:30,YYYY-MM-DD HH:MM:SS,OP_001
SCAN_002363,QR261009A0305,,MOVE,M2,2026-10-09 06:05:00,YYYY-MM-DD HH:MM:SS,OP_001
SCAN_002364,QR261009A0305,,MOVE,HT,2026-10-09 06:07:30,YYYY-MM-DD HH:MM:SS,OP_001
SCAN_002365,QR261009A0305,,MOVE,AS1,2026-10-09 06:18:00,YYYY-MM-DD HH:MM:SS,OP_001
SCAN_002366,QR261009A0305,,MOVE,T1,2026-10-09 06:20:30,YYYY-MM-DD HH:MM:SS,OP_001
SCAN_002367,QR261009A0305,,MOVE,PK,2026-10-09 06:23:00,YYYY-MM-DD HH:MM:SS,OP_001
SCAN_002368,QR261009A0305,,MOVE,SHP,2026-10-09 06:25:30,YYYY-MM-DD HH:MM:SS,OP_001
SCAN_002369,QR261009A0306,,RECEIVE,INB,2026-10-09 14:48:00,YYYY-MM-DD HH:MM:SS,OP_001
SCAN_002370,QR261009A0306,,MOVE,M1,2026-10-09 14:50:30,YYYY-MM-DD HH:MM:SS,OP_001
SCAN_002371,QR261009A0306,,MOVE,M2,2026-10-09 14:53:00,YYYY-MM-DD HH:MM:SS,OP_001
SCAN_002372,QR261009A0306,,MOVE,HT,2026-10-09 14:55:30,YYYY-MM-DD HH:MM:SS,OP_001
SCAN_002373,QR261009A0306,,MOVE,AS1,2026-10-09 15:06:00,YYYY-MM-DD HH:MM:SS,OP_001
SCAN_002374,QR261009A0306,,MOVE,T1,2026-10-09 15:08:30,YYYY-MM-DD HH:MM:SS,OP_001
SCAN_002375,QR261009A0306,,MOVE,PK,2026-10-09 15:11:00,YYYY-MM-DD HH:MM:SS,OP_001
SCAN_002376,QR261009A0306,,MOVE,SHP,2026-10-09 15:13:30,YYYY-MM-DD HH:MM:SS,OP_001
SCAN_002377,QR261009B0307,,RECEIVE,INB,2026-10-09 07:36:00,YYYY-MM-DD HH:MM:SS,OP_001
SCAN_002378,QR261009B0307,,MOVE,M1,2026-10-09 07:38:30,YYYY-MM-DD HH:MM:SS,OP_001
SCAN_002379,QR261009B0307,,MOVE,HT,2026-10-09 07:41:00,YYYY-MM-DD HH:MM:SS,OP_001
SCAN_002380,QR261009B0307,,MOVE,AS2,2026-10-09 07:51:30,YYYY-MM-DD HH:MM:SS,OP_001
SCAN_002381,QR261009B0307,,MOVE,T1,2026-10-09 07:54:00,YYYY-MM-DD HH:MM:SS,OP_001
SCAN_002382,QR261009B0307,,MOVE,PK,2026-10-09 07:56:30,YYYY-MM-DD HH:MM:SS,OP_001
SCAN_002383,QR261009B0307,,MOVE,SHP,2026-10-09 07:59:00,YYYY-MM-DD HH:MM:SS,OP_001
SCAN_002384,QR261009B0308,,RECEIVE,INB,2026-10-09 16:24:00,YYYY-MM-DD HH:MM:SS,OP_001
SCAN_002385,QR261009B0308,,MOVE,M1,2026-10-09 16:26:30,YYYY-MM-DD HH:MM:SS,OP_001
SCAN_002386,QR261009B0308,,MOVE,HT,2026-10-09 16:29:00,YYYY-MM-DD HH:MM:SS,OP_001
SCAN_002387,QR261009B0308,,MOVE,AS2,2026-10-09 16:39:30,YYYY-MM-DD HH:MM:SS,OP_001
SCAN_002388,QR261009B0308,,MOVE,T1,2026-10-09 16:42:00,YYYY-MM-DD HH:MM:SS,OP_001
SCAN_002389,QR261009B0308,,MOVE,PK,2026-10-09 16:44:30,YYYY-MM-DD HH:MM:SS,OP_001
SCAN_002390,QR261009B0308,,MOVE,SHP,2026-10-09 16:47:00,YYYY-MM-DD HH:MM:SS,OP_001
SCAN_002391,QR261009A0309,,RECEIVE,INB,2026-10-09 09:12:00,YYYY-MM-DD HH:MM:SS,OP_001
SCAN_002392,QR261009A0309,,MOVE,M1,2026-10-09 09:14:30,YYYY-MM-DD HH:MM:SS,OP_001
SCAN_002393,QR261009A0309,,MOVE,M2,2026-10-09 09:17:00,YYYY-MM-DD HH:MM:SS,OP_001
SCAN_002394,QR261009A0309,,MOVE,HT,2026-10-09 09:19:30,YYYY-MM-DD HH:MM:SS,OP_001
SCAN_002395,QR261009A0309,,MOVE,AS1,2026-10-09 09:30:00,YYYY-MM-DD HH:MM:SS,OP_001
SCAN_002396,QR261009A0309,,MOVE,T1,2026-10-09 09:32:30,YYYY-MM-DD HH:MM:SS,OP_001
SCAN_002397,QR261009A0309,,MOVE,PK,2026-10-09 09:35:00,YYYY-MM-DD HH:MM:SS,OP_001
SCAN_002398,QR261009A0309,,MOVE,SHP,2026-10-09 09:37:30,YYYY-MM-DD HH:MM:SS,OP_001
SCAN_002399,QR261009A0310,,RECEIVE,INB,2026-10-09 18:00:00,YYYY-MM-DD HH:MM:SS,OP_001
SCAN_002400,QR261009A0310,,MOVE,M1,2026-10-09 18:02:30,YYYY-MM-DD HH:MM:SS,OP_001
SCAN_002401,QR261009A0310,,MOVE,M2,2026-10-09 18:05:00,YYYY-MM-DD HH:MM:SS,OP_001
SCAN_002402,QR261009A0310,,MOVE,HT,2026-10-09 18:07:30,YYYY-MM-DD HH:MM:SS,OP_001
SCAN_002403,QR261009A0310,,MOVE,AS1,2026-10-09 18:18:00,YYYY-MM-DD HH:MM:SS,OP_001
SCAN_002404,QR261009A0310,,MOVE,T1,2026-10-09 18:20:30,YYYY-MM-DD HH:MM:SS,OP_001
SCAN_002405,QR261009A0310,,MOVE,PK,2026-10-09 18:23:00,YYYY-MM-DD HH:MM:SS,OP_001
SCAN_002406,QR261009A0310,,MOVE,SHP,2026-10-09 18:25:30,YYYY-MM-DD HH:MM:SS,OP_001
SCAN_002407,QR261009B0311,,RECEIVE,INB,2026-10-09 10:48:00,YYYY-MM-DD HH:MM:SS,OP_001
SCAN_002408,QR261009B0311,,MOVE,M1,2026-10-09 10:50:30,YYYY-MM-DD HH:MM:SS,OP_001
SCAN_002409,QR261009B0311,,MOVE,HT,2026-10-09 10:53:00,YYYY-MM-DD HH:MM:SS,OP_001
SCAN_002410,QR261009B0311,,MOVE,AS2,2026-10-09 11:03:30,YYYY-MM-DD HH:MM:SS,OP_001
SCAN_002411,QR261009B0311,,MOVE,T1,2026-10-09 11:06:00,YYYY-MM-DD HH:MM:SS,OP_001
SCAN_002412,QR261009B0311,,MOVE,PK,2026-10-09 11:08:30,YYYY-MM-DD HH:MM:SS,OP_001
SCAN_002413,QR261009B0311,,MOVE,SHP,2026-10-09 11:11:00,YYYY-MM-DD HH:MM:SS,OP_001
SCAN_002414,QR261009B0312,,RECEIVE,INB,2026-10-09 19:36:00,YYYY-MM-DD HH:MM:SS,OP_001
SCAN_002415,QR261009B0312,,MOVE,M1,2026-10-09 19:38:30,YYYY-MM-DD HH:MM:SS,OP_001
SCAN_002416,QR261009B0312,,MOVE,HT,2026-10-09 19:41:00,YYYY-MM-DD HH:MM:SS,OP_001
SCAN_002417,QR261009B0312,,MOVE,AS2,2026-10-09 19:51:30,YYYY-MM-DD HH:MM:SS,OP_001
SCAN_002418,QR261009B0312,,MOVE,T1,2026-10-09 19:54:00,YYYY-MM-DD HH:MM:SS,OP_001
SCAN_002419,QR261009B0312,,MOVE,PK,2026-10-09 19:56:30,YYYY-MM-DD HH:MM:SS,OP_001
SCAN_002420,QR261009B0312,,MOVE,SHP,2026-10-09 19:59:00,YYYY-MM-DD HH:MM:SS,OP_001
SCAN_002421,QR261009A0313,,RECEIVE,INB,2026-10-09 06:00:00,YYYY-MM-DD HH:MM:SS,OP_001
SCAN_002422,QR261009A0313,,MOVE,M1,2026-10-09 06:02:30,YYYY-MM-DD HH:MM:SS,OP_001
SCAN_002423,QR261009A0313,,MOVE,M2,2026-10-09 06:05:00,YYYY-MM-DD HH:MM:SS,OP_001
SCAN_002424,QR261009A0313,,MOVE,HT,2026-10-09 06:07:30,YYYY-MM-DD HH:MM:SS,OP_001
SCAN_002425,QR261009A0313,,MOVE,AS1,2026-10-09 06:18:00,YYYY-MM-DD HH:MM:SS,OP_001
SCAN_002426,QR261009A0313,,MOVE,T1,2026-10-09 06:20:30,YYYY-MM-DD HH:MM:SS,OP_001
SCAN_002427,QR261009A0313,,MOVE,PK,2026-10-09 06:23:00,YYYY-MM-DD HH:MM:SS,OP_001
SCAN_002428,QR261009A0313,,MOVE,SHP,2026-10-09 06:25:30,YYYY-MM-DD HH:MM:SS,OP_001
SCAN_002429,QR261009A0314,,RECEIVE,INB,2026-10-09 14:48:00,YYYY-MM-DD HH:MM:SS,OP_001
SCAN_002430,QR261009A0314,,MOVE,M1,2026-10-09 14:50:30,YYYY-MM-DD HH:MM:SS,OP_001
SCAN_002431,QR261009A0314,,MOVE,M2,2026-10-09 14:53:00,YYYY-MM-DD HH:MM:SS,OP_001
SCAN_002432,QR261009A0314,,MOVE,HT,2026-10-09 14:55:30,YYYY-MM-DD HH:MM:SS,OP_001
SCAN_002433,QR261009A0314,,MOVE,AS1,2026-10-09 15:06:00,YYYY-MM-DD HH:MM:SS,OP_001
SCAN_002434,QR261009A0314,,MOVE,T1,2026-10-09 15:08:30,YYYY-MM-DD HH:MM:SS,OP_001
SCAN_002435,QR261009A0314,,MOVE,PK,2026-10-09 15:11:00,YYYY-MM-DD HH:MM:SS,OP_001
SCAN_002436,QR261009A0314,,MOVE,SHP,2026-10-09 15:13:30,YYYY-MM-DD HH:MM:SS,OP_001
SCAN_002437,QR261009B0315,,RECEIVE,INB,2026-10-09 07:36:00,YYYY-MM-DD HH:MM:SS,OP_001
SCAN_002438,QR261009B0315,,MOVE,M1,2026-10-09 07:38:30,YYYY-MM-DD HH:MM:SS,OP_001
SCAN_002439,QR261009B0315,,MOVE,HT,2026-10-09 07:41:00,YYYY-MM-DD HH:MM:SS,OP_001
SCAN_002440,QR261009B0315,,MOVE,AS2,2026-10-09 07:51:30,YYYY-MM-DD HH:MM:SS,OP_001
SCAN_002441,QR261009B0315,,MOVE,T1,2026-10-09 07:54:00,YYYY-MM-DD HH:MM:SS,OP_001
SCAN_002442,QR261009B0315,,MOVE,PK,2026-10-09 07:56:30,YYYY-MM-DD HH:MM:SS,OP_001
SCAN_002443,QR261009B0315,,MOVE,SHP,2026-10-09 07:59:00,YYYY-MM-DD HH:MM:SS,OP_001
SCAN_002444,QR261009B0316,,RECEIVE,INB,2026-10-09 16:24:00,YYYY-MM-DD HH:MM:SS,OP_001
SCAN_002445,QR261009B0316,,MOVE,M1,2026-10-09 16:26:30,YYYY-MM-DD HH:MM:SS,OP_001
SCAN_002446,QR261009B0316,,MOVE,HT,2026-10-09 16:29:00,YYYY-MM-DD HH:MM:SS,OP_001
SCAN_002447,QR261009B0316,,MOVE,AS2,2026-10-09 16:39:30,YYYY-MM-DD HH:MM:SS,OP_001
SCAN_002448,QR261009B0316,,MOVE,T1,2026-10-09 16:42:00,YYYY-MM-DD HH:MM:SS,OP_001
SCAN_002449,QR261009B0316,,MOVE,PK,2026-10-09 16:44:30,YYYY-MM-DD HH:MM:SS,OP_001
SCAN_002450,QR261009B0316,,MOVE,SHP,2026-10-09 16:47:00,YYYY-MM-DD HH:MM:SS,OP_001
SCAN_002451,QR261010A0317,,RECEIVE,INB,2026-10-10 06:00:00,YYYY-MM-DD HH:MM:SS,OP_001
SCAN_002452,QR261010A0317,,MOVE,M1,2026-10-10 06:02:30,YYYY-MM-DD HH:MM:SS,OP_001
SCAN_002453,QR261010A0317,,MOVE,M2,2026-10-10 06:05:00,YYYY-MM-DD HH:MM:SS,OP_001
SCAN_002454,QR261010A0317,,MOVE,HT,2026-10-10 06:07:30,YYYY-MM-DD HH:MM:SS,OP_001
SCAN_002455,QR261010A0317,,MOVE,AS1,2026-10-10 06:18:00,YYYY-MM-DD HH:MM:SS,OP_001
SCAN_002456,QR261010A0317,,MOVE,T1,2026-10-10 06:20:30,YYYY-MM-DD HH:MM:SS,OP_001
SCAN_002457,QR261010A0317,,MOVE,PK,2026-10-10 06:23:00,YYYY-MM-DD HH:MM:SS,OP_001
SCAN_002458,QR261010A0317,,MOVE,SHP,2026-10-10 06:25:30,YYYY-MM-DD HH:MM:SS,OP_001
SCAN_002459,QR261010A0318,,RECEIVE,INB,2026-10-10 14:48:00,YYYY-MM-DD HH:MM:SS,OP_001
SCAN_002460,QR261010A0318,,MOVE,M1,2026-10-10 14:50:30,YYYY-MM-DD HH:MM:SS,OP_001
SCAN_002461,QR261010A0318,,MOVE,M2,2026-10-10 14:53:00,YYYY-MM-DD HH:MM:SS,OP_001
SCAN_002462,QR261010A0318,,MOVE,HT,2026-10-10 14:55:30,YYYY-MM-DD HH:MM:SS,OP_001
SCAN_002463,QR261010A0318,,MOVE,AS1,2026-10-10 15:06:00,YYYY-MM-DD HH:MM:SS,OP_001
SCAN_002464,QR261010A0318,,MOVE,T1,2026-10-10 15:08:30,YYYY-MM-DD HH:MM:SS,OP_001
SCAN_002465,QR261010A0318,,MOVE,PK,2026-10-10 15:11:00,YYYY-MM-DD HH:MM:SS,OP_001
SCAN_002466,QR261010A0318,,MOVE,SHP,2026-10-10 15:13:30,YYYY-MM-DD HH:MM:SS,OP_001
SCAN_002467,QR261010B0319,,RECEIVE,INB,2026-10-10 07:36:00,YYYY-MM-DD HH:MM:SS,OP_001
SCAN_002468,QR261010B0319,,MOVE,M1,2026-10-10 07:38:30,YYYY-MM-DD HH:MM:SS,OP_001
SCAN_002469,QR261010B0319,,MOVE,HT,2026-10-10 07:41:00,YYYY-MM-DD HH:MM:SS,OP_001
SCAN_002470,QR261010B0319,,MOVE,AS2,2026-10-10 07:51:30,YYYY-MM-DD HH:MM:SS,OP_001
SCAN_002471,QR261010B0319,,MOVE,T1,2026-10-10 07:54:00,YYYY-MM-DD HH:MM:SS,OP_001
SCAN_002472,QR261010B0319,,MOVE,PK,2026-10-10 07:56:30,YYYY-MM-DD HH:MM:SS,OP_001
SCAN_002473,QR261010B0319,,MOVE,SHP,2026-10-10 07:59:00,YYYY-MM-DD HH:MM:SS,OP_001
SCAN_002474,QR261010B0320,,RECEIVE,INB,2026-10-10 16:24:00,YYYY-MM-DD HH:MM:SS,OP_001
SCAN_002475,QR261010B0320,,MOVE,M1,2026-10-10 16:26:30,YYYY-MM-DD HH:MM:SS,OP_001
SCAN_002476,QR261010B0320,,MOVE,HT,2026-10-10 16:29:00,YYYY-MM-DD HH:MM:SS,OP_001
SCAN_002477,QR261010B0320,,MOVE,AS2,2026-10-10 16:39:30,YYYY-MM-DD HH:MM:SS,OP_001
SCAN_002478,QR261010B0320,,MOVE,T1,2026-10-10 16:42:00,YYYY-MM-DD HH:MM:SS,OP_001
SCAN_002479,QR261010B0320,,MOVE,PK,2026-10-10 16:44:30,YYYY-MM-DD HH:MM:SS,OP_001
SCAN_002480,QR261010B0320,,MOVE,SHP,2026-10-10 16:47:00,YYYY-MM-DD HH:MM:SS,OP_001
SCAN_002481,QR261010A0321,,RECEIVE,INB,2026-10-10 09:12:00,YYYY-MM-DD HH:MM:SS,OP_001
SCAN_002482,QR261010A0321,,MOVE,M1,2026-10-10 09:14:30,YYYY-MM-DD HH:MM:SS,OP_001
SCAN_002483,QR261010A0321,,MOVE,M2,2026-10-10 09:17:00,YYYY-MM-DD HH:MM:SS,OP_001
SCAN_002484,QR261010A0321,,MOVE,HT,2026-10-10 09:19:30,YYYY-MM-DD HH:MM:SS,OP_001
SCAN_002485,QR261010A0321,,MOVE,AS1,2026-10-10 09:30:00,YYYY-MM-DD HH:MM:SS,OP_001
SCAN_002486,QR261010A0321,,MOVE,T1,2026-10-10 09:32:30,YYYY-MM-DD HH:MM:SS,OP_001
SCAN_002487,QR261010A0321,,MOVE,PK,2026-10-10 09:35:00,YYYY-MM-DD HH:MM:SS,OP_001
SCAN_002488,QR261010A0321,,MOVE,SHP,2026-10-10 09:37:30,YYYY-MM-DD HH:MM:SS,OP_001
SCAN_002489,QR261010A0322,,RECEIVE,INB,2026-10-10 18:00:00,YYYY-MM-DD HH:MM:SS,OP_001
SCAN_002490,QR261010A0322,,MOVE,M1,2026-10-10 18:02:30,YYYY-MM-DD HH:MM:SS,OP_001
SCAN_002491,QR261010A0322,,MOVE,M2,2026-10-10 18:05:00,YYYY-MM-DD HH:MM:SS,OP_001
SCAN_002492,QR261010A0322,,MOVE,HT,2026-10-10 18:07:30,YYYY-MM-DD HH:MM:SS,OP_001
SCAN_002493,QR261010A0322,,MOVE,AS1,2026-10-10 18:18:00,YYYY-MM-DD HH:MM:SS,OP_001
SCAN_002494,QR261010A0322,,MOVE,T1,2026-10-10 18:20:30,YYYY-MM-DD HH:MM:SS,OP_001
SCAN_002495,QR261010A0322,,MOVE,PK,2026-10-10 18:23:00,YYYY-MM-DD HH:MM:SS,OP_001
SCAN_002496,QR261010A0322,,MOVE,SHP,2026-10-10 18:25:30,YYYY-MM-DD HH:MM:SS,OP_001
SCAN_002497,QR261010B0323,,RECEIVE,INB,2026-10-10 10:48:00,YYYY-MM-DD HH:MM:SS,OP_001
SCAN_002498,QR261010B0323,,MOVE,M1,2026-10-10 10:50:30,YYYY-MM-DD HH:MM:SS,OP_001
SCAN_002499,QR261010B0323,,MOVE,HT,2026-10-10 10:53:00,YYYY-MM-DD HH:MM:SS,OP_001
SCAN_002500,QR261010B0323,,MOVE,AS2,2026-10-10 11:03:30,YYYY-MM-DD HH:MM:SS,OP_001
SCAN_002501,QR261010B0323,,MOVE,T1,2026-10-10 11:06:00,YYYY-MM-DD HH:MM:SS,OP_001
SCAN_002502,QR261010B0323,,MOVE,PK,2026-10-10 11:08:30,YYYY-MM-DD HH:MM:SS,OP_001
SCAN_002503,QR261010B0323,,MOVE,SHP,2026-10-10 11:11:00,YYYY-MM-DD HH:MM:SS,OP_001
SCAN_002504,QR261010B0324,,RECEIVE,INB,2026-10-10 19:36:00,YYYY-MM-DD HH:MM:SS,OP_001
SCAN_002505,QR261010B0324,,MOVE,M1,2026-10-10 19:38:30,YYYY-MM-DD HH:MM:SS,OP_001
SCAN_002506,QR261010B0324,,MOVE,HT,2026-10-10 19:41:00,YYYY-MM-DD HH:MM:SS,OP_001
SCAN_002507,QR261010B0324,,MOVE,AS2,2026-10-10 19:51:30,YYYY-MM-DD HH:MM:SS,OP_001
SCAN_002508,QR261010B0324,,MOVE,T1,2026-10-10 19:54:00,YYYY-MM-DD HH:MM:SS,OP_001
SCAN_002509,QR261010B0324,,MOVE,PK,2026-10-10 19:56:30,YYYY-MM-DD HH:MM:SS,OP_001
SCAN_002510,QR261010B0324,,MOVE,SHP,2026-10-10 19:59:00,YYYY-MM-DD HH:MM:SS,OP_001
SCAN_002511,QR261010A0325,,RECEIVE,INB,2026-10-10 06:00:00,YYYY-MM-DD HH:MM:SS,OP_001
SCAN_002512,QR261010A0325,,MOVE,M1,2026-10-10 06:02:30,YYYY-MM-DD HH:MM:SS,OP_001
SCAN_002513,QR261010A0325,,MOVE,M2,2026-10-10 06:05:00,YYYY-MM-DD HH:MM:SS,OP_001
SCAN_002514,QR261010A0325,,MOVE,HT,2026-10-10 06:07:30,YYYY-MM-DD HH:MM:SS,OP_001
SCAN_002515,QR261010A0325,,MOVE,AS1,2026-10-10 06:18:00,YYYY-MM-DD HH:MM:SS,OP_001
SCAN_002516,QR261010A0325,,MOVE,T1,2026-10-10 06:20:30,YYYY-MM-DD HH:MM:SS,OP_001
SCAN_002517,QR261010A0325,,MOVE,PK,2026-10-10 06:23:00,YYYY-MM-DD HH:MM:SS,OP_001
SCAN_002518,QR261010A0325,,MOVE,SHP,2026-10-10 06:25:30,YYYY-MM-DD HH:MM:SS,OP_001
SCAN_002519,QR261010A0326,,RECEIVE,INB,2026-10-10 14:48:00,YYYY-MM-DD HH:MM:SS,OP_001
SCAN_002520,QR261010A0326,,MOVE,M1,2026-10-10 14:50:30,YYYY-MM-DD HH:MM:SS,OP_001
SCAN_002521,QR261010A0326,,MOVE,M2,2026-10-10 14:53:00,YYYY-MM-DD HH:MM:SS,OP_001
SCAN_002522,QR261010A0326,,MOVE,HT,2026-10-10 14:55:30,YYYY-MM-DD HH:MM:SS,OP_001
SCAN_002523,QR261010A0326,,MOVE,AS1,2026-10-10 15:06:00,YYYY-MM-DD HH:MM:SS,OP_001
SCAN_002524,QR261010A0326,,MOVE,T1,2026-10-10 15:08:30,YYYY-MM-DD HH:MM:SS,OP_001
SCAN_002525,QR261010A0326,,MOVE,PK,2026-10-10 15:11:00,YYYY-MM-DD HH:MM:SS,OP_001
SCAN_002526,QR261010A0326,,MOVE,SHP,2026-10-10 15:13:30,YYYY-MM-DD HH:MM:SS,OP_001
SCAN_002527,QR261010B0327,,RECEIVE,INB,2026-10-10 07:36:00,YYYY-MM-DD HH:MM:SS,OP_001
SCAN_002528,QR261010B0327,,MOVE,M1,2026-10-10 07:38:30,YYYY-MM-DD HH:MM:SS,OP_001
SCAN_002529,QR261010B0327,,MOVE,HT,2026-10-10 07:41:00,YYYY-MM-DD HH:MM:SS,OP_001
SCAN_002530,QR261010B0327,,MOVE,AS2,2026-10-10 07:51:30,YYYY-MM-DD HH:MM:SS,OP_001
SCAN_002531,QR261010B0327,,MOVE,T1,2026-10-10 07:54:00,YYYY-MM-DD HH:MM:SS,OP_001
SCAN_002532,QR261010B0327,,MOVE,PK,2026-10-10 07:56:30,YYYY-MM-DD HH:MM:SS,OP_001
SCAN_002533,QR261010B0327,,MOVE,SHP,2026-10-10 07:59:00,YYYY-MM-DD HH:MM:SS,OP_001
SCAN_002534,QR261010B0328,,RECEIVE,INB,2026-10-10 16:24:00,YYYY-MM-DD HH:MM:SS,OP_001
SCAN_002535,QR261010B0328,,MOVE,M1,2026-10-10 16:26:30,YYYY-MM-DD HH:MM:SS,OP_001
SCAN_002536,QR261010B0328,,MOVE,HT,2026-10-10 16:29:00,YYYY-MM-DD HH:MM:SS,OP_001
SCAN_002537,QR261010B0328,,MOVE,AS2,2026-10-10 16:39:30,YYYY-MM-DD HH:MM:SS,OP_001
SCAN_002538,QR261010B0328,,MOVE,T1,2026-10-10 16:42:00,YYYY-MM-DD HH:MM:SS,OP_001
SCAN_002539,QR261010B0328,,MOVE,PK,2026-10-10 16:44:30,YYYY-MM-DD HH:MM:SS,OP_001
SCAN_002540,QR261010B0328,,MOVE,SHP,2026-10-10 16:47:00,YYYY-MM-DD HH:MM:SS,OP_001
SCAN_002541,QR261010A0329,,RECEIVE,INB,2026-10-10 09:12:00,YYYY-MM-DD HH:MM:SS,OP_001
SCAN_002542,QR261010A0329,,MOVE,M1,2026-10-10 09:14:30,YYYY-MM-DD HH:MM:SS,OP_001
SCAN_002543,QR261010A0329,,MOVE,M2,2026-10-10 09:17:00,YYYY-MM-DD HH:MM:SS,OP_001
SCAN_002544,QR261010A0329,,MOVE,HT,2026-10-10 09:19:30,YYYY-MM-DD HH:MM:SS,OP_001
SCAN_002545,QR261010A0329,,MOVE,AS1,2026-10-10 09:30:00,YYYY-MM-DD HH:MM:SS,OP_001
SCAN_002546,QR261010A0329,,MOVE,T1,2026-10-10 09:32:30,YYYY-MM-DD HH:MM:SS,OP_001
SCAN_002547,QR261010A0329,,MOVE,PK,2026-10-10 09:35:00,YYYY-MM-DD HH:MM:SS,OP_001
SCAN_002548,QR261010A0329,,MOVE,SHP,2026-10-10 09:37:30,YYYY-MM-DD HH:MM:SS,OP_001
SCAN_002549,QR261010A0330,,RECEIVE,INB,2026-10-10 18:00:00,YYYY-MM-DD HH:MM:SS,OP_001
SCAN_002550,QR261010A0330,,MOVE,M1,2026-10-10 18:02:30,YYYY-MM-DD HH:MM:SS,OP_001
SCAN_002551,QR261010A0330,,MOVE,M2,2026-10-10 18:05:00,YYYY-MM-DD HH:MM:SS,OP_001
SCAN_002552,QR261010A0330,,MOVE,HT,2026-10-10 18:07:30,YYYY-MM-DD HH:MM:SS,OP_001
SCAN_002553,QR261010A0330,,MOVE,AS1,2026-10-10 18:18:00,YYYY-MM-DD HH:MM:SS,OP_001
SCAN_002555,QR261010A0330,,MOVE,PK,2026-10-10 18:23:00,YYYY-MM-DD HH:MM:SS,OP_001
SCAN_002556,QR261010A0330,,MOVE,SHP,2026-10-10 18:25:30,YYYY-MM-DD HH:MM:SS,OP_001
SCAN_002557,QR261010B0331,,RECEIVE,INB,2026-10-10 10:48:00,YYYY-MM-DD HH:MM:SS,OP_001
SCAN_002558,QR261010B0331,,MOVE,M1,2026-10-10 10:50:30,YYYY-MM-DD HH:MM:SS,OP_001
SCAN_002560,QR261010B0331,,MOVE,AS2,2026-10-10 11:03:30,YYYY-MM-DD HH:MM:SS,OP_001
SCAN_002561,QR261010B0331,,MOVE,T1,2026-10-10 11:06:00,YYYY-MM-DD HH:MM:SS,OP_001
SCAN_002562,QR261010B0331,,MOVE,PK,2026-10-10 11:08:30,YYYY-MM-DD HH:MM:SS,OP_001
SCAN_002563,QR261010B0331,,MOVE,SHP,2026-10-10 11:11:00,YYYY-MM-DD HH:MM:SS,OP_001
SCAN_002564,QR261010B0332,,RECEIVE,INB,2026-10-10 19:36:00,YYYY-MM-DD HH:MM:SS,OP_001
SCAN_002565,QR261010B0332,,MOVE,M1,2026-10-10 19:38:30,YYYY-MM-DD HH:MM:SS,OP_001
SCAN_002566,QR261010B0332,,MOVE,HT,2026-10-10 19:41:00,YYYY-MM-DD HH:MM:SS,OP_001
SCAN_002567,QR261010B0332,,MOVE,AS2,2026-10-10 19:51:30,YYYY-MM-DD HH:MM:SS,OP_001
SCAN_002568,QR261010B0332,,MOVE,T1,2026-10-10 19:54:00,YYYY-MM-DD HH:MM:SS,OP_001
SCAN_002569,QR261010B0332,,MOVE,PK,2026-10-10 19:56:30,YYYY-MM-DD HH:MM:SS,OP_001
SCAN_002570,QR261010B0332,,MOVE,SHP,2026-10-10 19:59:00,YYYY-MM-DD HH:MM:SS,OP_001
SCAN_002571,QR261010A0333,,RECEIVE,INB,2026-10-10 06:00:00,YYYY-MM-DD HH:MM:SS,OP_001
SCAN_002572,QR261010A0333,,MOVE,M1,2026-10-10 06:02:30,YYYY-MM-DD HH:MM:SS,OP_001
SCAN_002573,QR261010A0333,,MOVE,M2,2026-10-10 06:05:00,YYYY-MM-DD HH:MM:SS,OP_001
SCAN_002574,QR261010A0333,,MOVE,HT,2026-10-10 06:07:30,YYYY-MM-DD HH:MM:SS,OP_001
SCAN_002575,QR261010A0333,,MOVE,AS1,2026-10-10 06:18:00,YYYY-MM-DD HH:MM:SS,OP_001
SCAN_002576,QR261010A0333,,MOVE,T1,2026-10-10 06:20:30,YYYY-MM-DD HH:MM:SS,OP_001
SCAN_002577,QR261010A0333,,MOVE,PK,2026-10-10 06:23:00,YYYY-MM-DD HH:MM:SS,OP_001
SCAN_002578,QR261010A0333,,MOVE,SHP,2026-10-10 06:25:30,YYYY-MM-DD HH:MM:SS,OP_001
SCAN_002579,QR261010A0334,,RECEIVE,INB,2026-10-10 14:48:00,YYYY-MM-DD HH:MM:SS,OP_001
SCAN_002580,QR261010A0334,,MOVE,M1,2026-10-10 14:50:30,YYYY-MM-DD HH:MM:SS,OP_001
SCAN_002581,QR261010A0334,,MOVE,M2,2026-10-10 14:53:00,YYYY-MM-DD HH:MM:SS,OP_001
SCAN_002582,QR261010A0334,,MOVE,HT,2026-10-10 14:55:30,YYYY-MM-DD HH:MM:SS,OP_001
SCAN_002583,QR261010A0334,,MOVE,AS1,2026-10-10 15:06:00,YYYY-MM-DD HH:MM:SS,OP_001
SCAN_002584,QR261010A0334,,MOVE,T1,2026-10-10 15:08:30,YYYY-MM-DD HH:MM:SS,OP_001
SCAN_002585,QR261010A0334,,MOVE,PK,2026-10-10 15:11:00,YYYY-MM-DD HH:MM:SS,OP_001
SCAN_002586,QR261010A0334,,MOVE,SHP,2026-10-10 15:13:30,YYYY-MM-DD HH:MM:SS,OP_001
SCAN_002587,QR261010B0335,,RECEIVE,INB,2026-10-10 07:36:00,YYYY-MM-DD HH:MM:SS,OP_001
SCAN_002588,QR261010B0335,,MOVE,M1,2026-10-10 07:38:30,YYYY-MM-DD HH:MM:SS,OP_001
SCAN_002589,QR261010B0335,,MOVE,HT,2026-10-10 07:41:00,YYYY-MM-DD HH:MM:SS,OP_001
SCAN_002590,QR261010B0335,,MOVE,AS2,2026-10-10 07:51:30,YYYY-MM-DD HH:MM:SS,OP_001
SCAN_002591,QR261010B0335,,MOVE,T1,2026-10-10 07:54:00,YYYY-MM-DD HH:MM:SS,OP_001
SCAN_002592,QR261010B0335,,MOVE,PK,2026-10-10 07:56:30,YYYY-MM-DD HH:MM:SS,OP_001
SCAN_002593,QR261010B0335,,MOVE,SHP,2026-10-10 07:59:00,YYYY-MM-DD HH:MM:SS,OP_001
SCAN_002594,QR261010B0336,,RECEIVE,INB,2026-10-10 16:24:00,YYYY-MM-DD HH:MM:SS,OP_001
SCAN_002595,QR261010B0336,,MOVE,M1,2026-10-10 16:26:30,YYYY-MM-DD HH:MM:SS,OP_001
SCAN_002596,QR261010B0336,,MOVE,HT,2026-10-10 16:29:00,YYYY-MM-DD HH:MM:SS,OP_001
SCAN_002597,QR261010B0336,,MOVE,AS2,2026-10-10 16:39:30,YYYY-MM-DD HH:MM:SS,OP_001
SCAN_002598,QR261010B0336,,MOVE,T1,2026-10-10 16:42:00,YYYY-MM-DD HH:MM:SS,OP_001
SCAN_002599,QR261010B0336,,MOVE,PK,2026-10-10 16:44:30,YYYY-MM-DD HH:MM:SS,OP_001
SCAN_002600,QR261010B0336,,MOVE,SHP,2026-10-10 16:47:00,YYYY-MM-DD HH:MM:SS,OP_001
SCAN_002601,QR261010A0337,,RECEIVE,INB,2026-10-10 09:12:00,YYYY-MM-DD HH:MM:SS,OP_001
SCAN_002602,QR261010A0337,,MOVE,M1,2026-10-10 09:14:30,YYYY-MM-DD HH:MM:SS,OP_001
SCAN_002603,QR261010A0337,,MOVE,M2,2026-10-10 09:17:00,YYYY-MM-DD HH:MM:SS,OP_001
SCAN_002604,QR261010A0337,,MOVE,HT,2026-10-10 09:19:30,YYYY-MM-DD HH:MM:SS,OP_001
SCAN_002605,QR261010A0337,,MOVE,AS1,2026-10-10 09:30:00,YYYY-MM-DD HH:MM:SS,OP_001
SCAN_002606,QR261010A0337,,MOVE,T1,2026-10-10 09:32:30,YYYY-MM-DD HH:MM:SS,OP_001
SCAN_002607,QR261010A0337,,MOVE,PK,2026-10-10 09:35:00,YYYY-MM-DD HH:MM:SS,OP_001
SCAN_002608,QR261010A0337,,MOVE,SHP,2026-10-10 09:37:30,YYYY-MM-DD HH:MM:SS,OP_001
SCAN_002609,QR261010A0338,,RECEIVE,INB,2026-10-10 18:00:00,YYYY-MM-DD HH:MM:SS,OP_001
SCAN_002610,QR261010A0338,,MOVE,M1,2026-10-10 18:02:30,YYYY-MM-DD HH:MM:SS,OP_001
SCAN_002611,QR261010A0338,,MOVE,M2,2026-10-10 18:05:00,YYYY-MM-DD HH:MM:SS,OP_001
SCAN_002613,QR261010A0338,,MOVE,AS1,2026-10-10 18:18:00,YYYY-MM-DD HH:MM:SS,OP_001
SCAN_002614,QR261010A0338,,MOVE,T1,2026-10-10 18:20:30,YYYY-MM-DD HH:MM:SS,OP_001
SCAN_002615,QR261010A0338,,MOVE,PK,2026-10-10 18:23:00,YYYY-MM-DD HH:MM:SS,OP_001
SCAN_002616,QR261010A0338,,MOVE,SHP,2026-10-10 18:25:30,YYYY-MM-DD HH:MM:SS,OP_001
SCAN_002617,QR261010B0339,,RECEIVE,INB,2026-10-10 10:48:00,YYYY-MM-DD HH:MM:SS,OP_001
SCAN_002618,QR261010B0339,,MOVE,M1,2026-10-10 10:50:30,YYYY-MM-DD HH:MM:SS,OP_001
SCAN_002619,QR261010B0339,,MOVE,HT,2026-10-10 10:53:00,YYYY-MM-DD HH:MM:SS,OP_001
SCAN_002620,QR261010B0339,,MOVE,AS2,2026-10-10 11:03:30,YYYY-MM-DD HH:MM:SS,OP_001
SCAN_002621,QR261010B0339,,MOVE,T1,2026-10-10 11:06:00,YYYY-MM-DD HH:MM:SS,OP_001
SCAN_002622,QR261010B0339,,MOVE,PK,2026-10-10 11:08:30,YYYY-MM-DD HH:MM:SS,OP_001
SCAN_002623,QR261010B0339,,MOVE,SHP,2026-10-10 11:11:00,YYYY-MM-DD HH:MM:SS,OP_001
SCAN_002624,QR261010B0340,,RECEIVE,INB,2026-10-10 19:36:00,YYYY-MM-DD HH:MM:SS,OP_001
SCAN_002625,QR261010B0340,,MOVE,M1,2026-10-10 19:38:30,YYYY-MM-DD HH:MM:SS,OP_001
SCAN_002626,QR261010B0340,,MOVE,HT,2026-10-10 19:41:00,YYYY-MM-DD HH:MM:SS,OP_001
SCAN_002627,QR261010B0340,,MOVE,AS2,2026-10-10 19:51:30,YYYY-MM-DD HH:MM:SS,OP_001
SCAN_002628,QR261010B0340,,MOVE,T1,2026-10-10 19:54:00,YYYY-MM-DD HH:MM:SS,OP_001
SCAN_002629,QR261010B0340,,MOVE,PK,2026-10-10 19:56:30,YYYY-MM-DD HH:MM:SS,OP_001
SCAN_002630,QR261010B0340,,MOVE,SHP,2026-10-10 19:59:00,YYYY-MM-DD HH:MM:SS,OP_001
SCAN_002631,QR261010A0341,,RECEIVE,INB,2026-10-10 06:00:00,YYYY-MM-DD HH:MM:SS,OP_001
SCAN_002632,QR261010A0341,,MOVE,M1,2026-10-10 06:02:30,YYYY-MM-DD HH:MM:SS,OP_001
SCAN_002633,QR261010A0341,,MOVE,M2,2026-10-10 06:05:00,YYYY-MM-DD HH:MM:SS,OP_001
SCAN_002634,QR261010A0341,,MOVE,HT,2026-10-10 06:07:30,YYYY-MM-DD HH:MM:SS,OP_001
SCAN_002635,QR261010A0341,,MOVE,AS1,2026-10-10 06:18:00,YYYY-MM-DD HH:MM:SS,OP_001
SCAN_002636,QR261010A0341,,MOVE,T1,2026-10-10 06:20:30,YYYY-MM-DD HH:MM:SS,OP_001
SCAN_002637,QR261010A0341,,MOVE,PK,2026-10-10 06:23:00,YYYY-MM-DD HH:MM:SS,OP_001
SCAN_002638,QR261010A0341,,MOVE,SHP,2026-10-10 06:25:30,YYYY-MM-DD HH:MM:SS,OP_001
SCAN_002639,QR261010A0342,,RECEIVE,INB,2026-10-10 14:48:00,YYYY-MM-DD HH:MM:SS,OP_001
SCAN_002640,QR261010A0342,,MOVE,M1,2026-10-10 14:50:30,YYYY-MM-DD HH:MM:SS,OP_001
SCAN_002641,QR261010A0342,,MOVE,M2,2026-10-10 14:53:00,YYYY-MM-DD HH:MM:SS,OP_001
SCAN_002642,QR261010A0342,,MOVE,HT,2026-10-10 14:55:30,YYYY-MM-DD HH:MM:SS,OP_001
SCAN_002643,QR261010A0342,,MOVE,AS1,2026-10-10 15:06:00,YYYY-MM-DD HH:MM:SS,OP_001
SCAN_002644,QR261010A0342,,MOVE,T1,2026-10-10 15:08:30,YYYY-MM-DD HH:MM:SS,OP_001
SCAN_002645,QR261010A0342,,MOVE,PK,2026-10-10 15:11:00,YYYY-MM-DD HH:MM:SS,OP_001
SCAN_002646,QR261010A0342,,MOVE,SHP,2026-10-10 15:13:30,YYYY-MM-DD HH:MM:SS,OP_001
SCAN_002647,QR261010B0343,,RECEIVE,INB,2026-10-10 07:36:00,YYYY-MM-DD HH:MM:SS,OP_001
SCAN_002648,QR261010B0343,,MOVE,M1,2026-10-10 07:38:30,YYYY-MM-DD HH:MM:SS,OP_001
SCAN_002649,QR261010B0343,,MOVE,HT,2026-10-10 07:41:00,YYYY-MM-DD HH:MM:SS,OP_001
SCAN_002650,QR261010B0343,,MOVE,AS2,2026-10-10 07:51:30,YYYY-MM-DD HH:MM:SS,OP_001
SCAN_002651,QR261010B0343,,MOVE,T1,2026-10-10 07:54:00,YYYY-MM-DD HH:MM:SS,OP_001
SCAN_002652,QR261010B0343,,MOVE,PK,2026-10-10 07:56:30,YYYY-MM-DD HH:MM:SS,OP_001
SCAN_002653,QR261010B0343,,MOVE,SHP,2026-10-10 07:59:00,YYYY-MM-DD HH:MM:SS,OP_001
SCAN_002654,QR261010B0344,,RECEIVE,INB,2026-10-10 16:24:00,YYYY-MM-DD HH:MM:SS,OP_001
SCAN_002655,QR261010B0344,,MOVE,M1,2026-10-10 16:26:30,YYYY-MM-DD HH:MM:SS,OP_001
SCAN_002656,QR261010B0344,,MOVE,HT,2026-10-10 16:29:00,YYYY-MM-DD HH:MM:SS,OP_001
SCAN_002657,QR261010B0344,,MOVE,AS2,2026-10-10 16:39:30,YYYY-MM-DD HH:MM:SS,OP_001
SCAN_002658,QR261010B0344,,MOVE,T1,2026-10-10 16:42:00,YYYY-MM-DD HH:MM:SS,OP_001
SCAN_002659,QR261010B0344,,MOVE,PK,2026-10-10 16:44:30,YYYY-MM-DD HH:MM:SS,OP_001
SCAN_002660,QR261010B0344,,MOVE,SHP,2026-10-10 16:47:00,YYYY-MM-DD HH:MM:SS,OP_001
SCAN_002661,QR261011A0345,,RECEIVE,INB,2026-10-11 06:00:00,YYYY-MM-DD HH:MM:SS,OP_001
SCAN_002662,QR261011A0345,,MOVE,M1,2026-10-11 06:02:30,YYYY-MM-DD HH:MM:SS,OP_001
SCAN_002663,QR261011A0345,,MOVE,M2,2026-10-11 06:05:00,YYYY-MM-DD HH:MM:SS,OP_001
SCAN_002664,QR261011A0345,,MOVE,HT,2026-10-11 06:07:30,YYYY-MM-DD HH:MM:SS,OP_001
SCAN_002665,QR261011A0345,,MOVE,AS1,2026-10-11 06:18:00,YYYY-MM-DD HH:MM:SS,OP_001
SCAN_002666,QR261011A0345,,MOVE,T1,2026-10-11 06:20:30,YYYY-MM-DD HH:MM:SS,OP_001
SCAN_002667,QR261011A0345,,MOVE,PK,2026-10-11 06:23:00,YYYY-MM-DD HH:MM:SS,OP_001
SCAN_002668,QR261011A0345,,MOVE,SHP,2026-10-11 06:25:30,YYYY-MM-DD HH:MM:SS,OP_001
SCAN_002669,QR261011A0346,,RECEIVE,INB,2026-10-11 14:48:00,YYYY-MM-DD HH:MM:SS,OP_001
SCAN_002670,QR261011A0346,,MOVE,M1,2026-10-11 14:50:30,YYYY-MM-DD HH:MM:SS,OP_001
SCAN_002671,QR261011A0346,,MOVE,M2,2026-10-11 14:53:00,YYYY-MM-DD HH:MM:SS,OP_001
SCAN_002672,QR261011A0346,,MOVE,HT,2026-10-11 14:55:30,YYYY-MM-DD HH:MM:SS,OP_001
SCAN_002673,QR261011A0346,,MOVE,AS1,2026-10-11 15:06:00,YYYY-MM-DD HH:MM:SS,OP_001
SCAN_002674,QR261011A0346,,MOVE,T1,2026-10-11 15:08:30,YYYY-MM-DD HH:MM:SS,OP_001
SCAN_002675,QR261011A0346,,MOVE,PK,2026-10-11 15:11:00,YYYY-MM-DD HH:MM:SS,OP_001
SCAN_002676,QR261011A0346,,MOVE,SHP,2026-10-11 15:13:30,YYYY-MM-DD HH:MM:SS,OP_001
SCAN_002677,QR261011B0347,,RECEIVE,INB,2026-10-11 07:36:00,YYYY-MM-DD HH:MM:SS,OP_001
SCAN_002678,QR261011B0347,,MOVE,M1,2026-10-11 07:38:30,YYYY-MM-DD HH:MM:SS,OP_001
SCAN_002679,QR261011B0347,,MOVE,HT,2026-10-11 07:41:00,YYYY-MM-DD HH:MM:SS,OP_001
SCAN_002680,QR261011B0347,,MOVE,AS2,2026-10-11 07:51:30,YYYY-MM-DD HH:MM:SS,OP_001
SCAN_002681,QR261011B0347,,MOVE,T1,2026-10-11 07:54:00,YYYY-MM-DD HH:MM:SS,OP_001
SCAN_002682,QR261011B0347,,MOVE,PK,2026-10-11 07:56:30,YYYY-MM-DD HH:MM:SS,OP_001
SCAN_002683,QR261011B0347,,MOVE,SHP,2026-10-11 07:59:00,YYYY-MM-DD HH:MM:SS,OP_001
SCAN_002684,QR261011B0348,,RECEIVE,INB,2026-10-11 16:24:00,YYYY-MM-DD HH:MM:SS,OP_001
SCAN_002685,QR261011B0348,,MOVE,M1,2026-10-11 16:26:30,YYYY-MM-DD HH:MM:SS,OP_001
SCAN_002686,QR261011B0348,,MOVE,HT,2026-10-11 16:29:00,YYYY-MM-DD HH:MM:SS,OP_001
SCAN_002687,QR261011B0348,,MOVE,AS2,2026-10-11 16:39:30,YYYY-MM-DD HH:MM:SS,OP_001
SCAN_002688,QR261011B0348,,MOVE,T1,2026-10-11 16:42:00,YYYY-MM-DD HH:MM:SS,OP_001
SCAN_002689,QR261011B0348,,MOVE,PK,2026-10-11 16:44:30,YYYY-MM-DD HH:MM:SS,OP_001
SCAN_002690,QR261011B0348,,MOVE,SHP,2026-10-11 16:47:00,YYYY-MM-DD HH:MM:SS,OP_001
SCAN_002691,QR261011A0349,,RECEIVE,INB,2026-10-11 09:12:00,YYYY-MM-DD HH:MM:SS,OP_001
SCAN_002692,QR261011A0349,,MOVE,M1,2026-10-11 09:14:30,YYYY-MM-DD HH:MM:SS,OP_001
SCAN_002693,QR261011A0349,,MOVE,M2,2026-10-11 09:17:00,YYYY-MM-DD HH:MM:SS,OP_001
SCAN_002694,QR261011A0349,,MOVE,HT,2026-10-11 09:19:30,YYYY-MM-DD HH:MM:SS,OP_001
SCAN_002695,QR261011A0349,,MOVE,AS1,2026-10-11 09:30:00,YYYY-MM-DD HH:MM:SS,OP_001
SCAN_002696,QR261011A0349,,MOVE,T1,2026-10-11 09:32:30,YYYY-MM-DD HH:MM:SS,OP_001
SCAN_002697,QR261011A0349,,MOVE,PK,2026-10-11 09:35:00,YYYY-MM-DD HH:MM:SS,OP_001
SCAN_002698,QR261011A0349,,MOVE,SHP,2026-10-11 09:37:30,YYYY-MM-DD HH:MM:SS,OP_001
SCAN_002699,QR261011A0350,,RECEIVE,INB,2026-10-11 18:00:00,YYYY-MM-DD HH:MM:SS,OP_001
SCAN_002700,QR261011A0350,,MOVE,M1,2026-10-11 18:02:30,YYYY-MM-DD HH:MM:SS,OP_001
SCAN_002701,QR261011A0350,,MOVE,M2,2026-10-11 18:05:00,YYYY-MM-DD HH:MM:SS,OP_001
SCAN_002702,QR261011A0350,,MOVE,HT,2026-10-11 18:07:30,YYYY-MM-DD HH:MM:SS,OP_001
SCAN_002703,QR261011A0350,,MOVE,AS1,2026-10-11 18:18:00,YYYY-MM-DD HH:MM:SS,OP_001
SCAN_002705,QR261011A0350,,MOVE,PK,2026-10-11 18:23:00,YYYY-MM-DD HH:MM:SS,OP_001
SCAN_002706,QR261011A0350,,MOVE,SHP,2026-10-11 18:25:30,YYYY-MM-DD HH:MM:SS,OP_001
SCAN_002707,QR261011B0351,,RECEIVE,INB,2026-10-11 10:48:00,YYYY-MM-DD HH:MM:SS,OP_001
SCAN_002708,QR261011B0351,,MOVE,M1,2026-10-11 10:50:30,YYYY-MM-DD HH:MM:SS,OP_001
SCAN_002709,QR261011B0351,,MOVE,HT,2026-10-11 10:53:00,YYYY-MM-DD HH:MM:SS,OP_001
SCAN_002710,QR261011B0351,,MOVE,AS2,2026-10-11 11:03:30,YYYY-MM-DD HH:MM:SS,OP_001
SCAN_002711,QR261011B0351,,MOVE,T1,2026-10-11 11:06:00,YYYY-MM-DD HH:MM:SS,OP_001
SCAN_002712,QR261011B0351,,MOVE,PK,2026-10-11 11:08:30,YYYY-MM-DD HH:MM:SS,OP_001
SCAN_002713,QR261011B0351,,MOVE,SHP,2026-10-11 11:11:00,YYYY-MM-DD HH:MM:SS,OP_001
SCAN_002714,QR261011B0352,,RECEIVE,INB,2026-10-11 19:36:00,YYYY-MM-DD HH:MM:SS,OP_001
SCAN_002715,QR261011B0352,,MOVE,M1,2026-10-11 19:38:30,YYYY-MM-DD HH:MM:SS,OP_001
SCAN_002716,QR261011B0352,,MOVE,HT,2026-10-11 19:41:00,YYYY-MM-DD HH:MM:SS,OP_001
SCAN_002717,QR261011B0352,,MOVE,AS2,2026-10-11 19:51:30,YYYY-MM-DD HH:MM:SS,OP_001
SCAN_002718,QR261011B0352,,MOVE,T1,2026-10-11 19:54:00,YYYY-MM-DD HH:MM:SS,OP_001
SCAN_002719,QR261011B0352,,MOVE,PK,2026-10-11 19:56:30,YYYY-MM-DD HH:MM:SS,OP_001
SCAN_002720,QR261011B0352,,MOVE,SHP,2026-10-11 19:59:00,YYYY-MM-DD HH:MM:SS,OP_001
SCAN_002721,QR261011A0353,,RECEIVE,INB,2026-10-11 06:00:00,YYYY-MM-DD HH:MM:SS,OP_001
SCAN_002722,QR261011A0353,,MOVE,M1,2026-10-11 06:02:30,YYYY-MM-DD HH:MM:SS,OP_001
SCAN_002723,QR261011A0353,,MOVE,M2,2026-10-11 06:05:00,YYYY-MM-DD HH:MM:SS,OP_001
SCAN_002724,QR261011A0353,,MOVE,HT,2026-10-11 06:07:30,YYYY-MM-DD HH:MM:SS,OP_001
SCAN_002725,QR261011A0353,,MOVE,AS1,2026-10-11 06:18:00,YYYY-MM-DD HH:MM:SS,OP_001
SCAN_002726,QR261011A0353,,MOVE,T1,2026-10-11 06:20:30,YYYY-MM-DD HH:MM:SS,OP_001
SCAN_002727,QR261011A0353,,MOVE,PK,2026-10-11 06:23:00,YYYY-MM-DD HH:MM:SS,OP_001
SCAN_002728,QR261011A0353,,MOVE,SHP,2026-10-11 06:25:30,YYYY-MM-DD HH:MM:SS,OP_001
SCAN_002729,QR261011A0354,,RECEIVE,INB,2026-10-11 14:48:00,YYYY-MM-DD HH:MM:SS,OP_001
SCAN_002730,QR261011A0354,,MOVE,M1,2026-10-11 14:50:30,YYYY-MM-DD HH:MM:SS,OP_001
SCAN_002731,QR261011A0354,,MOVE,M2,2026-10-11 14:53:00,YYYY-MM-DD HH:MM:SS,OP_001
SCAN_002732,QR261011A0354,,MOVE,HT,2026-10-11 14:55:30,YYYY-MM-DD HH:MM:SS,OP_001
SCAN_002733,QR261011A0354,,MOVE,AS1,2026-10-11 15:06:00,YYYY-MM-DD HH:MM:SS,OP_001
SCAN_002734,QR261011A0354,,MOVE,T1,2026-10-11 15:08:30,YYYY-MM-DD HH:MM:SS,OP_001
SCAN_002735,QR261011A0354,,MOVE,PK,2026-10-11 15:11:00,YYYY-MM-DD HH:MM:SS,OP_001
SCAN_002736,QR261011A0354,,MOVE,SHP,2026-10-11 15:13:30,YYYY-MM-DD HH:MM:SS,OP_001
SCAN_002737,QR261011B0355,,RECEIVE,INB,2026-10-11 07:36:00,YYYY-MM-DD HH:MM:SS,OP_001
SCAN_002738,QR261011B0355,,MOVE,M1,2026-10-11 07:38:30,YYYY-MM-DD HH:MM:SS,OP_001
SCAN_002739,QR261011B0355,,MOVE,HT,2026-10-11 07:41:00,YYYY-MM-DD HH:MM:SS,OP_001
SCAN_002740,QR261011B0355,,MOVE,AS2,2026-10-11 07:51:30,YYYY-MM-DD HH:MM:SS,OP_001
SCAN_002741,QR261011B0355,,MOVE,T1,2026-10-11 07:54:00,YYYY-MM-DD HH:MM:SS,OP_001
SCAN_002742,QR261011B0355,,MOVE,PK,2026-10-11 07:56:30,YYYY-MM-DD HH:MM:SS,OP_001
SCAN_002743,QR261011B0355,,MOVE,SHP,2026-10-11 07:59:00,YYYY-MM-DD HH:MM:SS,OP_001
SCAN_002744,QR261011B0356,,RECEIVE,INB,2026-10-11 16:24:00,YYYY-MM-DD HH:MM:SS,OP_001
SCAN_002745,QR261011B0356,,MOVE,M1,2026-10-11 16:26:30,YYYY-MM-DD HH:MM:SS,OP_001
SCAN_002746,QR261011B0356,,MOVE,HT,2026-10-11 16:29:00,YYYY-MM-DD HH:MM:SS,OP_001
SCAN_002747,QR261011B0356,,MOVE,AS2,2026-10-11 16:39:30,YYYY-MM-DD HH:MM:SS,OP_001
SCAN_002748,QR261011B0356,,MOVE,T1,2026-10-11 16:42:00,YYYY-MM-DD HH:MM:SS,OP_001
SCAN_002749,QR261011B0356,,MOVE,PK,2026-10-11 16:44:30,YYYY-MM-DD HH:MM:SS,OP_001
SCAN_002750,QR261011B0356,,MOVE,SHP,2026-10-11 16:47:00,YYYY-MM-DD HH:MM:SS,OP_001
SCAN_002751,QR261011A0357,,RECEIVE,INB,2026-10-11 09:12:00,YYYY-MM-DD HH:MM:SS,OP_001
SCAN_002752,QR261011A0357,,MOVE,M1,2026-10-11 09:14:30,YYYY-MM-DD HH:MM:SS,OP_001
SCAN_002753,QR261011A0357,,MOVE,M2,2026-10-11 09:17:00,YYYY-MM-DD HH:MM:SS,OP_001
SCAN_002754,QR261011A0357,,MOVE,HT,2026-10-11 09:19:30,YYYY-MM-DD HH:MM:SS,OP_001
SCAN_002755,QR261011A0357,,MOVE,AS1,2026-10-11 09:30:00,YYYY-MM-DD HH:MM:SS,OP_001
SCAN_002756,QR261011A0357,,MOVE,T1,2026-10-11 09:32:30,YYYY-MM-DD HH:MM:SS,OP_001
SCAN_002757,QR261011A0357,,MOVE,PK,2026-10-11 09:35:00,YYYY-MM-DD HH:MM:SS,OP_001
SCAN_002758,QR261011A0357,,MOVE,SHP,2026-10-11 09:37:30,YYYY-MM-DD HH:MM:SS,OP_001
SCAN_002759,QR261011A0358,,RECEIVE,INB,2026-10-11 18:00:00,YYYY-MM-DD HH:MM:SS,OP_001
SCAN_002760,QR261011A0358,,MOVE,M1,2026-10-11 18:02:30,YYYY-MM-DD HH:MM:SS,OP_001
SCAN_002761,QR261011A0358,,MOVE,M2,2026-10-11 18:05:00,YYYY-MM-DD HH:MM:SS,OP_001
SCAN_002762,QR261011A0358,,MOVE,HT,2026-10-11 18:07:30,YYYY-MM-DD HH:MM:SS,OP_001
SCAN_002764,QR261011A0358,,MOVE,T1,2026-10-11 18:20:30,YYYY-MM-DD HH:MM:SS,OP_001
SCAN_002765,QR261011A0358,,MOVE,PK,2026-10-11 18:23:00,YYYY-MM-DD HH:MM:SS,OP_001
SCAN_002766,QR261011A0358,,MOVE,SHP,2026-10-11 18:25:30,YYYY-MM-DD HH:MM:SS,OP_001
SCAN_002767,QR261011B0359,,RECEIVE,INB,2026-10-11 10:48:00,YYYY-MM-DD HH:MM:SS,OP_001
SCAN_002768,QR261011B0359,,MOVE,M1,2026-10-11 10:50:30,YYYY-MM-DD HH:MM:SS,OP_001
SCAN_002769,QR261011B0359,,MOVE,HT,2026-10-11 10:53:00,YYYY-MM-DD HH:MM:SS,OP_001
SCAN_002770,QR261011B0359,,MOVE,AS2,2026-10-11 11:03:30,YYYY-MM-DD HH:MM:SS,OP_001
SCAN_002771,QR261011B0359,,MOVE,T1,2026-10-11 11:06:00,YYYY-MM-DD HH:MM:SS,OP_001
SCAN_002772,QR261011B0359,,MOVE,PK,2026-10-11 11:08:30,YYYY-MM-DD HH:MM:SS,OP_001
SCAN_002773,QR261011B0359,,MOVE,SHP,2026-10-11 11:11:00,YYYY-MM-DD HH:MM:SS,OP_001
SCAN_002774,QR261011B0360,,RECEIVE,INB,2026-10-11 19:36:00,YYYY-MM-DD HH:MM:SS,OP_001
SCAN_002775,QR261011B0360,,MOVE,M1,2026-10-11 19:38:30,YYYY-MM-DD HH:MM:SS,OP_001
SCAN_002776,QR261011B0360,,MOVE,HT,2026-10-11 19:41:00,YYYY-MM-DD HH:MM:SS,OP_001
SCAN_002777,QR261011B0360,,MOVE,AS2,2026-10-11 19:51:30,YYYY-MM-DD HH:MM:SS,OP_001
SCAN_002778,QR261011B0360,,MOVE,T1,2026-10-11 19:54:00,YYYY-MM-DD HH:MM:SS,OP_001
SCAN_002779,QR261011B0360,,MOVE,PK,2026-10-11 19:56:30,YYYY-MM-DD HH:MM:SS,OP_001
SCAN_002780,QR261011B0360,,MOVE,SHP,2026-10-11 19:59:00,YYYY-MM-DD HH:MM:SS,OP_001
SCAN_002781,QR261011A0361,,RECEIVE,INB,2026-10-11 06:00:00,YYYY-MM-DD HH:MM:SS,OP_001
SCAN_002782,QR261011A0361,,MOVE,M1,2026-10-11 06:02:30,YYYY-MM-DD HH:MM:SS,OP_001
SCAN_002783,QR261011A0361,,MOVE,M2,2026-10-11 06:05:00,YYYY-MM-DD HH:MM:SS,OP_001
SCAN_002784,QR261011A0361,,MOVE,HT,2026-10-11 06:07:30,YYYY-MM-DD HH:MM:SS,OP_001
SCAN_002785,QR261011A0361,,MOVE,AS1,2026-10-11 06:18:00,YYYY-MM-DD HH:MM:SS,OP_001
SCAN_002786,QR261011A0361,,MOVE,T1,2026-10-11 06:20:30,YYYY-MM-DD HH:MM:SS,OP_001
SCAN_002787,QR261011A0361,,MOVE,PK,2026-10-11 06:23:00,YYYY-MM-DD HH:MM:SS,OP_001
SCAN_002788,QR261011A0361,,MOVE,SHP,2026-10-11 06:25:30,YYYY-MM-DD HH:MM:SS,OP_001
SCAN_002789,QR261011A0362,,RECEIVE,INB,2026-10-11 14:48:00,YYYY-MM-DD HH:MM:SS,OP_001
SCAN_002790,QR261011A0362,,MOVE,M1,2026-10-11 14:50:30,YYYY-MM-DD HH:MM:SS,OP_001
SCAN_002791,QR261011A0362,,MOVE,M2,2026-10-11 14:53:00,YYYY-MM-DD HH:MM:SS,OP_001
SCAN_002792,QR261011A0362,,MOVE,HT,2026-10-11 14:55:30,YYYY-MM-DD HH:MM:SS,OP_001
SCAN_002793,QR261011A0362,,MOVE,AS1,2026-10-11 15:06:00,YYYY-MM-DD HH:MM:SS,OP_001
SCAN_002794,QR261011A0362,,MOVE,T1,2026-10-11 15:08:30,YYYY-MM-DD HH:MM:SS,OP_001
SCAN_002795,QR261011A0362,,MOVE,PK,2026-10-11 15:11:00,YYYY-MM-DD HH:MM:SS,OP_001
SCAN_002796,QR261011A0362,,MOVE,SHP,2026-10-11 15:13:30,YYYY-MM-DD HH:MM:SS,OP_001
SCAN_002797,QR261011B0363,,RECEIVE,INB,2026-10-11 07:36:00,YYYY-MM-DD HH:MM:SS,OP_001
SCAN_002798,QR261011B0363,,MOVE,M1,2026-10-11 07:38:30,YYYY-MM-DD HH:MM:SS,OP_001
SCAN_002799,QR261011B0363,,MOVE,HT,2026-10-11 07:41:00,YYYY-MM-DD HH:MM:SS,OP_001
SCAN_002800,QR261011B0363,,MOVE,AS2,2026-10-11 07:51:30,YYYY-MM-DD HH:MM:SS,OP_001
SCAN_002801,QR261011B0363,,MOVE,T1,2026-10-11 07:54:00,YYYY-MM-DD HH:MM:SS,OP_001
SCAN_002802,QR261011B0363,,MOVE,PK,2026-10-11 07:56:30,YYYY-MM-DD HH:MM:SS,OP_001
SCAN_002803,QR261011B0363,,MOVE,SHP,2026-10-11 07:59:00,YYYY-MM-DD HH:MM:SS,OP_001
SCAN_002804,QR261011B0364,,RECEIVE,INB,2026-10-11 16:24:00,YYYY-MM-DD HH:MM:SS,OP_001
SCAN_002805,QR261011B0364,,MOVE,M1,2026-10-11 16:26:30,YYYY-MM-DD HH:MM:SS,OP_001
SCAN_002806,QR261011B0364,,MOVE,HT,2026-10-11 16:29:00,YYYY-MM-DD HH:MM:SS,OP_001
SCAN_002808,QR261011B0364,,MOVE,T1,2026-10-11 16:42:00,YYYY-MM-DD HH:MM:SS,OP_001
SCAN_002809,QR261011B0364,,MOVE,PK,2026-10-11 16:44:30,YYYY-MM-DD HH:MM:SS,OP_001
SCAN_002810,QR261011B0364,,MOVE,SHP,2026-10-11 16:47:00,YYYY-MM-DD HH:MM:SS,OP_001
SCAN_002811,QR261011A0365,,RECEIVE,INB,2026-10-11 09:12:00,YYYY-MM-DD HH:MM:SS,OP_001
SCAN_002812,QR261011A0365,,MOVE,M1,2026-10-11 09:14:30,YYYY-MM-DD HH:MM:SS,OP_001
SCAN_002813,QR261011A0365,,MOVE,M2,2026-10-11 09:17:00,YYYY-MM-DD HH:MM:SS,OP_001
SCAN_002814,QR261011A0365,,MOVE,HT,2026-10-11 09:19:30,YYYY-MM-DD HH:MM:SS,OP_001
SCAN_002815,QR261011A0365,,MOVE,AS1,2026-10-11 09:30:00,YYYY-MM-DD HH:MM:SS,OP_001
SCAN_002816,QR261011A0365,,MOVE,T1,2026-10-11 09:32:30,YYYY-MM-DD HH:MM:SS,OP_001
SCAN_002817,QR261011A0365,,MOVE,PK,2026-10-11 09:35:00,YYYY-MM-DD HH:MM:SS,OP_001
SCAN_002818,QR261011A0365,,MOVE,SHP,2026-10-11 09:37:30,YYYY-MM-DD HH:MM:SS,OP_001
SCAN_002819,QR261011A0366,,RECEIVE,INB,2026-10-11 18:00:00,YYYY-MM-DD HH:MM:SS,OP_001
SCAN_002820,QR261011A0366,,MOVE,M1,2026-10-11 18:02:30,YYYY-MM-DD HH:MM:SS,OP_001
SCAN_002821,QR261011A0366,,MOVE,M2,2026-10-11 18:05:00,YYYY-MM-DD HH:MM:SS,OP_001
SCAN_002822,QR261011A0366,,MOVE,HT,2026-10-11 18:07:30,YYYY-MM-DD HH:MM:SS,OP_001
SCAN_002823,QR261011A0366,,MOVE,AS1,2026-10-11 18:18:00,YYYY-MM-DD HH:MM:SS,OP_001
SCAN_002824,QR261011A0366,,MOVE,T1,2026-10-11 18:20:30,YYYY-MM-DD HH:MM:SS,OP_001
SCAN_002825,QR261011A0366,,MOVE,PK,2026-10-11 18:23:00,YYYY-MM-DD HH:MM:SS,OP_001
SCAN_002826,QR261011A0366,,MOVE,SHP,2026-10-11 18:25:30,YYYY-MM-DD HH:MM:SS,OP_001
SCAN_002827,QR261011B0367,,RECEIVE,INB,2026-10-11 10:48:00,YYYY-MM-DD HH:MM:SS,OP_001
SCAN_002828,QR261011B0367,,MOVE,M1,2026-10-11 10:50:30,YYYY-MM-DD HH:MM:SS,OP_001
SCAN_002829,QR261011B0367,,MOVE,HT,2026-10-11 10:53:00,YYYY-MM-DD HH:MM:SS,OP_001
SCAN_002830,QR261011B0367,,MOVE,AS2,2026-10-11 11:03:30,YYYY-MM-DD HH:MM:SS,OP_001
SCAN_002831,QR261011B0367,,MOVE,T1,2026-10-11 11:06:00,YYYY-MM-DD HH:MM:SS,OP_001
SCAN_002832,QR261011B0367,,MOVE,PK,2026-10-11 11:08:30,YYYY-MM-DD HH:MM:SS,OP_001
SCAN_002833,QR261011B0367,,MOVE,SHP,2026-10-11 11:11:00,YYYY-MM-DD HH:MM:SS,OP_001
SCAN_002834,QR261011B0368,,RECEIVE,INB,2026-10-11 19:36:00,YYYY-MM-DD HH:MM:SS,OP_001
SCAN_002835,QR261011B0368,,MOVE,M1,2026-10-11 19:38:30,YYYY-MM-DD HH:MM:SS,OP_001
SCAN_002836,QR261011B0368,,MOVE,HT,2026-10-11 19:41:00,YYYY-MM-DD HH:MM:SS,OP_001
SCAN_002837,QR261011B0368,,MOVE,AS2,2026-10-11 19:51:30,YYYY-MM-DD HH:MM:SS,OP_001
SCAN_002838,QR261011B0368,,MOVE,T1,2026-10-11 19:54:00,YYYY-MM-DD HH:MM:SS,OP_001
SCAN_002839,QR261011B0368,,MOVE,PK,2026-10-11 19:56:30,YYYY-MM-DD HH:MM:SS,OP_001
SCAN_002840,QR261011B0368,,MOVE,SHP,2026-10-11 19:59:00,YYYY-MM-DD HH:MM:SS,OP_001
SCAN_002841,QR261011A0369,,RECEIVE,INB,2026-10-11 06:00:00,YYYY-MM-DD HH:MM:SS,OP_001
SCAN_002842,QR261011A0369,,MOVE,M1,2026-10-11 06:02:30,YYYY-MM-DD HH:MM:SS,OP_001
SCAN_002843,QR261011A0369,,MOVE,M2,2026-10-11 06:05:00,YYYY-MM-DD HH:MM:SS,OP_001
SCAN_002844,QR261011A0369,,MOVE,HT,2026-10-11 06:07:30,YYYY-MM-DD HH:MM:SS,OP_001
SCAN_002845,QR261011A0369,,MOVE,AS1,2026-10-11 06:18:00,YYYY-MM-DD HH:MM:SS,OP_001
SCAN_002846,QR261011A0369,,MOVE,T1,2026-10-11 06:20:30,YYYY-MM-DD HH:MM:SS,OP_001
SCAN_002847,QR261011A0369,,MOVE,PK,2026-10-11 06:23:00,YYYY-MM-DD HH:MM:SS,OP_001
SCAN_002848,QR261011A0369,,MOVE,SHP,2026-10-11 06:25:30,YYYY-MM-DD HH:MM:SS,OP_001
SCAN_002849,QR261011A0370,,RECEIVE,INB,2026-10-11 14:48:00,YYYY-MM-DD HH:MM:SS,OP_001
SCAN_002850,QR261011A0370,,MOVE,M1,2026-10-11 14:50:30,YYYY-MM-DD HH:MM:SS,OP_001
SCAN_002851,QR261011A0370,,MOVE,M2,2026-10-11 14:53:00,YYYY-MM-DD HH:MM:SS,OP_001
SCAN_002852,QR261011A0370,,MOVE,HT,2026-10-11 14:55:30,YYYY-MM-DD HH:MM:SS,OP_001
SCAN_002853,QR261011A0370,,MOVE,AS1,2026-10-11 15:06:00,YYYY-MM-DD HH:MM:SS,OP_001
SCAN_002854,QR261011A0370,,MOVE,T1,2026-10-11 15:08:30,YYYY-MM-DD HH:MM:SS,OP_001
SCAN_002855,QR261011A0370,,MOVE,PK,2026-10-11 15:11:00,YYYY-MM-DD HH:MM:SS,OP_001
SCAN_002856,QR261011A0370,,MOVE,SHP,2026-10-11 15:13:30,YYYY-MM-DD HH:MM:SS,OP_001
SCAN_002857,QR261011B0371,,RECEIVE,INB,2026-10-11 07:36:00,YYYY-MM-DD HH:MM:SS,OP_001
SCAN_002858,QR261011B0371,,MOVE,M1,2026-10-11 07:38:30,YYYY-MM-DD HH:MM:SS,OP_001
SCAN_002859,QR261011B0371,,MOVE,HT,2026-10-11 07:41:00,YYYY-MM-DD HH:MM:SS,OP_001
SCAN_002860,QR261011B0371,,MOVE,AS2,2026-10-11 07:51:30,YYYY-MM-DD HH:MM:SS,OP_001
SCAN_002861,QR261011B0371,,MOVE,T1,2026-10-11 07:54:00,YYYY-MM-DD HH:MM:SS,OP_001
SCAN_002862,QR261011B0371,,MOVE,PK,2026-10-11 07:56:30,YYYY-MM-DD HH:MM:SS,OP_001
SCAN_002863,QR261011B0371,,MOVE,SHP,2026-10-11 07:59:00,YYYY-MM-DD HH:MM:SS,OP_001
SCAN_002864,QR261011B0372,,RECEIVE,INB,2026-10-11 16:24:00,YYYY-MM-DD HH:MM:SS,OP_001
SCAN_002865,QR261011B0372,,MOVE,M1,2026-10-11 16:26:30,YYYY-MM-DD HH:MM:SS,OP_001
SCAN_002866,QR261011B0372,,MOVE,HT,2026-10-11 16:29:00,YYYY-MM-DD HH:MM:SS,OP_001
SCAN_002867,QR261011B0372,,MOVE,AS2,2026-10-11 16:39:30,YYYY-MM-DD HH:MM:SS,OP_001
SCAN_002868,QR261011B0372,,MOVE,T1,2026-10-11 16:42:00,YYYY-MM-DD HH:MM:SS,OP_001
SCAN_002869,QR261011B0372,,MOVE,PK,2026-10-11 16:44:30,YYYY-MM-DD HH:MM:SS,OP_001
SCAN_002870,QR261011B0372,,MOVE,SHP,2026-10-11 16:47:00,YYYY-MM-DD HH:MM:SS,OP_001
SCAN_002871,QR261012A0373,,RECEIVE,INB,2026-10-12 06:00:00,YYYY-MM-DD HH:MM:SS,OP_001
SCAN_002872,QR261012A0373,,MOVE,M1,2026-10-12 06:02:30,YYYY-MM-DD HH:MM:SS,OP_001
SCAN_002873,QR261012A0373,,MOVE,M2,2026-10-12 06:05:00,YYYY-MM-DD HH:MM:SS,OP_001
SCAN_002874,QR261012A0373,,MOVE,HT,2026-10-12 06:07:30,YYYY-MM-DD HH:MM:SS,OP_001
SCAN_002875,QR261012A0373,,MOVE,AS1,2026-10-12 06:18:00,YYYY-MM-DD HH:MM:SS,OP_001
SCAN_002876,QR261012A0373,,MOVE,T1,2026-10-12 06:20:30,YYYY-MM-DD HH:MM:SS,OP_001
SCAN_002877,QR261012A0373,,MOVE,PK,2026-10-12 06:23:00,YYYY-MM-DD HH:MM:SS,OP_001
SCAN_002878,QR261012A0373,,MOVE,SHP,2026-10-12 06:25:30,YYYY-MM-DD HH:MM:SS,OP_001
SCAN_002879,QR261012A0374,,RECEIVE,INB,2026-10-12 14:48:00,YYYY-MM-DD HH:MM:SS,OP_001
SCAN_002880,QR261012A0374,,MOVE,M1,2026-10-12 14:50:30,YYYY-MM-DD HH:MM:SS,OP_001
SCAN_002881,QR261012A0374,,MOVE,M2,2026-10-12 14:53:00,YYYY-MM-DD HH:MM:SS,OP_001
SCAN_002882,QR261012A0374,,MOVE,HT,2026-10-12 14:55:30,YYYY-MM-DD HH:MM:SS,OP_001
SCAN_002883,QR261012A0374,,MOVE,AS1,2026-10-12 15:06:00,YYYY-MM-DD HH:MM:SS,OP_001
SCAN_002884,QR261012A0374,,MOVE,T1,2026-10-12 15:08:30,YYYY-MM-DD HH:MM:SS,OP_001
SCAN_002885,QR261012A0374,,MOVE,PK,2026-10-12 15:11:00,YYYY-MM-DD HH:MM:SS,OP_001
SCAN_002886,QR261012A0374,,MOVE,SHP,2026-10-12 15:13:30,YYYY-MM-DD HH:MM:SS,OP_001
SCAN_002887,QR261012B0375,,RECEIVE,INB,2026-10-12 07:36:00,YYYY-MM-DD HH:MM:SS,OP_001
SCAN_002888,QR261012B0375,,MOVE,M1,2026-10-12 07:38:30,YYYY-MM-DD HH:MM:SS,OP_001
SCAN_002889,QR261012B0375,,MOVE,HT,2026-10-12 07:41:00,YYYY-MM-DD HH:MM:SS,OP_001
SCAN_002890,QR261012B0375,,MOVE,AS2,2026-10-12 07:51:30,YYYY-MM-DD HH:MM:SS,OP_001
SCAN_002891,QR261012B0375,,MOVE,T1,2026-10-12 07:54:00,YYYY-MM-DD HH:MM:SS,OP_001
SCAN_002892,QR261012B0375,,MOVE,PK,2026-10-12 07:56:30,YYYY-MM-DD HH:MM:SS,OP_001
SCAN_002893,QR261012B0375,,MOVE,SHP,2026-10-12 07:59:00,YYYY-MM-DD HH:MM:SS,OP_001
SCAN_002894,QR261012B0376,,RECEIVE,INB,2026-10-12 16:24:00,YYYY-MM-DD HH:MM:SS,OP_001
SCAN_002895,QR261012B0376,,MOVE,M1,2026-10-12 16:26:30,YYYY-MM-DD HH:MM:SS,OP_001
SCAN_002896,QR261012B0376,,MOVE,HT,2026-10-12 16:29:00,YYYY-MM-DD HH:MM:SS,OP_001
SCAN_002897,QR261012B0376,,MOVE,AS2,2026-10-12 16:39:30,YYYY-MM-DD HH:MM:SS,OP_001
SCAN_002898,QR261012B0376,,MOVE,T1,2026-10-12 16:42:00,YYYY-MM-DD HH:MM:SS,OP_001
SCAN_002899,QR261012B0376,,MOVE,PK,2026-10-12 16:44:30,YYYY-MM-DD HH:MM:SS,OP_001
SCAN_002900,QR261012B0376,,MOVE,SHP,2026-10-12 16:47:00,YYYY-MM-DD HH:MM:SS,OP_001
SCAN_002901,QR261012A0377,,RECEIVE,INB,2026-10-12 09:12:00,YYYY-MM-DD HH:MM:SS,OP_001
SCAN_002902,QR261012A0377,,MOVE,M1,2026-10-12 09:14:30,YYYY-MM-DD HH:MM:SS,OP_001
SCAN_002903,QR261012A0377,,MOVE,M2,2026-10-12 09:17:00,YYYY-MM-DD HH:MM:SS,OP_001
SCAN_002904,QR261012A0377,,MOVE,HT,2026-10-12 09:19:30,YYYY-MM-DD HH:MM:SS,OP_001
SCAN_002905,QR261012A0377,,MOVE,AS1,2026-10-12 09:30:00,YYYY-MM-DD HH:MM:SS,OP_001
SCAN_002907,QR261012A0377,,MOVE,PK,2026-10-12 09:35:00,YYYY-MM-DD HH:MM:SS,OP_001
SCAN_002908,QR261012A0377,,MOVE,SHP,2026-10-12 09:37:30,YYYY-MM-DD HH:MM:SS,OP_001
SCAN_002909,QR261012A0378,,RECEIVE,INB,2026-10-12 18:00:00,YYYY-MM-DD HH:MM:SS,OP_001
SCAN_002910,QR261012A0378,,MOVE,M1,2026-10-12 18:02:30,YYYY-MM-DD HH:MM:SS,OP_001
SCAN_002911,QR261012A0378,,MOVE,M2,2026-10-12 18:05:00,YYYY-MM-DD HH:MM:SS,OP_001
SCAN_002912,QR261012A0378,,MOVE,HT,2026-10-12 18:07:30,YYYY-MM-DD HH:MM:SS,OP_001
SCAN_002913,QR261012A0378,,MOVE,AS1,2026-10-12 18:18:00,YYYY-MM-DD HH:MM:SS,OP_001
SCAN_002914,QR261012A0378,,MOVE,T1,2026-10-12 18:20:30,YYYY-MM-DD HH:MM:SS,OP_001
SCAN_002915,QR261012A0378,,MOVE,PK,2026-10-12 18:23:00,YYYY-MM-DD HH:MM:SS,OP_001
SCAN_002916,QR261012A0378,,MOVE,SHP,2026-10-12 18:25:30,YYYY-MM-DD HH:MM:SS,OP_001
SCAN_002917,QR261012B0379,,RECEIVE,INB,2026-10-12 10:48:00,YYYY-MM-DD HH:MM:SS,OP_001
SCAN_002918,QR261012B0379,,MOVE,M1,2026-10-12 10:50:30,YYYY-MM-DD HH:MM:SS,OP_001
SCAN_002919,QR261012B0379,,MOVE,HT,2026-10-12 10:53:00,YYYY-MM-DD HH:MM:SS,OP_001
SCAN_002920,QR261012B0379,,MOVE,AS2,2026-10-12 11:03:30,YYYY-MM-DD HH:MM:SS,OP_001
SCAN_002921,QR261012B0379,,MOVE,T1,2026-10-12 11:06:00,YYYY-MM-DD HH:MM:SS,OP_001
SCAN_002922,QR261012B0379,,MOVE,PK,2026-10-12 11:08:30,YYYY-MM-DD HH:MM:SS,OP_001
SCAN_002923,QR261012B0379,,MOVE,SHP,2026-10-12 11:11:00,YYYY-MM-DD HH:MM:SS,OP_001
SCAN_002924,QR261012B0380,,RECEIVE,INB,2026-10-12 19:36:00,YYYY-MM-DD HH:MM:SS,OP_001
SCAN_002925,QR261012B0380,,MOVE,M1,2026-10-12 19:38:30,YYYY-MM-DD HH:MM:SS,OP_001
SCAN_002926,QR261012B0380,,MOVE,HT,2026-10-12 19:41:00,YYYY-MM-DD HH:MM:SS,OP_001
SCAN_002927,QR261012B0380,,MOVE,AS2,2026-10-12 19:51:30,YYYY-MM-DD HH:MM:SS,OP_001
SCAN_002928,QR261012B0380,,MOVE,T1,2026-10-12 19:54:00,YYYY-MM-DD HH:MM:SS,OP_001
SCAN_002929,QR261012B0380,,MOVE,PK,2026-10-12 19:56:30,YYYY-MM-DD HH:MM:SS,OP_001
SCAN_002930,QR261012B0380,,MOVE,SHP,2026-10-12 19:59:00,YYYY-MM-DD HH:MM:SS,OP_001
SCAN_002931,QR261012A0381,,RECEIVE,INB,2026-10-12 06:00:00,YYYY-MM-DD HH:MM:SS,OP_001
SCAN_002932,QR261012A0381,,MOVE,M1,2026-10-12 06:02:30,YYYY-MM-DD HH:MM:SS,OP_001
SCAN_002933,QR261012A0381,,MOVE,M2,2026-10-12 06:05:00,YYYY-MM-DD HH:MM:SS,OP_001
SCAN_002934,QR261012A0381,,MOVE,HT,2026-10-12 06:07:30,YYYY-MM-DD HH:MM:SS,OP_001
SCAN_002935,QR261012A0381,,MOVE,AS1,2026-10-12 06:18:00,YYYY-MM-DD HH:MM:SS,OP_001
SCAN_002936,QR261012A0381,,MOVE,T1,2026-10-12 06:20:30,YYYY-MM-DD HH:MM:SS,OP_001
SCAN_002937,QR261012A0381,,MOVE,PK,2026-10-12 06:23:00,YYYY-MM-DD HH:MM:SS,OP_001
SCAN_002938,QR261012A0381,,MOVE,SHP,2026-10-12 06:25:30,YYYY-MM-DD HH:MM:SS,OP_001
SCAN_002939,QR261012A0382,,RECEIVE,INB,2026-10-12 14:48:00,YYYY-MM-DD HH:MM:SS,OP_001
SCAN_002940,QR261012A0382,,MOVE,M1,2026-10-12 14:50:30,YYYY-MM-DD HH:MM:SS,OP_001
SCAN_002941,QR261012A0382,,MOVE,M2,2026-10-12 14:53:00,YYYY-MM-DD HH:MM:SS,OP_001
SCAN_002942,QR261012A0382,,MOVE,HT,2026-10-12 14:55:30,YYYY-MM-DD HH:MM:SS,OP_001
SCAN_002943,QR261012A0382,,MOVE,AS1,2026-10-12 15:06:00,YYYY-MM-DD HH:MM:SS,OP_001
SCAN_002944,QR261012A0382,,MOVE,T1,2026-10-12 15:08:30,YYYY-MM-DD HH:MM:SS,OP_001
SCAN_002945,QR261012A0382,,MOVE,PK,2026-10-12 15:11:00,YYYY-MM-DD HH:MM:SS,OP_001
SCAN_002946,QR261012A0382,,MOVE,SHP,2026-10-12 15:13:30,YYYY-MM-DD HH:MM:SS,OP_001
SCAN_002947,QR261012B0383,,RECEIVE,INB,2026-10-12 07:36:00,YYYY-MM-DD HH:MM:SS,OP_001
SCAN_002948,QR261012B0383,,MOVE,M1,2026-10-12 07:38:30,YYYY-MM-DD HH:MM:SS,OP_001
SCAN_002949,QR261012B0383,,MOVE,HT,2026-10-12 07:41:00,YYYY-MM-DD HH:MM:SS,OP_001
SCAN_002950,QR261012B0383,,MOVE,AS2,2026-10-12 07:51:30,YYYY-MM-DD HH:MM:SS,OP_001
SCAN_002951,QR261012B0383,,MOVE,T1,2026-10-12 07:54:00,YYYY-MM-DD HH:MM:SS,OP_001
SCAN_002952,QR261012B0383,,MOVE,PK,2026-10-12 07:56:30,YYYY-MM-DD HH:MM:SS,OP_001
SCAN_002953,QR261012B0383,,MOVE,SHP,2026-10-12 07:59:00,YYYY-MM-DD HH:MM:SS,OP_001
SCAN_002954,QR261012B0384,,RECEIVE,INB,2026-10-12 16:24:00,YYYY-MM-DD HH:MM:SS,OP_001
SCAN_002955,QR261012B0384,,MOVE,M1,2026-10-12 16:26:30,YYYY-MM-DD HH:MM:SS,OP_001
SCAN_002956,QR261012B0384,,MOVE,HT,2026-10-12 16:29:00,YYYY-MM-DD HH:MM:SS,OP_001
SCAN_002957,QR261012B0384,,MOVE,AS2,2026-10-12 16:39:30,YYYY-MM-DD HH:MM:SS,OP_001
SCAN_002958,QR261012B0384,,MOVE,T1,2026-10-12 16:42:00,YYYY-MM-DD HH:MM:SS,OP_001
SCAN_002959,QR261012B0384,,MOVE,PK,2026-10-12 16:44:30,YYYY-MM-DD HH:MM:SS,OP_001
SCAN_002960,QR261012B0384,,MOVE,SHP,2026-10-12 16:47:00,YYYY-MM-DD HH:MM:SS,OP_001
SCAN_002961,QR261012A0385,,RECEIVE,INB,2026-10-12 09:12:00,YYYY-MM-DD HH:MM:SS,OP_001
SCAN_002962,QR261012A0385,,MOVE,M1,2026-10-12 09:14:30,YYYY-MM-DD HH:MM:SS,OP_001
SCAN_002963,QR261012A0385,,MOVE,M2,2026-10-12 09:17:00,YYYY-MM-DD HH:MM:SS,OP_001
SCAN_002964,QR261012A0385,,MOVE,HT,2026-10-12 09:19:30,YYYY-MM-DD HH:MM:SS,OP_001
SCAN_002965,QR261012A0385,,MOVE,AS1,2026-10-12 09:30:00,YYYY-MM-DD HH:MM:SS,OP_001
SCAN_002966,QR261012A0385,,MOVE,T1,2026-10-12 09:32:30,YYYY-MM-DD HH:MM:SS,OP_001
SCAN_002967,QR261012A0385,,MOVE,PK,2026-10-12 09:35:00,YYYY-MM-DD HH:MM:SS,OP_001
SCAN_002968,QR261012A0385,,MOVE,SHP,2026-10-12 09:37:30,YYYY-MM-DD HH:MM:SS,OP_001
SCAN_002969,QR261012A0386,,RECEIVE,INB,2026-10-12 18:00:00,YYYY-MM-DD HH:MM:SS,OP_001
SCAN_002970,QR261012A0386,,MOVE,M1,2026-10-12 18:02:30,YYYY-MM-DD HH:MM:SS,OP_001
SCAN_002971,QR261012A0386,,MOVE,M2,2026-10-12 18:05:00,YYYY-MM-DD HH:MM:SS,OP_001
SCAN_002972,QR261012A0386,,MOVE,HT,2026-10-12 18:07:30,YYYY-MM-DD HH:MM:SS,OP_001
SCAN_002973,QR261012A0386,,MOVE,AS1,2026-10-12 18:18:00,YYYY-MM-DD HH:MM:SS,OP_001
SCAN_002974,QR261012A0386,,MOVE,T1,2026-10-12 18:20:30,YYYY-MM-DD HH:MM:SS,OP_001
SCAN_002975,QR261012A0386,,MOVE,PK,2026-10-12 18:23:00,YYYY-MM-DD HH:MM:SS,OP_001
SCAN_002976,QR261012A0386,,MOVE,SHP,2026-10-12 18:25:30,YYYY-MM-DD HH:MM:SS,OP_001
SCAN_002977,QR261012B0387,,RECEIVE,INB,2026-10-12 10:48:00,YYYY-MM-DD HH:MM:SS,OP_001
SCAN_002978,QR261012B0387,,MOVE,M1,2026-10-12 10:50:30,YYYY-MM-DD HH:MM:SS,OP_001
SCAN_002979,QR261012B0387,,MOVE,HT,2026-10-12 10:53:00,YYYY-MM-DD HH:MM:SS,OP_001
SCAN_002980,QR261012B0387,,MOVE,AS2,2026-10-12 11:03:30,YYYY-MM-DD HH:MM:SS,OP_001
SCAN_002981,QR261012B0387,,MOVE,T1,2026-10-12 11:06:00,YYYY-MM-DD HH:MM:SS,OP_001
SCAN_002982,QR261012B0387,,MOVE,PK,2026-10-12 11:08:30,YYYY-MM-DD HH:MM:SS,OP_001
SCAN_002983,QR261012B0387,,MOVE,SHP,2026-10-12 11:11:00,YYYY-MM-DD HH:MM:SS,OP_001
SCAN_002984,QR261012B0388,,RECEIVE,INB,2026-10-12 19:36:00,YYYY-MM-DD HH:MM:SS,OP_001
SCAN_002985,QR261012B0388,,MOVE,M1,2026-10-12 19:38:30,YYYY-MM-DD HH:MM:SS,OP_001
SCAN_002986,QR261012B0388,,MOVE,HT,2026-10-12 19:41:00,YYYY-MM-DD HH:MM:SS,OP_001
SCAN_002987,QR261012B0388,,MOVE,AS2,2026-10-12 19:51:30,YYYY-MM-DD HH:MM:SS,OP_001
SCAN_002988,QR261012B0388,,MOVE,T1,2026-10-12 19:54:00,YYYY-MM-DD HH:MM:SS,OP_001
SCAN_002989,QR261012B0388,,MOVE,PK,2026-10-12 19:56:30,YYYY-MM-DD HH:MM:SS,OP_001
SCAN_002990,QR261012B0388,,MOVE,SHP,2026-10-12 19:59:00,YYYY-MM-DD HH:MM:SS,OP_001
SCAN_002991,QR261012A0389,,RECEIVE,INB,2026-10-12 06:00:00,YYYY-MM-DD HH:MM:SS,OP_001
SCAN_002992,QR261012A0389,,MOVE,M1,2026-10-12 06:02:30,YYYY-MM-DD HH:MM:SS,OP_001
SCAN_002993,QR261012A0389,,MOVE,M2,2026-10-12 06:05:00,YYYY-MM-DD HH:MM:SS,OP_001
SCAN_002994,QR261012A0389,,MOVE,HT,2026-10-12 06:07:30,YYYY-MM-DD HH:MM:SS,OP_001
SCAN_002995,QR261012A0389,,MOVE,AS1,2026-10-12 06:18:00,YYYY-MM-DD HH:MM:SS,OP_001
SCAN_002996,QR261012A0389,,MOVE,T1,2026-10-12 06:20:30,YYYY-MM-DD HH:MM:SS,OP_001
SCAN_002997,QR261012A0389,,MOVE,PK,2026-10-12 06:23:00,YYYY-MM-DD HH:MM:SS,OP_001
SCAN_002998,QR261012A0389,,MOVE,SHP,2026-10-12 06:25:30,YYYY-MM-DD HH:MM:SS,OP_001
SCAN_002999,QR261012A0390,,RECEIVE,INB,2026-10-12 14:48:00,YYYY-MM-DD HH:MM:SS,OP_001
SCAN_003000,QR261012A0390,,MOVE,M1,2026-10-12 14:50:30,YYYY-MM-DD HH:MM:SS,OP_001
SCAN_003001,QR261012A0390,,MOVE,M2,2026-10-12 14:53:00,YYYY-MM-DD HH:MM:SS,OP_001
SCAN_003002,QR261012A0390,,MOVE,HT,2026-10-12 14:55:30,YYYY-MM-DD HH:MM:SS,OP_001
SCAN_003003,QR261012A0390,,MOVE,AS1,2026-10-12 15:06:00,YYYY-MM-DD HH:MM:SS,OP_001
SCAN_003004,QR261012A0390,,MOVE,T1,2026-10-12 15:08:30,YYYY-MM-DD HH:MM:SS,OP_001
SCAN_003005,QR261012A0390,,MOVE,PK,2026-10-12 15:11:00,YYYY-MM-DD HH:MM:SS,OP_001
SCAN_003006,QR261012A0390,,MOVE,SHP,2026-10-12 15:13:30,YYYY-MM-DD HH:MM:SS,OP_001
SCAN_003007,QR261012B0391,,RECEIVE,INB,2026-10-12 07:36:00,YYYY-MM-DD HH:MM:SS,OP_001
SCAN_003008,QR261012B0391,,MOVE,M1,2026-10-12 07:38:30,YYYY-MM-DD HH:MM:SS,OP_001
SCAN_003009,QR261012B0391,,MOVE,HT,2026-10-12 07:41:00,YYYY-MM-DD HH:MM:SS,OP_001
SCAN_003010,QR261012B0391,,MOVE,AS2,2026-10-12 07:51:30,YYYY-MM-DD HH:MM:SS,OP_001
SCAN_003011,QR261012B0391,,MOVE,T1,2026-10-12 07:54:00,YYYY-MM-DD HH:MM:SS,OP_001
SCAN_003012,QR261012B0391,,MOVE,PK,2026-10-12 07:56:30,YYYY-MM-DD HH:MM:SS,OP_001
SCAN_003013,QR261012B0391,,MOVE,SHP,2026-10-12 07:59:00,YYYY-MM-DD HH:MM:SS,OP_001
SCAN_003014,QR261012B0392,,RECEIVE,INB,2026-10-12 16:24:00,YYYY-MM-DD HH:MM:SS,OP_001
SCAN_003015,QR261012B0392,,MOVE,M1,2026-10-12 16:26:30,YYYY-MM-DD HH:MM:SS,OP_001
SCAN_003016,QR261012B0392,,MOVE,HT,2026-10-12 16:29:00,YYYY-MM-DD HH:MM:SS,OP_001
SCAN_003017,QR261012B0392,,MOVE,AS2,2026-10-12 16:39:30,YYYY-MM-DD HH:MM:SS,OP_001
SCAN_003018,QR261012B0392,,MOVE,T1,2026-10-12 16:42:00,YYYY-MM-DD HH:MM:SS,OP_001
SCAN_003019,QR261012B0392,,MOVE,PK,2026-10-12 16:44:30,YYYY-MM-DD HH:MM:SS,OP_001
SCAN_003020,QR261012B0392,,MOVE,SHP,2026-10-12 16:47:00,YYYY-MM-DD HH:MM:SS,OP_001
SCAN_003021,QR261012A0393,,RECEIVE,INB,2026-10-12 09:12:00,YYYY-MM-DD HH:MM:SS,OP_001
SCAN_003022,QR261012A0393,,MOVE,M1,2026-10-12 09:14:30,YYYY-MM-DD HH:MM:SS,OP_001
SCAN_003023,QR261012A0393,,MOVE,M2,2026-10-12 09:17:00,YYYY-MM-DD HH:MM:SS,OP_001
SCAN_003024,QR261012A0393,,MOVE,HT,2026-10-12 09:19:30,YYYY-MM-DD HH:MM:SS,OP_001
SCAN_003025,QR261012A0393,,MOVE,AS1,2026-10-12 09:30:00,YYYY-MM-DD HH:MM:SS,OP_001
SCAN_003026,QR261012A0393,,MOVE,T1,2026-10-12 09:32:30,YYYY-MM-DD HH:MM:SS,OP_001
SCAN_003027,QR261012A0393,,MOVE,PK,2026-10-12 09:35:00,YYYY-MM-DD HH:MM:SS,OP_001
SCAN_003028,QR261012A0393,,MOVE,SHP,2026-10-12 09:37:30,YYYY-MM-DD HH:MM:SS,OP_001
SCAN_003029,QR261012A0394,,RECEIVE,INB,2026-10-12 18:00:00,YYYY-MM-DD HH:MM:SS,OP_001
SCAN_003030,QR261012A0394,,MOVE,M1,2026-10-12 18:02:30,YYYY-MM-DD HH:MM:SS,OP_001
SCAN_003031,QR261012A0394,,MOVE,M2,2026-10-12 18:05:00,YYYY-MM-DD HH:MM:SS,OP_001
SCAN_003032,QR261012A0394,,MOVE,HT,2026-10-12 18:07:30,YYYY-MM-DD HH:MM:SS,OP_001
SCAN_003033,QR261012A0394,,MOVE,AS1,2026-10-12 18:18:00,YYYY-MM-DD HH:MM:SS,OP_001
SCAN_003034,QR261012A0394,,MOVE,T1,2026-10-12 18:20:30,YYYY-MM-DD HH:MM:SS,OP_001
SCAN_003035,QR261012A0394,,MOVE,PK,2026-10-12 18:23:00,YYYY-MM-DD HH:MM:SS,OP_001
SCAN_003036,QR261012A0394,,MOVE,SHP,2026-10-12 18:25:30,YYYY-MM-DD HH:MM:SS,OP_001
SCAN_003037,QR261012B0395,,RECEIVE,INB,2026-10-12 10:48:00,YYYY-MM-DD HH:MM:SS,OP_001
SCAN_003038,QR261012B0395,,MOVE,M1,2026-10-12 10:50:30,YYYY-MM-DD HH:MM:SS,OP_001
SCAN_003039,QR261012B0395,,MOVE,HT,2026-10-12 10:53:00,YYYY-MM-DD HH:MM:SS,OP_001
SCAN_003040,QR261012B0395,,MOVE,AS2,2026-10-12 11:03:30,YYYY-MM-DD HH:MM:SS,OP_001
SCAN_003041,QR261012B0395,,MOVE,T1,2026-10-12 11:06:00,YYYY-MM-DD HH:MM:SS,OP_001
SCAN_003042,QR261012B0395,,MOVE,PK,2026-10-12 11:08:30,YYYY-MM-DD HH:MM:SS,OP_001
SCAN_003043,QR261012B0395,,MOVE,SHP,2026-10-12 11:11:00,YYYY-MM-DD HH:MM:SS,OP_001
SCAN_003044,QR261012B0396,,RECEIVE,INB,2026-10-12 19:36:00,YYYY-MM-DD HH:MM:SS,OP_001
SCAN_003045,QR261012B0396,,MOVE,M1,2026-10-12 19:38:30,YYYY-MM-DD HH:MM:SS,OP_001
SCAN_003046,QR261012B0396,,MOVE,HT,2026-10-12 19:41:00,YYYY-MM-DD HH:MM:SS,OP_001
SCAN_003047,QR261012B0396,,MOVE,AS2,2026-10-12 19:51:30,YYYY-MM-DD HH:MM:SS,OP_001
SCAN_003048,QR261012B0396,,MOVE,T1,2026-10-12 19:54:00,YYYY-MM-DD HH:MM:SS,OP_001
SCAN_003049,QR261012B0396,,MOVE,PK,2026-10-12 19:56:30,YYYY-MM-DD HH:MM:SS,OP_001
SCAN_003050,QR261012B0396,,MOVE,SHP,2026-10-12 19:59:00,YYYY-MM-DD HH:MM:SS,OP_001
SCAN_003051,QR261012A0397,,RECEIVE,INB,2026-10-12 06:00:00,YYYY-MM-DD HH:MM:SS,OP_001
SCAN_003052,QR261012A0397,,MOVE,M1,2026-10-12 06:02:30,YYYY-MM-DD HH:MM:SS,OP_001
SCAN_003053,QR261012A0397,,MOVE,M2,2026-10-12 06:05:00,YYYY-MM-DD HH:MM:SS,OP_001
SCAN_003054,QR261012A0397,,MOVE,HT,2026-10-12 06:07:30,YYYY-MM-DD HH:MM:SS,OP_001
SCAN_003055,QR261012A0397,,MOVE,AS1,2026-10-12 06:18:00,YYYY-MM-DD HH:MM:SS,OP_001
SCAN_003056,QR261012A0397,,MOVE,T1,2026-10-12 06:20:30,YYYY-MM-DD HH:MM:SS,OP_001
SCAN_003057,QR261012A0397,,MOVE,PK,2026-10-12 06:23:00,YYYY-MM-DD HH:MM:SS,OP_001
SCAN_003058,QR261012A0397,,MOVE,SHP,2026-10-12 06:25:30,YYYY-MM-DD HH:MM:SS,OP_001
SCAN_003059,QR261012A0398,,RECEIVE,INB,2026-10-12 14:48:00,YYYY-MM-DD HH:MM:SS,OP_001
SCAN_003060,QR261012A0398,,MOVE,M1,2026-10-12 14:50:30,YYYY-MM-DD HH:MM:SS,OP_001
SCAN_003061,QR261012A0398,,MOVE,M2,2026-10-12 14:53:00,YYYY-MM-DD HH:MM:SS,OP_001
SCAN_003065,QR261012A0398,,MOVE,PK,2026-10-12 15:11:00,YYYY-MM-DD HH:MM:SS,OP_001
SCAN_003066,QR261012A0398,,MOVE,SHP,2026-10-12 15:13:30,YYYY-MM-DD HH:MM:SS,OP_001
SCAN_003067,QR261012B0399,,RECEIVE,INB,2026-10-12 07:36:00,YYYY-MM-DD HH:MM:SS,OP_001
SCAN_003068,QR261012B0399,,MOVE,M1,2026-10-12 07:38:30,YYYY-MM-DD HH:MM:SS,OP_001
SCAN_003069,QR261012B0399,,MOVE,HT,2026-10-12 07:41:00,YYYY-MM-DD HH:MM:SS,OP_001
SCAN_003071,QR261012B0399,,MOVE,T1,2026-10-12 07:54:00,YYYY-MM-DD HH:MM:SS,OP_001
SCAN_003072,QR261012B0399,,MOVE,PK,2026-10-12 07:56:30,YYYY-MM-DD HH:MM:SS,OP_001
SCAN_003073,QR261012B0399,,MOVE,SHP,2026-10-12 07:59:00,YYYY-MM-DD HH:MM:SS,OP_001
SCAN_003074,QR261012B0400,,RECEIVE,INB,2026-10-12 16:24:00,YYYY-MM-DD HH:MM:SS,OP_001
SCAN_003075,QR261012B0400,,MOVE,M1,2026-10-12 16:26:30,YYYY-MM-DD HH:MM:SS,OP_001
SCAN_003076,QR261012B0400,,MOVE,HT,2026-10-12 16:29:00,YYYY-MM-DD HH:MM:SS,OP_001
SCAN_003077,QR261012B0400,,MOVE,AS2,2026-10-12 16:39:30,YYYY-MM-DD HH:MM:SS,OP_001
SCAN_003078,QR261012B0400,,MOVE,T1,2026-10-12 16:42:00,YYYY-MM-DD HH:MM:SS,OP_001
SCAN_003079,QR261012B0400,,MOVE,PK,2026-10-12 16:44:30,YYYY-MM-DD HH:MM:SS,OP_001
SCAN_003080,QR261012B0400,,MOVE,SHP,2026-10-12 16:47:00,YYYY-MM-DD HH:MM:SS,OP_001
