ipc_event_id,machine_code,local_lot_ref,event_type,event_code,param_temp,param_force,param_vibration,ts_raw,ts_format,export_ts
IPC_INB_000001,INB,L_A_0001,START,,,,,2026-09-29T06:00:00,ISO8601,2026-09-29T06:02:00
IPC_M1_000002,M1,L_A_0001,START,,,,4.1,2026-09-29T06:02:30,ISO8601,2026-09-29T06:04:30
IPC_M2_000003,M2,L_A_0001,START,,182.6,45.6,,2026-09-29T06:01:00,ISO8601,2026-09-29T06:07:00
IPC_HT_000004,HT,L_A_0001,START,,181.0,,,2026-09-29T06:07:30,ISO8601,2026-09-29T06:17:30
IPC_AS1_000005,AS1,L_A_0001,START,FMEA-M2-001,,,,2026-09-29T06:18:00,ISO8601,2026-09-29T06:20:00
IPC_T1_000006,T1,L_A_0001,START,,,,,2026-09-29T06:20:30,ISO8601,2026-09-29T06:22:30
IPC_PK_000007,PK,L_A_0001,START,,,,,2026-09-29T06:23:00,ISO8601,2026-09-29T06:25:00
IPC_SHP_000008,SHP,L_A_0001,START,FMEA-M2-001,,,,2026-09-29T06:25:30,ISO8601,2026-09-29T06:27:30
IPC_INB_000009,INB,L_A_0002,START,,,,,2026-09-29T14:48:00,ISO8601,2026-09-29T14:50:00
IPC_M1_000010,M1,L_A_0002,START,,,,1.1,2026-09-29T14:50:30,ISO8601,2026-09-29T14:52:30
IPC_M2_000011,M2,L_A_0002,START,,179.8,45.4,,2026-09-29T14:49:00,ISO8601,2026-09-29T14:55:00
IPC_HT_000012,HT,L_A_0002,START,,175.7,,,2026-09-29T14:55:30,ISO8601,2026-09-29T15:05:30
IPC_AS1_000013,AS1,L_A_0002,START,,,,,2026-09-29T15:06:00,ISO8601,2026-09-29T15:08:00
IPC_T1_000014,T1,L_A_0002,START,,,,,2026-09-29T15:08:30,ISO8601,2026-09-29T15:10:30
IPC_PK_000015,PK,L_A_0002,START,,,,,2026-09-29T15:11:00,ISO8601,2026-09-29T15:13:00
IPC_SHP_000016,SHP,L_A_0002,START,,,,,2026-09-29T15:13:30,ISO8601,2026-09-29T15:15:30
IPC_INB_000017,INB,L_B_0003,START,,,,,2026-09-29T07:36:00,ISO8601,2026-09-29T07:38:00
IPC_M1_000018,M1,L_B_0003,START,FMEA-M2-001,,,2.9,2026-09-29T07:38:30,ISO8601,2026-09-29T07:40:30
IPC_HT_000019,HT,L_B_0003,START,,177.1,,,2026-09-29T07:41:00,ISO8601,2026-09-29T07:51:00
IPC_AS2_000020,AS2,L_B_0003,START,,,,,2026-09-29T07:57:30,ISO8601,2026-09-29T07:53:30
IPC_T1_000021,T1,L_B_0003,START,,,,,2026-09-29T07:54:00,ISO8601,2026-09-29T07:56:00
IPC_PK_000022,PK,L_B_0003,START,,,,,2026-09-29T07:56:30,ISO8601,2026-09-29T07:58:30
IPC_SHP_000023,SHP,L_B_0003,START,FMEA-M2-001,,,,2026-09-29T07:59:00,ISO8601,2026-09-29T08:01:00
IPC_INB_000024,INB,L_B_0004,START,,,,,2026-09-29T16:24:00,ISO8601,2026-09-29T16:26:00
IPC_M1_000025,M1,L_B_0004,START,,,,3.1,2026-09-29T16:26:30,ISO8601,2026-09-29T16:28:30
IPC_HT_000026,HT,L_B_0004,START,,182.6,,,2026-09-29T16:29:00,ISO8601,2026-09-29T16:39:00
IPC_AS2_000027,AS2,L_B_0004,START,,,,,2026-09-29T16:45:30,ISO8601,2026-09-29T16:41:30
IPC_T1_000028,T1,L_B_0004,START,FMEA-M2-001,,,,2026-09-29T16:42:00,ISO8601,2026-09-29T16:44:00
IPC_PK_000029,PK,L_B_0004,START,,,,,2026-09-29T16:44:30,ISO8601,2026-09-29T16:46:30
IPC_SHP_000030,SHP,L_B_0004,START,,,,,2026-09-29T16:47:00,ISO8601,2026-09-29T16:49:00
IPC_INB_000031,INB,L_A_0005,START,,,,,2026-09-29T09:12:00,ISO8601,2026-09-29T09:14:00
IPC_M1_000032,M1,L_A_0005,START,,,,2.5,2026-09-29T09:14:30,ISO8601,2026-09-29T09:16:30
IPC_M2_000033,M2,L_A_0005,START,,173.3,44.1,,2026-09-29T09:13:00,ISO8601,2026-09-29T09:19:00
IPC_HT_000034,HT,L_A_0005,START,,181.2,,,2026-09-29T09:19:30,ISO8601,2026-09-29T09:29:30
IPC_AS1_000035,AS1,L_A_0005,START,,,,,2026-09-29T09:30:00,ISO8601,2026-09-29T09:32:00
IPC_T1_000036,T1,L_A_0005,START,,,,,2026-09-29T09:32:30,ISO8601,2026-09-29T09:34:30
IPC_PK_000037,PK,L_A_0005,START,,,,,2026-09-29T09:35:00,ISO8601,2026-09-29T09:37:00
IPC_SHP_000038,SHP,L_A_0005,START,,,,,2026-09-29T09:37:30,ISO8601,2026-09-29T09:39:30
IPC_INB_000039,INB,L_A_0006,START,,,,,2026-09-29T18:00:00,ISO8601,2026-09-29T18:02:00
IPC_M1_000040,M1,L_A_0006,START,,,,4.1,2026-09-29T18:02:30,ISO8601,2026-09-29T18:04:30
IPC_M2_000041,M2,L_A_0006,START,,180.7,43.3,,2026-09-29T18:01:00,ISO8601,2026-09-29T18:07:00
IPC_HT_000042,HT,L_A_0006,START,,177.1,,,2026-09-29T18:07:30,ISO8601,2026-09-29T18:17:30
IPC_AS1_000043,AS1,L_A_0006,START,,,,,2026-09-29T18:18:00,ISO8601,2026-09-29T18:20:00
IPC_T1_000044,T1,L_A_0006,START,,,,,2026-09-29T18:20:30,ISO8601,2026-09-29T18:22:30
IPC_PK_000045,PK,L_A_0006,START,,,,,2026-09-29T18:23:00,ISO8601,2026-09-29T18:25:00
IPC_SHP_000046,SHP,L_A_0006,START,,,,,2026-09-29T18:25:30,ISO8601,2026-09-29T18:27:30
IPC_INB_000047,INB,L_B_0007,START,,,,,2026-09-29T10:48:00,ISO8601,2026-09-29T10:50:00
IPC_M1_000048,M1,L_B_0007,START,,,,4.3,2026-09-29T10:50:30,ISO8601,2026-09-29T10:52:30
IPC_HT_000049,HT,L_B_0007,START,,178.9,,,2026-09-29T10:53:00,ISO8601,2026-09-29T11:03:00
IPC_AS2_000050,AS2,L_B_0007,START,,,,,2026-09-29T11:09:30,ISO8601,2026-09-29T11:05:30
IPC_T1_000051,T1,L_B_0007,START,,,,,2026-09-29T11:06:00,ISO8601,2026-09-29T11:08:00
IPC_PK_000052,PK,L_B_0007,START,,,,,2026-09-29T11:08:30,ISO8601,2026-09-29T11:10:30
IPC_SHP_000053,SHP,L_B_0007,START,,,,,2026-09-29T11:11:00,ISO8601,2026-09-29T11:13:00
IPC_INB_000054,INB,L_B_0008,START,,,,,2026-09-29T19:36:00,ISO8601,2026-09-29T19:38:00
IPC_M1_000055,M1,L_B_0008,START,,,,0.9,2026-09-29T19:38:30,ISO8601,2026-09-29T19:40:30
IPC_HT_000056,HT,L_B_0008,START,FMEA-M2-001,195.5,,,2026-09-29T19:41:00,ISO8601,2026-09-29T19:51:00
IPC_AS2_000057,AS2,L_B_0008,START,,,,,2026-09-29T19:57:30,ISO8601,2026-09-29T19:53:30
IPC_T1_000058,T1,L_B_0008,START,,,,,2026-09-29T19:54:00,ISO8601,2026-09-29T19:56:00
IPC_PK_000059,PK,L_B_0008,START,,,,,2026-09-29T19:56:30,ISO8601,2026-09-29T19:58:30
IPC_SHP_000060,SHP,L_B_0008,START,,,,,2026-09-29T19:59:00,ISO8601,2026-09-29T20:01:00
IPC_INB_000061,INB,L_A_0009,START,,,,,2026-09-29T06:00:00,ISO8601,2026-09-29T06:02:00
IPC_M1_000062,M1,L_A_0009,START,,,,4.4,2026-09-29T06:02:30,ISO8601,2026-09-29T06:04:30
IPC_M2_000063,M2,L_A_0009,START,,184.9,45.3,,2026-09-29T06:01:00,ISO8601,2026-09-29T06:07:00
IPC_HT_000064,HT,L_A_0009,START,,179.8,,,2026-09-29T06:07:30,ISO8601,2026-09-29T06:17:30
IPC_AS1_000065,AS1,L_A_0009,START,,,,,2026-09-29T06:18:00,ISO8601,2026-09-29T06:20:00
IPC_T1_000066,T1,L_A_0009,START,,,,,2026-09-29T06:20:30,ISO8601,2026-09-29T06:22:30
IPC_PK_000067,PK,L_A_0009,START,,,,,2026-09-29T06:23:00,ISO8601,2026-09-29T06:25:00
IPC_SHP_000068,SHP,L_A_0009,START,,,,,2026-09-29T06:25:30,ISO8601,2026-09-29T06:27:30
IPC_INB_000069,INB,L_A_0010,START,,,,,2026-09-29T14:48:00,ISO8601,2026-09-29T14:50:00
IPC_M1_000070,M1,L_A_0010,START,,,,4.5,2026-09-29T14:50:30,ISO8601,2026-09-29T14:52:30
IPC_M2_000071,M2,L_A_0010,START,,177.4,44.3,,2026-09-29T14:49:00,ISO8601,2026-09-29T14:55:00
IPC_HT_000072,HT,L_A_0010,START,,175.4,,,2026-09-29T14:55:30,ISO8601,2026-09-29T15:05:30
IPC_AS1_000073,AS1,L_A_0010,START,,,,,2026-09-29T15:06:00,ISO8601,2026-09-29T15:08:00
IPC_T1_000074,T1,L_A_0010,START,,,,,2026-09-29T15:08:30,ISO8601,2026-09-29T15:10:30
IPC_PK_000075,PK,L_A_0010,START,FMEA-M2-001,,,,2026-09-29T15:11:00,ISO8601,2026-09-29T15:13:00
IPC_SHP_000076,SHP,L_A_0010,START,,,,,2026-09-29T15:13:30,ISO8601,2026-09-29T15:15:30
IPC_INB_000077,INB,L_B_0011,START,FMEA-M2-001,,,,2026-09-29T07:36:00,ISO8601,2026-09-29T07:38:00
IPC_M1_000078,M1,L_B_0011,START,,,,3.1,2026-09-29T07:38:30,ISO8601,2026-09-29T07:40:30
IPC_HT_000079,HT,L_B_0011,START,,177.1,,,2026-09-29T07:41:00,ISO8601,2026-09-29T07:51:00
IPC_AS2_000080,AS2,L_B_0011,START,,,,,2026-09-29T07:57:30,ISO8601,2026-09-29T07:53:30
IPC_T1_000081,T1,L_B_0011,START,,,,,2026-09-29T07:54:00,ISO8601,2026-09-29T07:56:00
IPC_PK_000082,PK,L_B_0011,START,,,,,2026-09-29T07:56:30,ISO8601,2026-09-29T07:58:30
IPC_SHP_000083,SHP,L_B_0011,START,,,,,2026-09-29T07:59:00,ISO8601,2026-09-29T08:01:00
IPC_INB_000084,INB,L_B_0012,START,,,,,2026-09-29T16:24:00,ISO8601,2026-09-29T16:26:00
IPC_M1_000085,M1,L_B_0012,START,,,,1.6,2026-09-29T16:26:30,ISO8601,2026-09-29T16:28:30
IPC_HT_000086,HT,L_B_0012,START,,177.9,,,2026-09-29T16:29:00,ISO8601,2026-09-29T16:39:00
IPC_AS2_000087,AS2,L_B_0012,START,FMEA-M2-001,,,,2026-09-29T16:45:30,ISO8601,2026-09-29T16:41:30
IPC_T1_000088,T1,L_B_0012,START,,,,,2026-09-29T16:42:00,ISO8601,2026-09-29T16:44:00
IPC_PK_000089,PK,L_B_0012,START,,,,,2026-09-29T16:44:30,ISO8601,2026-09-29T16:46:30
IPC_SHP_000090,SHP,L_B_0012,START,FMEA-M2-001,,,,2026-09-29T16:47:00,ISO8601,2026-09-29T16:49:00
IPC_INB_000091,INB,L_A_0013,START,,,,,2026-09-29T09:12:00,ISO8601,2026-09-29T09:14:00
IPC_M1_000092,M1,L_A_0013,START,,,,1.0,2026-09-29T09:14:30,ISO8601,2026-09-29T09:16:30
IPC_M2_000093,M2,L_A_0013,START,,182.4,43.5,,2026-09-29T09:13:00,ISO8601,2026-09-29T09:19:00
IPC_HT_000094,HT,L_A_0013,START,,178.5,,,2026-09-29T09:19:30,ISO8601,2026-09-29T09:29:30
IPC_AS1_000095,AS1,L_A_0013,START,,,,,2026-09-29T09:30:00,ISO8601,2026-09-29T09:32:00
IPC_T1_000096,T1,L_A_0013,START,,,,,2026-09-29T09:32:30,ISO8601,2026-09-29T09:34:30
IPC_PK_000097,PK,L_A_0013,START,,,,,2026-09-29T09:35:00,ISO8601,2026-09-29T09:37:00
IPC_SHP_000098,SHP,L_A_0013,START,,,,,2026-09-29T09:37:30,ISO8601,2026-09-29T09:39:30
IPC_INB_000099,INB,L_A_0014,START,,,,,2026-09-29T18:00:00,ISO8601,2026-09-29T18:02:00
IPC_M1_000100,M1,L_A_0014,START,,,,3.1,2026-09-29T18:02:30,ISO8601,2026-09-29T18:04:30
IPC_M2_000101,M2,L_A_0014,START,,179.1,46.6,,2026-09-29T18:01:00,ISO8601,2026-09-29T18:07:00
IPC_HT_000102,HT,L_A_0014,START,,179.3,,,2026-09-29T18:07:30,ISO8601,2026-09-29T18:17:30
IPC_AS1_000103,AS1,L_A_0014,START,,,,,2026-09-29T18:18:00,ISO8601,2026-09-29T18:20:00
IPC_T1_000104,T1,L_A_0014,START,,,,,2026-09-29T18:20:30,ISO8601,2026-09-29T18:22:30
IPC_PK_000105,PK,L_A_0014,START,,,,,2026-09-29T18:23:00,ISO8601,2026-09-29T18:25:00
IPC_SHP_000106,SHP,L_A_0014,START,,,,,2026-09-29T18:25:30,ISO8601,2026-09-29T18:27:30
IPC_INB_000107,INB,L_B_0015,START,,,,,2026-09-29T10:48:00,ISO8601,2026-09-29T10:50:00
IPC_M1_000108,M1,L_B_0015,START,,,,3.9,2026-09-29T10:50:30,ISO8601,2026-09-29T10:52:30
IPC_HT_000109,HT,L_B_0015,START,,170.6,,,2026-09-29T10:53:00,ISO8601,2026-09-29T11:03:00
IPC_AS2_000110,AS2,L_B_0015,START,,,,,2026-09-29T11:09:30,ISO8601,2026-09-29T11:05:30
IPC_T1_000111,T1,L_B_0015,START,,,,,2026-09-29T11:06:00,ISO8601,2026-09-29T11:08:00
IPC_PK_000112,PK,L_B_0015,START,,,,,2026-09-29T11:08:30,ISO8601,2026-09-29T11:10:30
IPC_SHP_000113,SHP,L_B_0015,START,,,,,2026-09-29T11:11:00,ISO8601,2026-09-29T11:13:00
IPC_INB_000114,INB,L_B_0016,START,,,,,2026-09-29T19:36:00,ISO8601,2026-09-29T19:38:00
IPC_M1_000115,M1,L_B_0016,START,,,,1.8,2026-09-29T19:38:30,ISO8601,2026-09-29T19:40:30
IPC_HT_000116,HT,L_B_0016,START,,178.4,,,2026-09-29T19:41:00,ISO8601,2026-09-29T19:51:00
IPC_AS2_000117,AS2,L_B_0016,START,,,,,2026-09-29T19:57:30,ISO8601,2026-09-29T19:53:30
IPC_T1_000118,T1,L_B_0016,START,,,,,2026-09-29T19:54:00,ISO8601,2026-09-29T19:56:00
IPC_PK_000119,PK,L_B_0016,START,,,,,2026-09-29T19:56:30,ISO8601,2026-09-29T19:58:30
IPC_SHP_000120,SHP,L_B_0016,START,,,,,2026-09-29T19:59:00,ISO8601,2026-09-29T20:01:00
IPC_INB_000121,INB,L_A_0017,START,,,,,2026-09-29T06:00:00,ISO8601,2026-09-29T06:02:00
IPC_M1_000122,M1,L_A_0017,START,,,,3.6,2026-09-29T06:02:30,ISO8601,2026-09-29T06:04:30
IPC_M2_000123,M2,L_A_0017,START,,178.3,46.7,,2026-09-29T06:01:00,ISO8601,2026-09-29T06:07:00
IPC_HT_000124,HT,L_A_0017,START,,183.4,,,2026-09-29T06:07:30,ISO8601,2026-09-29T06:17:30
IPC_AS1_000125,AS1,L_A_0017,START,,,,,2026-09-29T06:18:00,ISO8601,2026-09-29T06:20:00
IPC_T1_000126,T1,L_A_0017,START,,,,,2026-09-29T06:20:30,ISO8601,2026-09-29T06:22:30
IPC_PK_000127,PK,L_A_0017,START,,,,,2026-09-29T06:23:00,ISO8601,2026-09-29T06:25:00
IPC_SHP_000128,SHP,L_A_0017,START,,,,,2026-09-29T06:25:30,ISO8601,2026-09-29T06:27:30
IPC_INB_000129,INB,L_A_0018,START,,,,,2026-09-29T14:48:00,ISO8601,2026-09-29T14:50:00
IPC_M1_000130,M1,L_A_0018,START,,,,3.5,2026-09-29T14:50:30,ISO8601,2026-09-29T14:52:30
IPC_M2_000131,M2,L_A_0018,START,,176.9,47.7,,2026-09-29T14:49:00,ISO8601,2026-09-29T14:55:00
IPC_HT_000132,HT,L_A_0018,START,,175.8,,,2026-09-29T14:55:30,ISO8601,2026-09-29T15:05:30
IPC_AS1_000133,AS1,L_A_0018,START,,,,,2026-09-29T15:06:00,ISO8601,2026-09-29T15:08:00
IPC_T1_000134,T1,L_A_0018,START,,,,,2026-09-29T15:08:30,ISO8601,2026-09-29T15:10:30
IPC_PK_000135,PK,L_A_0018,START,,,,,2026-09-29T15:11:00,ISO8601,2026-09-29T15:13:00
IPC_SHP_000136,SHP,L_A_0018,START,,,,,2026-09-29T15:13:30,ISO8601,2026-09-29T15:15:30
IPC_INB_000137,INB,L_B_0019,START,,,,,2026-09-29T07:36:00,ISO8601,2026-09-29T07:38:00
IPC_M1_000138,M1,L_B_0019,START,,,,3.5,2026-09-29T07:38:30,ISO8601,2026-09-29T07:40:30
IPC_HT_000139,HT,L_B_0019,START,,179.2,,,2026-09-29T07:41:00,ISO8601,2026-09-29T07:51:00
IPC_AS2_000140,AS2,L_B_0019,START,,,,,2026-09-29T07:57:30,ISO8601,2026-09-29T07:53:30
IPC_T1_000141,T1,L_B_0019,START,,,,,2026-09-29T07:54:00,ISO8601,2026-09-29T07:56:00
IPC_PK_000142,PK,L_B_0019,START,,,,,2026-09-29T07:56:30,ISO8601,2026-09-29T07:58:30
IPC_SHP_000143,SHP,L_B_0019,START,,,,,2026-09-29T07:59:00,ISO8601,2026-09-29T08:01:00
IPC_INB_000144,INB,L_B_0020,START,,,,,2026-09-29T16:24:00,ISO8601,2026-09-29T16:26:00
IPC_M1_000145,M1,L_B_0020,START,,,,6.3,2026-09-29T16:26:30,ISO8601,2026-09-29T16:28:30
IPC_HT_000146,HT,L_B_0020,START,,177.9,,,2026-09-29T16:29:00,ISO8601,2026-09-29T16:39:00
IPC_AS2_000147,AS2,L_B_0020,START,,,,,2026-09-29T16:45:30,ISO8601,2026-09-29T16:41:30
IPC_T1_000148,T1,L_B_0020,START,,,,,2026-09-29T16:42:00,ISO8601,2026-09-29T16:44:00
IPC_PK_000149,PK,L_B_0020,START,,,,,2026-09-29T16:44:30,ISO8601,2026-09-29T16:46:30
IPC_SHP_000150,SHP,L_B_0020,START,,,,,2026-09-29T16:47:00,ISO8601,2026-09-29T16:49:00
IPC_INB_000151,INB,L_A_0021,START,,,,,2026-09-29T09:12:00,ISO8601,2026-09-29T09:14:00
IPC_M1_000152,M1,L_A_0021,START,,,,3.4,2026-09-29T09:14:30,ISO8601,2026-09-29T09:16:30
IPC_M2_000153,M2,L_A_0021,START,,179.0,45.7,,2026-09-29T09:13:00,ISO8601,2026-09-29T09:19:00
IPC_HT_000154,HT,L_A_0021,START,,178.2,,,2026-09-29T09:19:30,ISO8601,2026-09-29T09:29:30
IPC_AS1_000155,AS1,L_A_0021,START,,,,,2026-09-29T09:30:00,ISO8601,2026-09-29T09:32:00
IPC_T1_000156,T1,L_A_0021,START,,,,,2026-09-29T09:32:30,ISO8601,2026-09-29T09:34:30
IPC_PK_000157,PK,L_A_0021,START,,,,,2026-09-29T09:35:00,ISO8601,2026-09-29T09:37:00
IPC_SHP_000158,SHP,L_A_0021,START,,,,,2026-09-29T09:37:30,ISO8601,2026-09-29T09:39:30
IPC_INB_000159,INB,L_A_0022,START,,,,,2026-09-29T18:00:00,ISO8601,2026-09-29T18:02:00
IPC_M1_000160,M1,L_A_0022,START,,,,2.4,2026-09-29T18:02:30,ISO8601,2026-09-29T18:04:30
IPC_M2_000161,M2,L_A_0022,START,,182.2,42.9,,2026-09-29T18:01:00,ISO8601,2026-09-29T18:07:00
IPC_HT_000162,HT,L_A_0022,START,,174.5,,,2026-09-29T18:07:30,ISO8601,2026-09-29T18:17:30
IPC_AS1_000163,AS1,L_A_0022,START,,,,,2026-09-29T18:18:00,ISO8601,2026-09-29T18:20:00
IPC_T1_000164,T1,L_A_0022,START,,,,,2026-09-29T18:20:30,ISO8601,2026-09-29T18:22:30
IPC_PK_000165,PK,L_A_0022,START,,,,,2026-09-29T18:23:00,ISO8601,2026-09-29T18:25:00
IPC_SHP_000166,SHP,L_A_0022,START,,,,,2026-09-29T18:25:30,ISO8601,2026-09-29T18:27:30
IPC_INB_000167,INB,L_B_0023,START,,,,,2026-09-29T10:48:00,ISO8601,2026-09-29T10:50:00
IPC_M1_000168,M1,L_B_0023,START,,,,2.8,2026-09-29T10:50:30,ISO8601,2026-09-29T10:52:30
IPC_HT_000169,HT,L_B_0023,START,FMEA-M2-001,193.6,,,2026-09-29T10:53:00,ISO8601,2026-09-29T11:03:00
IPC_AS2_000170,AS2,L_B_0023,START,,,,,2026-09-29T11:09:30,ISO8601,2026-09-29T11:05:30
IPC_T1_000171,T1,L_B_0023,START,,,,,2026-09-29T11:06:00,ISO8601,2026-09-29T11:08:00
IPC_PK_000172,PK,L_B_0023,START,,,,,2026-09-29T11:08:30,ISO8601,2026-09-29T11:10:30
IPC_SHP_000173,SHP,L_B_0023,START,,,,,2026-09-29T11:11:00,ISO8601,2026-09-29T11:13:00
IPC_INB_000174,INB,L_B_0024,START,,,,,2026-09-29T19:36:00,ISO8601,2026-09-29T19:38:00
IPC_M1_000175,M1,L_B_0024,START,FMEA-M2-001,,,3.7,2026-09-29T19:38:30,ISO8601,2026-09-29T19:40:30
IPC_HT_000176,HT,L_B_0024,START,FMEA-M2-001,190.4,,,2026-09-29T19:41:00,ISO8601,2026-09-29T19:51:00
IPC_AS2_000177,AS2,L_B_0024,START,,,,,2026-09-29T19:57:30,ISO8601,2026-09-29T19:53:30
IPC_T1_000178,T1,L_B_0024,START,,,,,2026-09-29T19:54:00,ISO8601,2026-09-29T19:56:00
IPC_PK_000179,PK,L_B_0024,START,,,,,2026-09-29T19:56:30,ISO8601,2026-09-29T19:58:30
IPC_SHP_000180,SHP,L_B_0024,START,,,,,2026-09-29T19:59:00,ISO8601,2026-09-29T20:01:00
IPC_INB_000181,INB,L_A_0025,START,,,,,2026-09-29T06:00:00,ISO8601,2026-09-29T06:02:00
IPC_M1_000182,M1,L_A_0025,START,FMEA-M2-001,,,2.6,2026-09-29T06:02:30,ISO8601,2026-09-29T06:04:30
IPC_M2_000183,M2,L_A_0025,START,,177.0,43.6,,2026-09-29T06:01:00,ISO8601,2026-09-29T06:07:00
IPC_HT_000184,HT,L_A_0025,START,,180.0,,,2026-09-29T06:07:30,ISO8601,2026-09-29T06:17:30
IPC_AS1_000185,AS1,L_A_0025,START,,,,,2026-09-29T06:18:00,ISO8601,2026-09-29T06:20:00
IPC_T1_000186,T1,L_A_0025,START,,,,,2026-09-29T06:20:30,ISO8601,2026-09-29T06:22:30
IPC_PK_000187,PK,L_A_0025,START,,,,,2026-09-29T06:23:00,ISO8601,2026-09-29T06:25:00
IPC_SHP_000188,SHP,L_A_0025,START,,,,,2026-09-29T06:25:30,ISO8601,2026-09-29T06:27:30
IPC_INB_000189,INB,L_A_0026,START,,,,,2026-09-29T14:48:00,ISO8601,2026-09-29T14:50:00
IPC_M1_000190,M1,L_A_0026,START,,,,3.5,2026-09-29T14:50:30,ISO8601,2026-09-29T14:52:30
IPC_M2_000191,M2,L_A_0026,START,,179.3,43.7,,2026-09-29T14:49:00,ISO8601,2026-09-29T14:55:00
IPC_HT_000192,HT,L_A_0026,START,,180.6,,,2026-09-29T14:55:30,ISO8601,2026-09-29T15:05:30
IPC_AS1_000193,AS1,L_A_0026,START,,,,,2026-09-29T15:06:00,ISO8601,2026-09-29T15:08:00
IPC_T1_000194,T1,L_A_0026,START,FMEA-M2-001,,,,2026-09-29T15:08:30,ISO8601,2026-09-29T15:10:30
IPC_PK_000195,PK,L_A_0026,START,,,,,2026-09-29T15:11:00,ISO8601,2026-09-29T15:13:00
IPC_SHP_000196,SHP,L_A_0026,START,,,,,2026-09-29T15:13:30,ISO8601,2026-09-29T15:15:30
IPC_INB_000197,INB,L_B_0027,START,,,,,2026-09-29T07:36:00,ISO8601,2026-09-29T07:38:00
IPC_M1_000198,M1,L_B_0027,START,,,,3.4,2026-09-29T07:38:30,ISO8601,2026-09-29T07:40:30
IPC_HT_000199,HT,L_B_0027,START,,180.5,,,2026-09-29T07:41:00,ISO8601,2026-09-29T07:51:00
IPC_AS2_000200,AS2,L_B_0027,START,,,,,2026-09-29T07:57:30,ISO8601,2026-09-29T07:53:30
IPC_T1_000201,T1,L_B_0027,START,,,,,2026-09-29T07:54:00,ISO8601,2026-09-29T07:56:00
IPC_PK_000202,PK,L_B_0027,START,,,,,2026-09-29T07:56:30,ISO8601,2026-09-29T07:58:30
IPC_SHP_000203,SHP,L_B_0027,START,,,,,2026-09-29T07:59:00,ISO8601,2026-09-29T08:01:00
IPC_INB_000204,INB,L_B_0028,START,,,,,2026-09-29T16:24:00,ISO8601,2026-09-29T16:26:00
IPC_M1_000205,M1,L_B_0028,START,,,,5.2,2026-09-29T16:26:30,ISO8601,2026-09-29T16:28:30
IPC_HT_000206,HT,L_B_0028,START,,176.6,,,2026-09-29T16:29:00,ISO8601,2026-09-29T16:39:00
IPC_AS2_000207,AS2,L_B_0028,START,,,,,2026-09-29T16:45:30,ISO8601,2026-09-29T16:41:30
IPC_T1_000208,T1,L_B_0028,START,,,,,2026-09-29T16:42:00,ISO8601,2026-09-29T16:44:00
IPC_PK_000209,PK,L_B_0028,START,,,,,2026-09-29T16:44:30,ISO8601,2026-09-29T16:46:30
IPC_SHP_000210,SHP,L_B_0028,START,,,,,2026-09-29T16:47:00,ISO8601,2026-09-29T16:49:00
IPC_INB_000211,INB,L_A_0029,START,,,,,2026-09-29T09:12:00,ISO8601,2026-09-29T09:14:00
IPC_M1_000212,M1,L_A_0029,START,,,,4.2,2026-09-29T09:14:30,ISO8601,2026-09-29T09:16:30
IPC_M2_000213,M2,L_A_0029,START,,179.8,49.2,,2026-09-29T09:13:00,ISO8601,2026-09-29T09:19:00
IPC_HT_000214,HT,L_A_0029,START,,176.5,,,2026-09-29T09:19:30,ISO8601,2026-09-29T09:29:30
IPC_AS1_000215,AS1,L_A_0029,START,,,,,2026-09-29T09:30:00,ISO8601,2026-09-29T09:32:00
IPC_T1_000216,T1,L_A_0029,START,,,,,2026-09-29T09:32:30,ISO8601,2026-09-29T09:34:30
IPC_PK_000217,PK,L_A_0029,START,,,,,2026-09-29T09:35:00,ISO8601,2026-09-29T09:37:00
IPC_SHP_000218,SHP,L_A_0029,START,FMEA-M2-001,,,,2026-09-29T09:37:30,ISO8601,2026-09-29T09:39:30
IPC_INB_000219,INB,L_A_0030,START,,,,,2026-09-30T06:00:00,ISO8601,2026-09-30T06:02:00
IPC_M1_000220,M1,L_A_0030,START,,,,2.5,2026-09-30T06:02:30,ISO8601,2026-09-30T06:04:30
IPC_M2_000221,M2,L_A_0030,START,,179.4,44.6,,2026-09-30T06:01:02,ISO8601,2026-09-30T06:07:00
IPC_HT_000222,HT,L_A_0030,START,,178.2,,,2026-09-30T06:07:30,ISO8601,2026-09-30T06:17:30
IPC_AS1_000223,AS1,L_A_0030,START,,,,,2026-09-30T06:18:00,ISO8601,2026-09-30T06:20:00
IPC_T1_000224,T1,L_A_0030,START,,,,,2026-09-30T06:20:30,ISO8601,2026-09-30T06:22:30
IPC_PK_000225,PK,L_A_0030,START,,,,,2026-09-30T06:23:00,ISO8601,2026-09-30T06:25:00
IPC_SHP_000226,SHP,L_A_0030,START,,,,,2026-09-30T06:25:30,ISO8601,2026-09-30T06:27:30
IPC_INB_000227,INB,L_B_0031,START,,,,,2026-09-30T14:48:00,ISO8601,2026-09-30T14:50:00
IPC_M1_000228,M1,L_B_0031,START,,,,3.3,2026-09-30T14:50:30,ISO8601,2026-09-30T14:52:30
IPC_HT_000229,HT,L_B_0031,START,,179.8,,,2026-09-30T14:53:00,ISO8601,2026-09-30T15:03:00
IPC_AS2_000230,AS2,L_B_0031,START,,,,,2026-09-30T15:09:28,ISO8601,2026-09-30T15:05:30
IPC_T1_000231,T1,L_B_0031,START,,,,,2026-09-30T15:06:00,ISO8601,2026-09-30T15:08:00
IPC_PK_000232,PK,L_B_0031,START,,,,,2026-09-30T15:08:30,ISO8601,2026-09-30T15:10:30
IPC_SHP_000233,SHP,L_B_0031,START,,,,,2026-09-30T15:11:00,ISO8601,2026-09-30T15:13:00
IPC_INB_000234,INB,L_B_0032,START,FMEA-M2-001,,,,2026-09-30T07:36:00,ISO8601,2026-09-30T07:38:00
IPC_M1_000235,M1,L_B_0032,START,,,,4.7,2026-09-30T07:38:30,ISO8601,2026-09-30T07:40:30
IPC_HT_000236,HT,L_B_0032,START,,174.1,,,2026-09-30T07:41:00,ISO8601,2026-09-30T07:51:00
IPC_AS2_000237,AS2,L_B_0032,START,,,,,2026-09-30T07:57:28,ISO8601,2026-09-30T07:53:30
IPC_T1_000238,T1,L_B_0032,START,,,,,2026-09-30T07:54:00,ISO8601,2026-09-30T07:56:00
IPC_PK_000239,PK,L_B_0032,START,,,,,2026-09-30T07:56:30,ISO8601,2026-09-30T07:58:30
IPC_SHP_000240,SHP,L_B_0032,START,,,,,2026-09-30T07:59:00,ISO8601,2026-09-30T08:01:00
IPC_INB_000241,INB,L_A_0033,START,,,,,2026-09-30T16:24:00,ISO8601,2026-09-30T16:26:00
IPC_M1_000242,M1,L_A_0033,START,,,,3.9,2026-09-30T16:26:30,ISO8601,2026-09-30T16:28:30
IPC_M2_000243,M2,L_A_0033,START,,177.8,48.4,,2026-09-30T16:25:02,ISO8601,2026-09-30T16:31:00
IPC_HT_000244,HT,L_A_0033,START,,172.4,,,2026-09-30T16:31:30,ISO8601,2026-09-30T16:41:30
IPC_AS1_000245,AS1,L_A_0033,START,,,,,2026-09-30T16:42:00,ISO8601,2026-09-30T16:44:00
IPC_T1_000246,T1,L_A_0033,START,,,,,2026-09-30T16:44:30,ISO8601,2026-09-30T16:46:30
IPC_PK_000247,PK,L_A_0033,START,,,,,2026-09-30T16:47:00,ISO8601,2026-09-30T16:49:00
IPC_SHP_000248,SHP,L_A_0033,START,,,,,2026-09-30T16:49:30,ISO8601,2026-09-30T16:51:30
IPC_INB_000249,INB,L_A_0034,START,,,,,2026-09-30T09:12:00,ISO8601,2026-09-30T09:14:00
IPC_M1_000250,M1,L_A_0034,START,,,,4.3,2026-09-30T09:14:30,ISO8601,2026-09-30T09:16:30
IPC_M2_000251,M2,L_A_0034,START,,174.7,43.7,,2026-09-30T09:13:02,ISO8601,2026-09-30T09:19:00
IPC_HT_000252,HT,L_A_0034,START,,174.0,,,2026-09-30T09:19:30,ISO8601,2026-09-30T09:29:30
IPC_AS1_000253,AS1,L_A_0034,START,,,,,2026-09-30T09:30:00,ISO8601,2026-09-30T09:32:00
IPC_T1_000254,T1,L_A_0034,START,,,,,2026-09-30T09:32:30,ISO8601,2026-09-30T09:34:30
IPC_PK_000255,PK,L_A_0034,START,,,,,2026-09-30T09:35:00,ISO8601,2026-09-30T09:37:00
IPC_SHP_000256,SHP,L_A_0034,START,,,,,2026-09-30T09:37:30,ISO8601,2026-09-30T09:39:30
IPC_INB_000257,INB,L_B_0035,START,,,,,2026-09-30T18:00:00,ISO8601,2026-09-30T18:02:00
IPC_M1_000258,M1,L_B_0035,START,,,,3.1,2026-09-30T18:02:30,ISO8601,2026-09-30T18:04:30
IPC_HT_000259,HT,L_B_0035,START,,181.0,,,2026-09-30T18:05:00,ISO8601,2026-09-30T18:15:00
IPC_AS2_000260,AS2,L_B_0035,START,,,,,2026-09-30T18:21:28,ISO8601,2026-09-30T18:17:30
IPC_T1_000261,T1,L_B_0035,START,,,,,2026-09-30T18:18:00,ISO8601,2026-09-30T18:20:00
IPC_PK_000262,PK,L_B_0035,START,,,,,2026-09-30T18:20:30,ISO8601,2026-09-30T18:22:30
IPC_SHP_000263,SHP,L_B_0035,START,,,,,2026-09-30T18:23:00,ISO8601,2026-09-30T18:25:00
IPC_INB_000264,INB,L_B_0036,START,,,,,2026-09-30T10:48:00,ISO8601,2026-09-30T10:50:00
IPC_M1_000265,M1,L_B_0036,START,,,,2.1,2026-09-30T10:50:30,ISO8601,2026-09-30T10:52:30
IPC_HT_000266,HT,L_B_0036,START,,178.8,,,2026-09-30T10:53:00,ISO8601,2026-09-30T11:03:00
IPC_AS2_000267,AS2,L_B_0036,START,,,,,2026-09-30T11:09:28,ISO8601,2026-09-30T11:05:30
IPC_T1_000268,T1,L_B_0036,START,,,,,2026-09-30T11:06:00,ISO8601,2026-09-30T11:08:00
IPC_PK_000269,PK,L_B_0036,START,,,,,2026-09-30T11:08:30,ISO8601,2026-09-30T11:10:30
IPC_SHP_000270,SHP,L_B_0036,START,,,,,2026-09-30T11:11:00,ISO8601,2026-09-30T11:13:00
IPC_INB_000271,INB,L_A_0037,START,,,,,2026-09-30T19:36:00,ISO8601,2026-09-30T19:38:00
IPC_M1_000272,M1,L_A_0037,START,,,,3.8,2026-09-30T19:38:30,ISO8601,2026-09-30T19:40:30
IPC_M2_000273,M2,L_A_0037,START,,183.0,45.2,,2026-09-30T19:37:02,ISO8601,2026-09-30T19:43:00
IPC_HT_000274,HT,L_A_0037,START,,178.2,,,2026-09-30T19:43:30,ISO8601,2026-09-30T19:53:30
IPC_AS1_000275,AS1,L_A_0037,START,,,,,2026-09-30T19:54:00,ISO8601,2026-09-30T19:56:00
IPC_T1_000276,T1,L_A_0037,START,,,,,2026-09-30T19:56:30,ISO8601,2026-09-30T19:58:30
IPC_PK_000277,PK,L_A_0037,START,,,,,2026-09-30T19:59:00,ISO8601,2026-09-30T20:01:00
IPC_SHP_000278,SHP,L_A_0037,START,,,,,2026-09-30T20:01:30,ISO8601,2026-09-30T20:03:30
IPC_INB_000279,INB,L_A_0038,START,,,,,2026-09-30T06:00:00,ISO8601,2026-09-30T06:02:00
IPC_M1_000280,M1,L_A_0038,START,,,,3.9,2026-09-30T06:02:30,ISO8601,2026-09-30T06:04:30
IPC_M2_000281,M2,L_A_0038,START,,173.6,44.4,,2026-09-30T06:01:02,ISO8601,2026-09-30T06:07:00
IPC_HT_000282,HT,L_A_0038,START,,179.4,,,2026-09-30T06:07:30,ISO8601,2026-09-30T06:17:30
IPC_AS1_000283,AS1,L_A_0038,START,,,,,2026-09-30T06:18:00,ISO8601,2026-09-30T06:20:00
IPC_T1_000284,T1,L_A_0038,START,,,,,2026-09-30T06:20:30,ISO8601,2026-09-30T06:22:30
IPC_PK_000285,PK,L_A_0038,START,,,,,2026-09-30T06:23:00,ISO8601,2026-09-30T06:25:00
IPC_SHP_000286,SHP,L_A_0038,START,,,,,2026-09-30T06:25:30,ISO8601,2026-09-30T06:27:30
IPC_INB_000287,INB,L_B_0039,START,,,,,2026-09-30T14:48:00,ISO8601,2026-09-30T14:50:00
IPC_M1_000288,M1,L_B_0039,START,,,,2.7,2026-09-30T14:50:30,ISO8601,2026-09-30T14:52:30
IPC_HT_000289,HT,L_B_0039,START,,174.5,,,2026-09-30T14:53:00,ISO8601,2026-09-30T15:03:00
IPC_AS2_000290,AS2,L_B_0039,START,,,,,2026-09-30T15:09:28,ISO8601,2026-09-30T15:05:30
IPC_T1_000291,T1,L_B_0039,START,,,,,2026-09-30T15:06:00,ISO8601,2026-09-30T15:08:00
IPC_PK_000292,PK,L_B_0039,START,,,,,2026-09-30T15:08:30,ISO8601,2026-09-30T15:10:30
IPC_SHP_000293,SHP,L_B_0039,START,,,,,2026-09-30T15:11:00,ISO8601,2026-09-30T15:13:00
IPC_INB_000294,INB,L_B_0040,START,,,,,2026-09-30T07:36:00,ISO8601,2026-09-30T07:38:00
IPC_M1_000295,M1,L_B_0040,START,,,,4.3,2026-09-30T07:38:30,ISO8601,2026-09-30T07:40:30
IPC_HT_000296,HT,L_B_0040,START,,181.4,,,2026-09-30T07:41:00,ISO8601,2026-09-30T07:51:00
IPC_AS2_000297,AS2,L_B_0040,START,,,,,2026-09-30T07:57:28,ISO8601,2026-09-30T07:53:30
IPC_T1_000298,T1,L_B_0040,START,,,,,2026-09-30T07:54:00,ISO8601,2026-09-30T07:56:00
IPC_PK_000299,PK,L_B_0040,START,,,,,2026-09-30T07:56:30,ISO8601,2026-09-30T07:58:30
IPC_SHP_000300,SHP,L_B_0040,START,,,,,2026-09-30T07:59:00,ISO8601,2026-09-30T08:01:00
IPC_INB_000301,INB,L_A_0041,START,,,,,2026-09-30T16:24:00,ISO8601,2026-09-30T16:26:00
IPC_M1_000302,M1,L_A_0041,START,,,,3.5,2026-09-30T16:26:30,ISO8601,2026-09-30T16:28:30
IPC_M2_000303,M2,L_A_0041,START,,179.2,44.7,,2026-09-30T16:25:02,ISO8601,2026-09-30T16:31:00
IPC_HT_000304,HT,L_A_0041,START,,178.9,,,2026-09-30T16:31:30,ISO8601,2026-09-30T16:41:30
IPC_AS1_000305,AS1,L_A_0041,START,,,,,2026-09-30T16:42:00,ISO8601,2026-09-30T16:44:00
IPC_T1_000306,T1,L_A_0041,START,,,,,2026-09-30T16:44:30,ISO8601,2026-09-30T16:46:30
IPC_PK_000307,PK,L_A_0041,START,,,,,2026-09-30T16:47:00,ISO8601,2026-09-30T16:49:00
IPC_SHP_000308,SHP,L_A_0041,START,,,,,2026-09-30T16:49:30,ISO8601,2026-09-30T16:51:30
IPC_INB_000309,INB,L_A_0042,START,,,,,2026-09-30T09:12:00,ISO8601,2026-09-30T09:14:00
IPC_M1_000310,M1,L_A_0042,START,,,,4.9,2026-09-30T09:14:30,ISO8601,2026-09-30T09:16:30
IPC_M2_000311,M2,L_A_0042,START,,175.9,43.2,,2026-09-30T09:13:02,ISO8601,2026-09-30T09:19:00
IPC_HT_000312,HT,L_A_0042,START,,177.3,,,2026-09-30T09:19:30,ISO8601,2026-09-30T09:29:30
IPC_AS1_000313,AS1,L_A_0042,START,,,,,2026-09-30T09:30:00,ISO8601,2026-09-30T09:32:00
IPC_T1_000314,T1,L_A_0042,START,,,,,2026-09-30T09:32:30,ISO8601,2026-09-30T09:34:30
IPC_PK_000315,PK,L_A_0042,START,,,,,2026-09-30T09:35:00,ISO8601,2026-09-30T09:37:00
IPC_SHP_000316,SHP,L_A_0042,START,,,,,2026-09-30T09:37:30,ISO8601,2026-09-30T09:39:30
IPC_INB_000317,INB,L_B_0043,START,,,,,2026-09-30T18:00:00,ISO8601,2026-09-30T18:02:00
IPC_M1_000318,M1,L_B_0043,START,,,,3.2,2026-09-30T18:02:30,ISO8601,2026-09-30T18:04:30
IPC_HT_000319,HT,L_B_0043,START,FMEA-M2-001,188.0,,,2026-09-30T18:05:00,ISO8601,2026-09-30T18:15:00
IPC_AS2_000320,AS2,L_B_0043,START,,,,,2026-09-30T18:21:28,ISO8601,2026-09-30T18:17:30
IPC_T1_000321,T1,L_B_0043,START,,,,,2026-09-30T18:18:00,ISO8601,2026-09-30T18:20:00
IPC_PK_000322,PK,L_B_0043,START,,,,,2026-09-30T18:20:30,ISO8601,2026-09-30T18:22:30
IPC_SHP_000323,SHP,L_B_0043,START,,,,,2026-09-30T18:23:00,ISO8601,2026-09-30T18:25:00
IPC_INB_000324,INB,L_B_0044,START,,,,,2026-09-30T10:48:00,ISO8601,2026-09-30T10:50:00
IPC_M1_000325,M1,L_B_0044,START,,,,2.2,2026-09-30T10:50:30,ISO8601,2026-09-30T10:52:30
IPC_HT_000326,HT,L_B_0044,START,,183.5,,,2026-09-30T10:53:00,ISO8601,2026-09-30T11:03:00
IPC_AS2_000327,AS2,L_B_0044,START,,,,,2026-09-30T11:09:28,ISO8601,2026-09-30T11:05:30
IPC_T1_000328,T1,L_B_0044,START,,,,,2026-09-30T11:06:00,ISO8601,2026-09-30T11:08:00
IPC_PK_000329,PK,L_B_0044,START,FMEA-M2-001,,,,2026-09-30T11:08:30,ISO8601,2026-09-30T11:10:30
IPC_SHP_000330,SHP,L_B_0044,START,,,,,2026-09-30T11:11:00,ISO8601,2026-09-30T11:13:00
IPC_INB_000331,INB,L_A_0045,START,,,,,2026-09-30T19:36:00,ISO8601,2026-09-30T19:38:00
IPC_M1_000332,M1,L_A_0045,START,,,,4.9,2026-09-30T19:38:30,ISO8601,2026-09-30T19:40:30
IPC_M2_000333,M2,L_A_0045,START,,176.0,45.5,,2026-09-30T19:37:02,ISO8601,2026-09-30T19:43:00
IPC_HT_000334,HT,L_A_0045,START,,181.7,,,2026-09-30T19:43:30,ISO8601,2026-09-30T19:53:30
IPC_AS1_000335,AS1,L_A_0045,START,FMEA-M2-001,,,,2026-09-30T19:54:00,ISO8601,2026-09-30T19:56:00
IPC_T1_000336,T1,L_A_0045,START,,,,,2026-09-30T19:56:30,ISO8601,2026-09-30T19:58:30
IPC_PK_000337,PK,L_A_0045,START,,,,,2026-09-30T19:59:00,ISO8601,2026-09-30T20:01:00
IPC_SHP_000338,SHP,L_A_0045,START,,,,,2026-09-30T20:01:30,ISO8601,2026-09-30T20:03:30
IPC_INB_000339,INB,L_A_0046,START,,,,,2026-09-30T06:00:00,ISO8601,2026-09-30T06:02:00
IPC_M1_000340,M1,L_A_0046,START,,,,3.5,2026-09-30T06:02:30,ISO8601,2026-09-30T06:04:30
IPC_M2_000341,M2,L_A_0046,START,,178.1,44.4,,2026-09-30T06:01:02,ISO8601,2026-09-30T06:07:00
IPC_HT_000342,HT,L_A_0046,START,,173.2,,,2026-09-30T06:07:30,ISO8601,2026-09-30T06:17:30
IPC_AS1_000343,AS1,L_A_0046,START,,,,,2026-09-30T06:18:00,ISO8601,2026-09-30T06:20:00
IPC_T1_000344,T1,L_A_0046,START,,,,,2026-09-30T06:20:30,ISO8601,2026-09-30T06:22:30
IPC_PK_000345,PK,L_A_0046,START,,,,,2026-09-30T06:23:00,ISO8601,2026-09-30T06:25:00
IPC_SHP_000346,SHP,L_A_0046,START,,,,,2026-09-30T06:25:30,ISO8601,2026-09-30T06:27:30
IPC_INB_000347,INB,L_B_0047,START,,,,,2026-09-30T14:48:00,ISO8601,2026-09-30T14:50:00
IPC_M1_000348,M1,L_B_0047,START,,,,3.8,2026-09-30T14:50:30,ISO8601,2026-09-30T14:52:30
IPC_HT_000349,HT,L_B_0047,START,,175.8,,,2026-09-30T14:53:00,ISO8601,2026-09-30T15:03:00
IPC_AS2_000350,AS2,L_B_0047,START,,,,,2026-09-30T15:09:28,ISO8601,2026-09-30T15:05:30
IPC_T1_000351,T1,L_B_0047,START,,,,,2026-09-30T15:06:00,ISO8601,2026-09-30T15:08:00
IPC_PK_000352,PK,L_B_0047,START,,,,,2026-09-30T15:08:30,ISO8601,2026-09-30T15:10:30
IPC_SHP_000353,SHP,L_B_0047,START,,,,,2026-09-30T15:11:00,ISO8601,2026-09-30T15:13:00
IPC_INB_000354,INB,L_B_0048,START,,,,,2026-09-30T07:36:00,ISO8601,2026-09-30T07:38:00
IPC_M1_000355,M1,L_B_0048,START,,,,2.5,2026-09-30T07:38:30,ISO8601,2026-09-30T07:40:30
IPC_HT_000356,HT,L_B_0048,START,FMEA-M2-001,177.2,,,2026-09-30T07:41:00,ISO8601,2026-09-30T07:51:00
IPC_AS2_000357,AS2,L_B_0048,START,,,,,2026-09-30T07:57:28,ISO8601,2026-09-30T07:53:30
IPC_T1_000358,T1,L_B_0048,START,,,,,2026-09-30T07:54:00,ISO8601,2026-09-30T07:56:00
IPC_PK_000359,PK,L_B_0048,START,,,,,2026-09-30T07:56:30,ISO8601,2026-09-30T07:58:30
IPC_SHP_000360,SHP,L_B_0048,START,,,,,2026-09-30T07:59:00,ISO8601,2026-09-30T08:01:00
IPC_INB_000361,INB,L_A_0049,START,,,,,2026-09-30T16:24:00,ISO8601,2026-09-30T16:26:00
IPC_M1_000362,M1,L_A_0049,START,,,,5.1,2026-09-30T16:26:30,ISO8601,2026-09-30T16:28:30
IPC_M2_000363,M2,L_A_0049,START,,181.8,45.5,,2026-09-30T16:25:02,ISO8601,2026-09-30T16:31:00
IPC_HT_000364,HT,L_A_0049,START,,176.6,,,2026-09-30T16:31:30,ISO8601,2026-09-30T16:41:30
IPC_AS1_000365,AS1,L_A_0049,START,,,,,2026-09-30T16:42:00,ISO8601,2026-09-30T16:44:00
IPC_T1_000366,T1,L_A_0049,START,,,,,2026-09-30T16:44:30,ISO8601,2026-09-30T16:46:30
IPC_PK_000367,PK,L_A_0049,START,,,,,2026-09-30T16:47:00,ISO8601,2026-09-30T16:49:00
IPC_SHP_000368,SHP,L_A_0049,START,,,,,2026-09-30T16:49:30,ISO8601,2026-09-30T16:51:30
IPC_INB_000369,INB,L_A_0050,START,,,,,2026-09-30T09:12:00,ISO8601,2026-09-30T09:14:00
IPC_M1_000370,M1,L_A_0050,START,,,,4.7,2026-09-30T09:14:30,ISO8601,2026-09-30T09:16:30
IPC_M2_000371,M2,L_A_0050,START,,177.6,42.0,,2026-09-30T09:13:02,ISO8601,2026-09-30T09:19:00
IPC_HT_000372,HT,L_A_0050,START,,181.6,,,2026-09-30T09:19:30,ISO8601,2026-09-30T09:29:30
IPC_AS1_000373,AS1,L_A_0050,START,,,,,2026-09-30T09:30:00,ISO8601,2026-09-30T09:32:00
IPC_T1_000374,T1,L_A_0050,START,,,,,2026-09-30T09:32:30,ISO8601,2026-09-30T09:34:30
IPC_PK_000375,PK,L_A_0050,START,,,,,2026-09-30T09:35:00,ISO8601,2026-09-30T09:37:00
IPC_SHP_000376,SHP,L_A_0050,START,,,,,2026-09-30T09:37:30,ISO8601,2026-09-30T09:39:30
IPC_INB_000377,INB,L_B_0051,START,,,,,2026-09-30T18:00:00,ISO8601,2026-09-30T18:02:00
IPC_M1_000378,M1,L_B_0051,START,,,,2.6,2026-09-30T18:02:30,ISO8601,2026-09-30T18:04:30
IPC_HT_000379,HT,L_B_0051,START,,179.7,,,2026-09-30T18:05:00,ISO8601,2026-09-30T18:15:00
IPC_AS2_000380,AS2,L_B_0051,START,,,,,2026-09-30T18:21:28,ISO8601,2026-09-30T18:17:30
IPC_T1_000381,T1,L_B_0051,START,,,,,2026-09-30T18:18:00,ISO8601,2026-09-30T18:20:00
IPC_PK_000382,PK,L_B_0051,START,,,,,2026-09-30T18:20:30,ISO8601,2026-09-30T18:22:30
IPC_SHP_000383,SHP,L_B_0051,START,,,,,2026-09-30T18:23:00,ISO8601,2026-09-30T18:25:00
IPC_INB_000384,INB,L_B_0052,START,,,,,2026-09-30T10:48:00,ISO8601,2026-09-30T10:50:00
IPC_M1_000385,M1,L_B_0052,START,,,,3.0,2026-09-30T10:50:30,ISO8601,2026-09-30T10:52:30
IPC_HT_000386,HT,L_B_0052,START,,181.1,,,2026-09-30T10:53:00,ISO8601,2026-09-30T11:03:00
IPC_AS2_000387,AS2,L_B_0052,START,FMEA-M2-001,,,,2026-09-30T11:09:28,ISO8601,2026-09-30T11:05:30
IPC_T1_000388,T1,L_B_0052,START,,,,,2026-09-30T11:06:00,ISO8601,2026-09-30T11:08:00
IPC_PK_000389,PK,L_B_0052,START,,,,,2026-09-30T11:08:30,ISO8601,2026-09-30T11:10:30
IPC_SHP_000390,SHP,L_B_0052,START,,,,,2026-09-30T11:11:00,ISO8601,2026-09-30T11:13:00
IPC_INB_000391,INB,L_A_0053,START,,,,,2026-09-30T19:36:00,ISO8601,2026-09-30T19:38:00
IPC_M1_000392,M1,L_A_0053,START,,,,3.4,2026-09-30T19:38:30,ISO8601,2026-09-30T19:40:30
IPC_M2_000393,M2,L_A_0053,START,,178.1,43.6,,2026-09-30T19:37:02,ISO8601,2026-09-30T19:43:00
IPC_HT_000394,HT,L_A_0053,START,,178.6,,,2026-09-30T19:43:30,ISO8601,2026-09-30T19:53:30
IPC_AS1_000395,AS1,L_A_0053,START,,,,,2026-09-30T19:54:00,ISO8601,2026-09-30T19:56:00
IPC_T1_000396,T1,L_A_0053,START,,,,,2026-09-30T19:56:30,ISO8601,2026-09-30T19:58:30
IPC_PK_000397,PK,L_A_0053,START,,,,,2026-09-30T19:59:00,ISO8601,2026-09-30T20:01:00
IPC_SHP_000398,SHP,L_A_0053,START,,,,,2026-09-30T20:01:30,ISO8601,2026-09-30T20:03:30
IPC_INB_000399,INB,L_A_0054,START,,,,,2026-09-30T06:00:00,ISO8601,2026-09-30T06:02:00
IPC_M1_000400,M1,L_A_0054,START,,,,3.0,2026-09-30T06:02:30,ISO8601,2026-09-30T06:04:30
IPC_M2_000401,M2,L_A_0054,START,,174.3,42.0,,2026-09-30T06:01:02,ISO8601,2026-09-30T06:07:00
IPC_HT_000402,HT,L_A_0054,START,,182.1,,,2026-09-30T06:07:30,ISO8601,2026-09-30T06:17:30
IPC_AS1_000403,AS1,L_A_0054,START,,,,,2026-09-30T06:18:00,ISO8601,2026-09-30T06:20:00
IPC_T1_000404,T1,L_A_0054,START,FMEA-M2-001,,,,2026-09-30T06:20:30,ISO8601,2026-09-30T06:22:30
IPC_PK_000405,PK,L_A_0054,START,,,,,2026-09-30T06:23:00,ISO8601,2026-09-30T06:25:00
IPC_SHP_000406,SHP,L_A_0054,START,,,,,2026-09-30T06:25:30,ISO8601,2026-09-30T06:27:30
IPC_INB_000407,INB,L_B_0055,START,,,,,2026-09-30T14:48:00,ISO8601,2026-09-30T14:50:00
IPC_M1_000408,M1,L_B_0055,START,,,,3.4,2026-09-30T14:50:30,ISO8601,2026-09-30T14:52:30
IPC_HT_000409,HT,L_B_0055,START,,175.1,,,2026-09-30T14:53:00,ISO8601,2026-09-30T15:03:00
IPC_AS2_000410,AS2,L_B_0055,START,,,,,2026-09-30T15:09:28,ISO8601,2026-09-30T15:05:30
IPC_T1_000411,T1,L_B_0055,START,,,,,2026-09-30T15:06:00,ISO8601,2026-09-30T15:08:00
IPC_PK_000412,PK,L_B_0055,START,,,,,2026-09-30T15:08:30,ISO8601,2026-09-30T15:10:30
IPC_SHP_000413,SHP,L_B_0055,START,FMEA-M2-001,,,,2026-09-30T15:11:00,ISO8601,2026-09-30T15:13:00
IPC_INB_000414,INB,L_B_0056,START,,,,,2026-09-30T07:36:00,ISO8601,2026-09-30T07:38:00
IPC_M1_000415,M1,L_B_0056,START,,,,1.9,2026-09-30T07:38:30,ISO8601,2026-09-30T07:40:30
IPC_HT_000416,HT,L_B_0056,START,,178.6,,,2026-09-30T07:41:00,ISO8601,2026-09-30T07:51:00
IPC_AS2_000417,AS2,L_B_0056,START,,,,,2026-09-30T07:57:28,ISO8601,2026-09-30T07:53:30
IPC_T1_000418,T1,L_B_0056,START,,,,,2026-09-30T07:54:00,ISO8601,2026-09-30T07:56:00
IPC_PK_000419,PK,L_B_0056,START,,,,,2026-09-30T07:56:30,ISO8601,2026-09-30T07:58:30
IPC_SHP_000420,SHP,L_B_0056,START,,,,,2026-09-30T07:59:00,ISO8601,2026-09-30T08:01:00
IPC_INB_000421,INB,L_A_0057,START,,,,,2026-09-30T16:24:00,ISO8601,2026-09-30T16:26:00
IPC_M1_000422,M1,L_A_0057,START,,,,5.6,2026-09-30T16:26:30,ISO8601,2026-09-30T16:28:30
IPC_M2_000423,M2,L_A_0057,START,,182.2,42.0,,2026-09-30T16:25:02,ISO8601,2026-09-30T16:31:00
IPC_HT_000424,HT,L_A_0057,START,,174.6,,,2026-09-30T16:31:30,ISO8601,2026-09-30T16:41:30
IPC_AS1_000425,AS1,L_A_0057,START,,,,,2026-09-30T16:42:00,ISO8601,2026-09-30T16:44:00
IPC_T1_000426,T1,L_A_0057,START,,,,,2026-09-30T16:44:30,ISO8601,2026-09-30T16:46:30
IPC_PK_000427,PK,L_A_0057,START,,,,,2026-09-30T16:47:00,ISO8601,2026-09-30T16:49:00
IPC_SHP_000428,SHP,L_A_0057,START,,,,,2026-09-30T16:49:30,ISO8601,2026-09-30T16:51:30
IPC_INB_000429,INB,L_A_0058,START,,,,,2026-09-30T09:12:00,ISO8601,2026-09-30T09:14:00
IPC_M1_000430,M1,L_A_0058,START,FMEA-M2-001,,,3.0,2026-09-30T09:14:30,ISO8601,2026-09-30T09:16:30
IPC_M2_000431,M2,L_A_0058,START,,176.1,43.8,,2026-09-30T09:13:02,ISO8601,2026-09-30T09:19:00
IPC_HT_000432,HT,L_A_0058,START,,175.4,,,2026-09-30T09:19:30,ISO8601,2026-09-30T09:29:30
IPC_AS1_000433,AS1,L_A_0058,START,,,,,2026-09-30T09:30:00,ISO8601,2026-09-30T09:32:00
IPC_T1_000434,T1,L_A_0058,START,,,,,2026-09-30T09:32:30,ISO8601,2026-09-30T09:34:30
IPC_PK_000435,PK,L_A_0058,START,,,,,2026-09-30T09:35:00,ISO8601,2026-09-30T09:37:00
IPC_SHP_000436,SHP,L_A_0058,START,,,,,2026-09-30T09:37:30,ISO8601,2026-09-30T09:39:30
IPC_INB_000437,INB,L_A_0401,START,,,,,2026-09-30T10:00:00,ISO8601,2026-09-30T10:02:00
IPC_M1_000438,M1,L_A_0401,START,,,,3.9,2026-09-30T10:02:30,ISO8601,2026-09-30T10:04:30
IPC_M2_000439,M2,L_A_0401,START,,177.7,43.8,,2026-09-30T10:01:02,ISO8601,2026-09-30T10:07:00
IPC_HT_000440,HT,L_A_0401,START,,180.3,,,2026-09-30T10:07:30,ISO8601,2026-09-30T10:17:30
IPC_AS1_000441,AS1,L_A_0401,START,,,,,2026-09-30T10:18:00,ISO8601,2026-09-30T10:20:00
IPC_T1_000442,T1,L_A_0401,START,,,,,2026-09-30T10:20:30,ISO8601,2026-09-30T10:22:30
IPC_PK_000443,PK,L_A_0401,START,,,,,2026-09-30T10:23:00,ISO8601,2026-09-30T10:25:00
IPC_SHP_000444,SHP,L_A_0401,START,,,,,2026-09-30T10:25:30,ISO8601,2026-09-30T10:27:30
IPC_INB_000445,INB,L_A_0402,START,,,,,2026-09-30T10:05:00,ISO8601,2026-09-30T10:07:00
IPC_M1_000446,M1,L_A_0402,START,,,,2.9,2026-09-30T10:07:30,ISO8601,2026-09-30T10:09:30
IPC_M2_000447,M2,L_A_0402,START,,175.0,41.7,,2026-09-30T10:06:02,ISO8601,2026-09-30T10:12:00
IPC_HT_000448,HT,L_A_0402,START,,178.1,,,2026-09-30T10:12:30,ISO8601,2026-09-30T10:22:30
IPC_AS1_000449,AS1,L_A_0402,START,,,,,2026-09-30T10:23:00,ISO8601,2026-09-30T10:25:00
IPC_T1_000450,T1,L_A_0402,START,,,,,2026-09-30T10:25:30,ISO8601,2026-09-30T10:27:30
IPC_PK_000451,PK,L_A_0402,START,,,,,2026-09-30T10:28:00,ISO8601,2026-09-30T10:30:00
IPC_SHP_000452,SHP,L_A_0402,START,,,,,2026-09-30T10:30:30,ISO8601,2026-09-30T10:32:30
IPC_INB_000453,INB,L_A_0403,START,,,,,2026-09-30T10:10:00,ISO8601,2026-09-30T10:12:00
IPC_M1_000454,M1,L_A_0403,START,,,,3.4,2026-09-30T10:12:30,ISO8601,2026-09-30T10:14:30
IPC_M2_000455,M2,L_A_0403,START,,176.8,47.0,,2026-09-30T10:11:02,ISO8601,2026-09-30T10:17:00
IPC_HT_000456,HT,L_A_0403,START,,176.3,,,2026-09-30T10:17:30,ISO8601,2026-09-30T10:27:30
IPC_AS1_000457,AS1,L_A_0403,START,,,,,2026-09-30T10:28:00,ISO8601,2026-09-30T10:30:00
IPC_T1_000458,T1,L_A_0403,START,,,,,2026-09-30T10:30:30,ISO8601,2026-09-30T10:32:30
IPC_PK_000459,PK,L_A_0403,START,,,,,2026-09-30T10:33:00,ISO8601,2026-09-30T10:35:00
IPC_SHP_000460,SHP,L_A_0403,START,,,,,2026-09-30T10:35:30,ISO8601,2026-09-30T10:37:30
IPC_INB_000461,INB,L_A_0404,START,,,,,2026-09-30T10:15:00,ISO8601,2026-09-30T10:17:00
IPC_M1_000462,M1,L_A_0404,START,,,,3.7,2026-09-30T10:17:30,ISO8601,2026-09-30T10:19:30
IPC_M2_000463,M2,L_A_0404,START,,178.3,45.2,,2026-09-30T10:16:02,ISO8601,2026-09-30T10:22:00
IPC_HT_000464,HT,L_A_0404,START,,177.5,,,2026-09-30T10:22:30,ISO8601,2026-09-30T10:32:30
IPC_AS1_000465,AS1,L_A_0404,START,,,,,2026-09-30T10:33:00,ISO8601,2026-09-30T10:35:00
IPC_T1_000466,T1,L_A_0404,START,,,,,2026-09-30T10:35:30,ISO8601,2026-09-30T10:37:30
IPC_PK_000467,PK,L_A_0404,START,,,,,2026-09-30T10:38:00,ISO8601,2026-09-30T10:40:00
IPC_SHP_000468,SHP,L_A_0404,START,,,,,2026-09-30T10:40:30,ISO8601,2026-09-30T10:42:30
IPC_INB_000469,INB,L_A_0405,START,,,,,2026-09-30T10:20:00,ISO8601,2026-09-30T10:22:00
IPC_M1_000470,M1,L_A_0405,START,,,,4.0,2026-09-30T10:22:30,ISO8601,2026-09-30T10:24:30
IPC_M2_000471,M2,L_A_0405,START,,181.1,46.7,,2026-09-30T10:21:02,ISO8601,2026-09-30T10:27:00
IPC_HT_000472,HT,L_A_0405,START,,177.0,,,2026-09-30T10:27:30,ISO8601,2026-09-30T10:37:30
IPC_AS1_000473,AS1,L_A_0405,START,,,,,2026-09-30T10:38:00,ISO8601,2026-09-30T10:40:00
IPC_T1_000474,T1,L_A_0405,START,,,,,2026-09-30T10:40:30,ISO8601,2026-09-30T10:42:30
IPC_PK_000475,PK,L_A_0405,START,,,,,2026-09-30T10:43:00,ISO8601,2026-09-30T10:45:00
IPC_SHP_000476,SHP,L_A_0405,START,,,,,2026-09-30T10:45:30,ISO8601,2026-09-30T10:47:30
IPC_INB_000477,INB,L_B_0059,START,,,,,2026-10-01T06:00:00,ISO8601,2026-10-01T06:02:00
IPC_M1_000478,M1,L_B_0059,START,,,,1.9,2026-10-01T06:02:30,ISO8601,2026-10-01T06:04:30
IPC_HT_000479,HT,L_B_0059,START,,178.0,,,2026-10-01T06:05:00,ISO8601,2026-10-01T06:15:00
IPC_AS2_000480,AS2,L_B_0059,START,,,,,2026-10-01T06:21:27,ISO8601,2026-10-01T06:17:30
IPC_T1_000481,T1,L_B_0059,START,,,,,2026-10-01T06:18:00,ISO8601,2026-10-01T06:20:00
IPC_PK_000482,PK,L_B_0059,START,,,,,2026-10-01T06:20:30,ISO8601,2026-10-01T06:22:30
IPC_SHP_000483,SHP,L_B_0059,START,,,,,2026-10-01T06:23:00,ISO8601,2026-10-01T06:25:00
IPC_INB_000484,INB,L_B_0060,START,,,,,2026-10-01T14:48:00,ISO8601,2026-10-01T14:50:00
IPC_M1_000485,M1,L_B_0060,START,,,,2.0,2026-10-01T14:50:30,ISO8601,2026-10-01T14:52:30
IPC_HT_000486,HT,L_B_0060,START,,181.4,,,2026-10-01T14:53:00,ISO8601,2026-10-01T15:03:00
IPC_AS2_000487,AS2,L_B_0060,START,,,,,2026-10-01T15:09:27,ISO8601,2026-10-01T15:05:30
IPC_T1_000488,T1,L_B_0060,START,,,,,2026-10-01T15:06:00,ISO8601,2026-10-01T15:08:00
IPC_PK_000489,PK,L_B_0060,START,,,,,2026-10-01T15:08:30,ISO8601,2026-10-01T15:10:30
IPC_SHP_000490,SHP,L_B_0060,START,,,,,2026-10-01T15:11:00,ISO8601,2026-10-01T15:13:00
IPC_INB_000491,INB,L_A_0061,START,,,,,2026-10-01T07:36:00,ISO8601,2026-10-01T07:38:00
IPC_M1_000492,M1,L_A_0061,START,,,,2.4,2026-10-01T07:38:30,ISO8601,2026-10-01T07:40:30
IPC_M2_000493,M2,L_A_0061,START,,175.5,45.1,,2026-10-01T07:37:04,ISO8601,2026-10-01T07:43:00
IPC_HT_000494,HT,L_A_0061,START,,176.6,,,2026-10-01T07:43:30,ISO8601,2026-10-01T07:53:30
IPC_AS1_000495,AS1,L_A_0061,START,,,,,2026-10-01T07:54:00,ISO8601,2026-10-01T07:56:00
IPC_T1_000496,T1,L_A_0061,START,,,,,2026-10-01T07:56:30,ISO8601,2026-10-01T07:58:30
IPC_PK_000497,PK,L_A_0061,START,,,,,2026-10-01T07:59:00,ISO8601,2026-10-01T08:01:00
IPC_SHP_000498,SHP,L_A_0061,START,,,,,2026-10-01T08:01:30,ISO8601,2026-10-01T08:03:30
IPC_INB_000499,INB,L_A_0062,START,,,,,2026-10-01T16:24:00,ISO8601,2026-10-01T16:26:00
IPC_M1_000500,M1,L_A_0062,START,,,,4.8,2026-10-01T16:26:30,ISO8601,2026-10-01T16:28:30
IPC_M2_000501,M2,L_A_0062,START,,176.7,46.5,,2026-10-01T16:25:04,ISO8601,2026-10-01T16:31:00
IPC_HT_000502,HT,L_A_0062,START,,175.2,,,2026-10-01T16:31:30,ISO8601,2026-10-01T16:41:30
IPC_AS1_000503,AS1,L_A_0062,START,,,,,2026-10-01T16:42:00,ISO8601,2026-10-01T16:44:00
IPC_T1_000504,T1,L_A_0062,START,,,,,2026-10-01T16:44:30,ISO8601,2026-10-01T16:46:30
IPC_PK_000505,PK,L_A_0062,START,,,,,2026-10-01T16:47:00,ISO8601,2026-10-01T16:49:00
IPC_SHP_000506,SHP,L_A_0062,START,,,,,2026-10-01T16:49:30,ISO8601,2026-10-01T16:51:30
IPC_INB_000507,INB,L_B_0063,START,,,,,2026-10-01T09:12:00,ISO8601,2026-10-01T09:14:00
IPC_M1_000508,M1,L_B_0063,START,,,,3.7,2026-10-01T09:14:30,ISO8601,2026-10-01T09:16:30
IPC_HT_000509,HT,L_B_0063,START,,180.5,,,2026-10-01T09:17:00,ISO8601,2026-10-01T09:27:00
IPC_AS2_000510,AS2,L_B_0063,START,,,,,2026-10-01T09:33:27,ISO8601,2026-10-01T09:29:30
IPC_T1_000511,T1,L_B_0063,START,,,,,2026-10-01T09:30:00,ISO8601,2026-10-01T09:32:00
IPC_PK_000512,PK,L_B_0063,START,,,,,2026-10-01T09:32:30,ISO8601,2026-10-01T09:34:30
IPC_SHP_000513,SHP,L_B_0063,START,,,,,2026-10-01T09:35:00,ISO8601,2026-10-01T09:37:00
IPC_INB_000514,INB,L_B_0064,START,,,,,2026-10-01T18:00:00,ISO8601,2026-10-01T18:02:00
IPC_M1_000515,M1,L_B_0064,START,,,,3.6,2026-10-01T18:02:30,ISO8601,2026-10-01T18:04:30
IPC_HT_000516,HT,L_B_0064,START,,180.2,,,2026-10-01T18:05:00,ISO8601,2026-10-01T18:15:00
IPC_AS2_000517,AS2,L_B_0064,START,,,,,2026-10-01T18:21:27,ISO8601,2026-10-01T18:17:30
IPC_T1_000518,T1,L_B_0064,START,,,,,2026-10-01T18:18:00,ISO8601,2026-10-01T18:20:00
IPC_PK_000519,PK,L_B_0064,START,,,,,2026-10-01T18:20:30,ISO8601,2026-10-01T18:22:30
IPC_SHP_000520,SHP,L_B_0064,START,,,,,2026-10-01T18:23:00,ISO8601,2026-10-01T18:25:00
IPC_INB_000521,INB,L_A_0065,START,,,,,2026-10-01T10:48:00,ISO8601,2026-10-01T10:50:00
IPC_M1_000522,M1,L_A_0065,START,,,,3.7,2026-10-01T10:50:30,ISO8601,2026-10-01T10:52:30
IPC_M2_000523,M2,L_A_0065,START,,178.3,43.0,,2026-10-01T10:49:04,ISO8601,2026-10-01T10:55:00
IPC_HT_000524,HT,L_A_0065,START,,177.6,,,2026-10-01T10:55:30,ISO8601,2026-10-01T11:05:30
IPC_AS1_000525,AS1,L_A_0065,START,,,,,2026-10-01T11:06:00,ISO8601,2026-10-01T11:08:00
IPC_T1_000526,T1,L_A_0065,START,,,,,2026-10-01T11:08:30,ISO8601,2026-10-01T11:10:30
IPC_PK_000527,PK,L_A_0065,START,,,,,2026-10-01T11:11:00,ISO8601,2026-10-01T11:13:00
IPC_SHP_000528,SHP,L_A_0065,START,,,,,2026-10-01T11:13:30,ISO8601,2026-10-01T11:15:30
IPC_INB_000529,INB,L_A_0066,START,,,,,2026-10-01T19:36:00,ISO8601,2026-10-01T19:38:00
IPC_M1_000530,M1,L_A_0066,START,,,,2.9,2026-10-01T19:38:30,ISO8601,2026-10-01T19:40:30
IPC_M2_000531,M2,L_A_0066,START,,177.6,43.0,,2026-10-01T19:37:04,ISO8601,2026-10-01T19:43:00
IPC_HT_000532,HT,L_A_0066,START,,173.0,,,2026-10-01T19:43:30,ISO8601,2026-10-01T19:53:30
IPC_AS1_000533,AS1,L_A_0066,START,,,,,2026-10-01T19:54:00,ISO8601,2026-10-01T19:56:00
IPC_T1_000534,T1,L_A_0066,START,,,,,2026-10-01T19:56:30,ISO8601,2026-10-01T19:58:30
IPC_PK_000535,PK,L_A_0066,START,,,,,2026-10-01T19:59:00,ISO8601,2026-10-01T20:01:00
IPC_SHP_000536,SHP,L_A_0066,START,,,,,2026-10-01T20:01:30,ISO8601,2026-10-01T20:03:30
IPC_INB_000537,INB,L_B_0067,START,,,,,2026-10-01T06:00:00,ISO8601,2026-10-01T06:02:00
IPC_M1_000538,M1,L_B_0067,START,,,,2.4,2026-10-01T06:02:30,ISO8601,2026-10-01T06:04:30
IPC_HT_000539,HT,L_B_0067,START,,177.6,,,2026-10-01T06:05:00,ISO8601,2026-10-01T06:15:00
IPC_AS2_000540,AS2,L_B_0067,START,,,,,2026-10-01T06:21:27,ISO8601,2026-10-01T06:17:30
IPC_T1_000541,T1,L_B_0067,START,,,,,2026-10-01T06:18:00,ISO8601,2026-10-01T06:20:00
IPC_PK_000542,PK,L_B_0067,START,,,,,2026-10-01T06:20:30,ISO8601,2026-10-01T06:22:30
IPC_SHP_000543,SHP,L_B_0067,START,,,,,2026-10-01T06:23:00,ISO8601,2026-10-01T06:25:00
IPC_INB_000544,INB,L_B_0068,START,,,,,2026-10-01T14:48:00,ISO8601,2026-10-01T14:50:00
IPC_M1_000545,M1,L_B_0068,START,,,,3.2,2026-10-01T14:50:30,ISO8601,2026-10-01T14:52:30
IPC_HT_000546,HT,L_B_0068,START,,174.7,,,2026-10-01T14:53:00,ISO8601,2026-10-01T15:03:00
IPC_AS2_000547,AS2,L_B_0068,START,,,,,2026-10-01T15:09:27,ISO8601,2026-10-01T15:05:30
IPC_T1_000548,T1,L_B_0068,START,,,,,2026-10-01T15:06:00,ISO8601,2026-10-01T15:08:00
IPC_PK_000549,PK,L_B_0068,START,,,,,2026-10-01T15:08:30,ISO8601,2026-10-01T15:10:30
IPC_SHP_000550,SHP,L_B_0068,START,,,,,2026-10-01T15:11:00,ISO8601,2026-10-01T15:13:00
IPC_INB_000551,INB,L_A_0069,START,,,,,2026-10-01T07:36:00,ISO8601,2026-10-01T07:38:00
IPC_M1_000552,M1,L_A_0069,START,,,,3.4,2026-10-01T07:38:30,ISO8601,2026-10-01T07:40:30
IPC_M2_000553,M2,L_A_0069,START,,178.5,44.9,,2026-10-01T07:37:04,ISO8601,2026-10-01T07:43:00
IPC_HT_000554,HT,L_A_0069,START,,176.4,,,2026-10-01T07:43:30,ISO8601,2026-10-01T07:53:30
IPC_AS1_000555,AS1,L_A_0069,START,,,,,2026-10-01T07:54:00,ISO8601,2026-10-01T07:56:00
IPC_T1_000556,T1,L_A_0069,START,,,,,2026-10-01T07:56:30,ISO8601,2026-10-01T07:58:30
IPC_PK_000557,PK,L_A_0069,START,,,,,2026-10-01T07:59:00,ISO8601,2026-10-01T08:01:00
IPC_SHP_000558,SHP,L_A_0069,START,,,,,2026-10-01T08:01:30,ISO8601,2026-10-01T08:03:30
IPC_INB_000559,INB,L_A_0070,START,,,,,2026-10-01T16:24:00,ISO8601,2026-10-01T16:26:00
IPC_M1_000560,M1,L_A_0070,START,,,,2.3,2026-10-01T16:26:30,ISO8601,2026-10-01T16:28:30
IPC_M2_000561,M2,L_A_0070,START,,178.6,42.2,,2026-10-01T16:25:04,ISO8601,2026-10-01T16:31:00
IPC_HT_000562,HT,L_A_0070,START,,175.7,,,2026-10-01T16:31:30,ISO8601,2026-10-01T16:41:30
IPC_AS1_000563,AS1,L_A_0070,START,,,,,2026-10-01T16:42:00,ISO8601,2026-10-01T16:44:00
IPC_T1_000564,T1,L_A_0070,START,FMEA-M2-001,,,,2026-10-01T16:44:30,ISO8601,2026-10-01T16:46:30
IPC_PK_000565,PK,L_A_0070,START,,,,,2026-10-01T16:47:00,ISO8601,2026-10-01T16:49:00
IPC_SHP_000566,SHP,L_A_0070,START,,,,,2026-10-01T16:49:30,ISO8601,2026-10-01T16:51:30
IPC_INB_000567,INB,L_B_0071,START,,,,,2026-10-01T09:12:00,ISO8601,2026-10-01T09:14:00
IPC_M1_000568,M1,L_B_0071,START,,,,3.5,2026-10-01T09:14:30,ISO8601,2026-10-01T09:16:30
IPC_HT_000569,HT,L_B_0071,START,,173.8,,,2026-10-01T09:17:00,ISO8601,2026-10-01T09:27:00
IPC_AS2_000570,AS2,L_B_0071,START,,,,,2026-10-01T09:33:27,ISO8601,2026-10-01T09:29:30
IPC_T1_000571,T1,L_B_0071,START,,,,,2026-10-01T09:30:00,ISO8601,2026-10-01T09:32:00
IPC_PK_000572,PK,L_B_0071,START,,,,,2026-10-01T09:32:30,ISO8601,2026-10-01T09:34:30
IPC_SHP_000573,SHP,L_B_0071,START,,,,,2026-10-01T09:35:00,ISO8601,2026-10-01T09:37:00
IPC_INB_000574,INB,L_B_0072,START,,,,,2026-10-01T18:00:00,ISO8601,2026-10-01T18:02:00
IPC_M1_000575,M1,L_B_0072,START,,,,3.5,2026-10-01T18:02:30,ISO8601,2026-10-01T18:04:30
IPC_HT_000576,HT,L_B_0072,START,,178.2,,,2026-10-01T18:05:00,ISO8601,2026-10-01T18:15:00
IPC_AS2_000577,AS2,L_B_0072,START,,,,,2026-10-01T18:21:27,ISO8601,2026-10-01T18:17:30
IPC_T1_000578,T1,L_B_0072,START,,,,,2026-10-01T18:18:00,ISO8601,2026-10-01T18:20:00
IPC_PK_000579,PK,L_B_0072,START,,,,,2026-10-01T18:20:30,ISO8601,2026-10-01T18:22:30
IPC_SHP_000580,SHP,L_B_0072,START,,,,,2026-10-01T18:23:00,ISO8601,2026-10-01T18:25:00
IPC_INB_000581,INB,L_A_0073,START,,,,,2026-10-01T10:48:00,ISO8601,2026-10-01T10:50:00
IPC_M1_000582,M1,L_A_0073,START,,,,4.9,2026-10-01T10:50:30,ISO8601,2026-10-01T10:52:30
IPC_M2_000583,M2,L_A_0073,START,,180.3,47.7,,2026-10-01T10:49:04,ISO8601,2026-10-01T10:55:00
IPC_HT_000584,HT,L_A_0073,START,,180.9,,,2026-10-01T10:55:30,ISO8601,2026-10-01T11:05:30
IPC_AS1_000585,AS1,L_A_0073,START,,,,,2026-10-01T11:06:00,ISO8601,2026-10-01T11:08:00
IPC_T1_000586,T1,L_A_0073,START,,,,,2026-10-01T11:08:30,ISO8601,2026-10-01T11:10:30
IPC_PK_000587,PK,L_A_0073,START,,,,,2026-10-01T11:11:00,ISO8601,2026-10-01T11:13:00
IPC_SHP_000588,SHP,L_A_0073,START,,,,,2026-10-01T11:13:30,ISO8601,2026-10-01T11:15:30
IPC_INB_000589,INB,L_A_0074,START,FMEA-M2-001,,,,2026-10-01T19:36:00,ISO8601,2026-10-01T19:38:00
IPC_M1_000590,M1,L_A_0074,START,,,,2.9,2026-10-01T19:38:30,ISO8601,2026-10-01T19:40:30
IPC_M2_000591,M2,L_A_0074,START,,181.8,44.3,,2026-10-01T19:37:04,ISO8601,2026-10-01T19:43:00
IPC_HT_000592,HT,L_A_0074,START,,178.8,,,2026-10-01T19:43:30,ISO8601,2026-10-01T19:53:30
IPC_AS1_000593,AS1,L_A_0074,START,,,,,2026-10-01T19:54:00,ISO8601,2026-10-01T19:56:00
IPC_T1_000594,T1,L_A_0074,START,,,,,2026-10-01T19:56:30,ISO8601,2026-10-01T19:58:30
IPC_PK_000595,PK,L_A_0074,START,,,,,2026-10-01T19:59:00,ISO8601,2026-10-01T20:01:00
IPC_SHP_000596,SHP,L_A_0074,START,,,,,2026-10-01T20:01:30,ISO8601,2026-10-01T20:03:30
IPC_INB_000597,INB,L_B_0075,START,,,,,2026-10-01T06:00:00,ISO8601,2026-10-01T06:02:00
IPC_M1_000598,M1,L_B_0075,START,,,,2.7,2026-10-01T06:02:30,ISO8601,2026-10-01T06:04:30
IPC_HT_000599,HT,L_B_0075,START,,182.9,,,2026-10-01T06:05:00,ISO8601,2026-10-01T06:15:00
IPC_AS2_000600,AS2,L_B_0075,START,,,,,2026-10-01T06:21:27,ISO8601,2026-10-01T06:17:30
IPC_T1_000601,T1,L_B_0075,START,,,,,2026-10-01T06:18:00,ISO8601,2026-10-01T06:20:00
IPC_PK_000602,PK,L_B_0075,START,,,,,2026-10-01T06:20:30,ISO8601,2026-10-01T06:22:30
IPC_SHP_000603,SHP,L_B_0075,START,,,,,2026-10-01T06:23:00,ISO8601,2026-10-01T06:25:00
IPC_INB_000604,INB,L_B_0076,START,,,,,2026-10-01T14:48:00,ISO8601,2026-10-01T14:50:00
IPC_M1_000605,M1,L_B_0076,START,,,,3.6,2026-10-01T14:50:30,ISO8601,2026-10-01T14:52:30
IPC_HT_000606,HT,L_B_0076,START,,181.9,,,2026-10-01T14:53:00,ISO8601,2026-10-01T15:03:00
IPC_AS2_000607,AS2,L_B_0076,START,,,,,2026-10-01T15:09:27,ISO8601,2026-10-01T15:05:30
IPC_T1_000608,T1,L_B_0076,START,,,,,2026-10-01T15:06:00,ISO8601,2026-10-01T15:08:00
IPC_PK_000609,PK,L_B_0076,START,,,,,2026-10-01T15:08:30,ISO8601,2026-10-01T15:10:30
IPC_SHP_000610,SHP,L_B_0076,START,,,,,2026-10-01T15:11:00,ISO8601,2026-10-01T15:13:00
IPC_INB_000611,INB,L_A_0077,START,,,,,2026-10-01T07:36:00,ISO8601,2026-10-01T07:38:00
IPC_M1_000612,M1,L_A_0077,START,,,,3.1,2026-10-01T07:38:30,ISO8601,2026-10-01T07:40:30
IPC_M2_000613,M2,L_A_0077,START,,176.1,43.2,,2026-10-01T07:37:04,ISO8601,2026-10-01T07:43:00
IPC_HT_000614,HT,L_A_0077,START,,180.5,,,2026-10-01T07:43:30,ISO8601,2026-10-01T07:53:30
IPC_AS1_000615,AS1,L_A_0077,START,,,,,2026-10-01T07:54:00,ISO8601,2026-10-01T07:56:00
IPC_T1_000616,T1,L_A_0077,START,,,,,2026-10-01T07:56:30,ISO8601,2026-10-01T07:58:30
IPC_PK_000617,PK,L_A_0077,START,,,,,2026-10-01T07:59:00,ISO8601,2026-10-01T08:01:00
IPC_SHP_000618,SHP,L_A_0077,START,,,,,2026-10-01T08:01:30,ISO8601,2026-10-01T08:03:30
IPC_INB_000619,INB,L_A_0078,START,,,,,2026-10-01T16:24:00,ISO8601,2026-10-01T16:26:00
IPC_M1_000620,M1,L_A_0078,START,,,,3.9,2026-10-01T16:26:30,ISO8601,2026-10-01T16:28:30
IPC_M2_000621,M2,L_A_0078,START,,177.6,45.3,,2026-10-01T16:25:04,ISO8601,2026-10-01T16:31:00
IPC_HT_000622,HT,L_A_0078,START,,177.3,,,2026-10-01T16:31:30,ISO8601,2026-10-01T16:41:30
IPC_AS1_000623,AS1,L_A_0078,START,,,,,2026-10-01T16:42:00,ISO8601,2026-10-01T16:44:00
IPC_T1_000624,T1,L_A_0078,START,,,,,2026-10-01T16:44:30,ISO8601,2026-10-01T16:46:30
IPC_PK_000625,PK,L_A_0078,START,,,,,2026-10-01T16:47:00,ISO8601,2026-10-01T16:49:00
IPC_SHP_000626,SHP,L_A_0078,START,,,,,2026-10-01T16:49:30,ISO8601,2026-10-01T16:51:30
IPC_INB_000627,INB,L_B_0079,START,,,,,2026-10-01T09:12:00,ISO8601,2026-10-01T09:14:00
IPC_M1_000628,M1,L_B_0079,START,,,,4.0,2026-10-01T09:14:30,ISO8601,2026-10-01T09:16:30
IPC_HT_000629,HT,L_B_0079,START,,177.6,,,2026-10-01T09:17:00,ISO8601,2026-10-01T09:27:00
IPC_AS2_000630,AS2,L_B_0079,START,,,,,2026-10-01T09:33:27,ISO8601,2026-10-01T09:29:30
IPC_T1_000631,T1,L_B_0079,START,,,,,2026-10-01T09:30:00,ISO8601,2026-10-01T09:32:00
IPC_PK_000632,PK,L_B_0079,START,,,,,2026-10-01T09:32:30,ISO8601,2026-10-01T09:34:30
IPC_SHP_000633,SHP,L_B_0079,START,,,,,2026-10-01T09:35:00,ISO8601,2026-10-01T09:37:00
IPC_INB_000634,INB,L_B_0080,START,,,,,2026-10-01T18:00:00,ISO8601,2026-10-01T18:02:00
IPC_M1_000635,M1,L_B_0080,START,,,,3.0,2026-10-01T18:02:30,ISO8601,2026-10-01T18:04:30
IPC_HT_000636,HT,L_B_0080,START,,184.9,,,2026-10-01T18:05:00,ISO8601,2026-10-01T18:15:00
IPC_AS2_000637,AS2,L_B_0080,START,,,,,2026-10-01T18:21:27,ISO8601,2026-10-01T18:17:30
IPC_T1_000638,T1,L_B_0080,START,,,,,2026-10-01T18:18:00,ISO8601,2026-10-01T18:20:00
IPC_PK_000639,PK,L_B_0080,START,,,,,2026-10-01T18:20:30,ISO8601,2026-10-01T18:22:30
IPC_SHP_000640,SHP,L_B_0080,START,,,,,2026-10-01T18:23:00,ISO8601,2026-10-01T18:25:00
IPC_INB_000641,INB,L_A_0081,START,,,,,2026-10-01T10:48:00,ISO8601,2026-10-01T10:50:00
IPC_M1_000642,M1,L_A_0081,START,,,,3.2,2026-10-01T10:50:30,ISO8601,2026-10-01T10:52:30
IPC_M2_000643,M2,L_A_0081,START,,176.0,45.4,,2026-10-01T10:49:04,ISO8601,2026-10-01T10:55:00
IPC_HT_000644,HT,L_A_0081,START,,183.8,,,2026-10-01T10:55:30,ISO8601,2026-10-01T11:05:30
IPC_AS1_000645,AS1,L_A_0081,START,,,,,2026-10-01T11:06:00,ISO8601,2026-10-01T11:08:00
IPC_T1_000646,T1,L_A_0081,START,,,,,2026-10-01T11:08:30,ISO8601,2026-10-01T11:10:30
IPC_PK_000647,PK,L_A_0081,START,,,,,2026-10-01T11:11:00,ISO8601,2026-10-01T11:13:00
IPC_SHP_000648,SHP,L_A_0081,START,,,,,2026-10-01T11:13:30,ISO8601,2026-10-01T11:15:30
IPC_INB_000649,INB,L_A_0082,START,,,,,2026-10-01T19:36:00,ISO8601,2026-10-01T19:38:00
IPC_M1_000650,M1,L_A_0082,START,,,,4.9,2026-10-01T19:38:30,ISO8601,2026-10-01T19:40:30
IPC_M2_000651,M2,L_A_0082,START,,181.1,44.4,,2026-10-01T19:37:04,ISO8601,2026-10-01T19:43:00
IPC_HT_000652,HT,L_A_0082,START,,178.3,,,2026-10-01T19:43:30,ISO8601,2026-10-01T19:53:30
IPC_AS1_000653,AS1,L_A_0082,START,,,,,2026-10-01T19:54:00,ISO8601,2026-10-01T19:56:00
IPC_T1_000654,T1,L_A_0082,START,,,,,2026-10-01T19:56:30,ISO8601,2026-10-01T19:58:30
IPC_PK_000655,PK,L_A_0082,START,,,,,2026-10-01T19:59:00,ISO8601,2026-10-01T20:01:00
IPC_SHP_000656,SHP,L_A_0082,START,,,,,2026-10-01T20:01:30,ISO8601,2026-10-01T20:03:30
IPC_INB_000657,INB,L_B_0083,START,,,,,2026-10-01T06:00:00,ISO8601,2026-10-01T06:02:00
IPC_M1_000658,M1,L_B_0083,START,,,,3.3,2026-10-01T06:02:30,ISO8601,2026-10-01T06:04:30
IPC_HT_000659,HT,L_B_0083,START,,177.5,,,2026-10-01T06:05:00,ISO8601,2026-10-01T06:15:00
IPC_AS2_000660,AS2,L_B_0083,START,,,,,2026-10-01T06:21:27,ISO8601,2026-10-01T06:17:30
IPC_T1_000661,T1,L_B_0083,START,,,,,2026-10-01T06:18:00,ISO8601,2026-10-01T06:20:00
IPC_PK_000662,PK,L_B_0083,START,,,,,2026-10-01T06:20:30,ISO8601,2026-10-01T06:22:30
IPC_SHP_000663,SHP,L_B_0083,START,,,,,2026-10-01T06:23:00,ISO8601,2026-10-01T06:25:00
IPC_INB_000664,INB,L_B_0084,START,,,,,2026-10-01T14:48:00,ISO8601,2026-10-01T14:50:00
IPC_M1_000665,M1,L_B_0084,START,,,,2.2,2026-10-01T14:50:30,ISO8601,2026-10-01T14:52:30
IPC_HT_000666,HT,L_B_0084,START,,182.2,,,2026-10-01T14:53:00,ISO8601,2026-10-01T15:03:00
IPC_AS2_000667,AS2,L_B_0084,START,,,,,2026-10-01T15:09:27,ISO8601,2026-10-01T15:05:30
IPC_T1_000668,T1,L_B_0084,START,,,,,2026-10-01T15:06:00,ISO8601,2026-10-01T15:08:00
IPC_PK_000669,PK,L_B_0084,START,,,,,2026-10-01T15:08:30,ISO8601,2026-10-01T15:10:30
IPC_SHP_000670,SHP,L_B_0084,START,,,,,2026-10-01T15:11:00,ISO8601,2026-10-01T15:13:00
IPC_INB_000671,INB,L_A_0085,START,,,,,2026-10-01T07:36:00,ISO8601,2026-10-01T07:38:00
IPC_M1_000672,M1,L_A_0085,START,,,,3.7,2026-10-01T07:38:30,ISO8601,2026-10-01T07:40:30
IPC_M2_000673,M2,L_A_0085,START,,182.2,45.3,,2026-10-01T07:37:04,ISO8601,2026-10-01T07:43:00
IPC_HT_000674,HT,L_A_0085,START,,183.1,,,2026-10-01T07:43:30,ISO8601,2026-10-01T07:53:30
IPC_AS1_000675,AS1,L_A_0085,START,,,,,2026-10-01T07:54:00,ISO8601,2026-10-01T07:56:00
IPC_T1_000676,T1,L_A_0085,START,,,,,2026-10-01T07:56:30,ISO8601,2026-10-01T07:58:30
IPC_PK_000677,PK,L_A_0085,START,,,,,2026-10-01T07:59:00,ISO8601,2026-10-01T08:01:00
IPC_SHP_000678,SHP,L_A_0085,START,,,,,2026-10-01T08:01:30,ISO8601,2026-10-01T08:03:30
IPC_INB_000679,INB,L_A_0086,START,FMEA-M2-001,,,,2026-10-01T16:24:00,ISO8601,2026-10-01T16:26:00
IPC_M1_000680,M1,L_A_0086,START,,,,3.0,2026-10-01T16:26:30,ISO8601,2026-10-01T16:28:30
IPC_M2_000681,M2,L_A_0086,START,,182.2,46.8,,2026-10-01T16:25:04,ISO8601,2026-10-01T16:31:00
IPC_HT_000682,HT,L_A_0086,START,,178.9,,,2026-10-01T16:31:30,ISO8601,2026-10-01T16:41:30
IPC_AS1_000683,AS1,L_A_0086,START,,,,,2026-10-01T16:42:00,ISO8601,2026-10-01T16:44:00
IPC_T1_000684,T1,L_A_0086,START,,,,,2026-10-01T16:44:30,ISO8601,2026-10-01T16:46:30
IPC_PK_000685,PK,L_A_0086,START,,,,,2026-10-01T16:47:00,ISO8601,2026-10-01T16:49:00
IPC_SHP_000686,SHP,L_A_0086,START,,,,,2026-10-01T16:49:30,ISO8601,2026-10-01T16:51:30
IPC_INB_000687,INB,L_B_0087,START,,,,,2026-10-01T09:12:00,ISO8601,2026-10-01T09:14:00
IPC_M1_000688,M1,L_B_0087,START,,,,2.2,2026-10-01T09:14:30,ISO8601,2026-10-01T09:16:30
IPC_HT_000689,HT,L_B_0087,START,,175.2,,,2026-10-01T09:17:00,ISO8601,2026-10-01T09:27:00
IPC_AS2_000690,AS2,L_B_0087,START,,,,,2026-10-01T09:33:27,ISO8601,2026-10-01T09:29:30
IPC_T1_000691,T1,L_B_0087,START,,,,,2026-10-01T09:30:00,ISO8601,2026-10-01T09:32:00
IPC_PK_000692,PK,L_B_0087,START,FMEA-M2-001,,,,2026-10-01T09:32:30,ISO8601,2026-10-01T09:34:30
IPC_SHP_000693,SHP,L_B_0087,START,,,,,2026-10-01T09:35:00,ISO8601,2026-10-01T09:37:00
IPC_INB_000694,INB,L_B_0088,START,,,,,2026-10-02T06:00:00,ISO8601,2026-10-02T06:02:00
IPC_M1_000695,M1,L_B_0088,START,,,,2.9,2026-10-02T06:02:30,ISO8601,2026-10-02T06:04:30
IPC_HT_000696,HT,L_B_0088,START,,180.4,,,2026-10-02T06:05:00,ISO8601,2026-10-02T06:15:00
IPC_AS2_000697,AS2,L_B_0088,START,,,,,2026-10-02T06:21:25,ISO8601,2026-10-02T06:17:30
IPC_T1_000698,T1,L_B_0088,START,,,,,2026-10-02T06:18:00,ISO8601,2026-10-02T06:20:00
IPC_PK_000699,PK,L_B_0088,START,,,,,2026-10-02T06:20:30,ISO8601,2026-10-02T06:22:30
IPC_SHP_000700,SHP,L_B_0088,START,,,,,2026-10-02T06:23:00,ISO8601,2026-10-02T06:25:00
IPC_INB_000701,INB,L_A_0089,START,,,,,2026-10-02T14:48:00,ISO8601,2026-10-02T14:50:00
IPC_M1_000702,M1,L_A_0089,START,,,,3.4,2026-10-02T14:50:30,ISO8601,2026-10-02T14:52:30
IPC_M2_000703,M2,L_A_0089,START,,176.0,46.2,,2026-10-02T14:49:06,ISO8601,2026-10-02T14:55:00
IPC_HT_000704,HT,L_A_0089,START,,176.5,,,2026-10-02T14:55:30,ISO8601,2026-10-02T15:05:30
IPC_AS1_000705,AS1,L_A_0089,START,,,,,2026-10-02T15:06:00,ISO8601,2026-10-02T15:08:00
IPC_T1_000706,T1,L_A_0089,START,,,,,2026-10-02T15:08:30,ISO8601,2026-10-02T15:10:30
IPC_PK_000707,PK,L_A_0089,START,FMEA-M2-001,,,,2026-10-02T15:11:00,ISO8601,2026-10-02T15:13:00
IPC_SHP_000708,SHP,L_A_0089,START,,,,,2026-10-02T15:13:30,ISO8601,2026-10-02T15:15:30
IPC_INB_000709,INB,L_A_0090,START,,,,,2026-10-02T07:36:00,ISO8601,2026-10-02T07:38:00
IPC_M1_000710,M1,L_A_0090,START,,,,3.1,2026-10-02T07:38:30,ISO8601,2026-10-02T07:40:30
IPC_M2_000711,M2,L_A_0090,START,,174.5,43.3,,2026-10-02T07:37:06,ISO8601,2026-10-02T07:43:00
IPC_HT_000712,HT,L_A_0090,START,,179.4,,,2026-10-02T07:43:30,ISO8601,2026-10-02T07:53:30
IPC_AS1_000713,AS1,L_A_0090,START,,,,,2026-10-02T07:54:00,ISO8601,2026-10-02T07:56:00
IPC_T1_000714,T1,L_A_0090,START,,,,,2026-10-02T07:56:30,ISO8601,2026-10-02T07:58:30
IPC_PK_000715,PK,L_A_0090,START,,,,,2026-10-02T07:59:00,ISO8601,2026-10-02T08:01:00
IPC_SHP_000716,SHP,L_A_0090,START,,,,,2026-10-02T08:01:30,ISO8601,2026-10-02T08:03:30
IPC_INB_000717,INB,L_B_0091,START,,,,,2026-10-02T16:24:00,ISO8601,2026-10-02T16:26:00
IPC_M1_000718,M1,L_B_0091,START,,,,3.1,2026-10-02T16:26:30,ISO8601,2026-10-02T16:28:30
IPC_HT_000719,HT,L_B_0091,START,,179.8,,,2026-10-02T16:29:00,ISO8601,2026-10-02T16:39:00
IPC_AS2_000720,AS2,L_B_0091,START,,,,,2026-10-02T16:45:25,ISO8601,2026-10-02T16:41:30
IPC_T1_000721,T1,L_B_0091,START,,,,,2026-10-02T16:42:00,ISO8601,2026-10-02T16:44:00
IPC_PK_000722,PK,L_B_0091,START,,,,,2026-10-02T16:44:30,ISO8601,2026-10-02T16:46:30
IPC_SHP_000723,SHP,L_B_0091,START,,,,,2026-10-02T16:47:00,ISO8601,2026-10-02T16:49:00
IPC_INB_000724,INB,L_B_0092,START,,,,,2026-10-02T09:12:00,ISO8601,2026-10-02T09:14:00
IPC_M1_000725,M1,L_B_0092,START,,,,3.3,2026-10-02T09:14:30,ISO8601,2026-10-02T09:16:30
IPC_HT_000726,HT,L_B_0092,START,,175.6,,,2026-10-02T09:17:00,ISO8601,2026-10-02T09:27:00
IPC_AS2_000727,AS2,L_B_0092,START,,,,,2026-10-02T09:33:25,ISO8601,2026-10-02T09:29:30
IPC_T1_000728,T1,L_B_0092,START,,,,,2026-10-02T09:30:00,ISO8601,2026-10-02T09:32:00
IPC_PK_000729,PK,L_B_0092,START,,,,,2026-10-02T09:32:30,ISO8601,2026-10-02T09:34:30
IPC_SHP_000730,SHP,L_B_0092,START,,,,,2026-10-02T09:35:00,ISO8601,2026-10-02T09:37:00
IPC_INB_000731,INB,L_A_0093,START,,,,,2026-10-02T18:00:00,ISO8601,2026-10-02T18:02:00
IPC_M1_000732,M1,L_A_0093,START,,,,0.0,2026-10-02T18:02:30,ISO8601,2026-10-02T18:04:30
IPC_M2_000733,M2,L_A_0093,START,,175.4,44.0,,2026-10-02T18:01:06,ISO8601,2026-10-02T18:07:00
IPC_HT_000734,HT,L_A_0093,START,,181.1,,,2026-10-02T18:07:30,ISO8601,2026-10-02T18:17:30
IPC_AS1_000735,AS1,L_A_0093,START,,,,,2026-10-02T18:18:00,ISO8601,2026-10-02T18:20:00
IPC_T1_000736,T1,L_A_0093,START,,,,,2026-10-02T18:20:30,ISO8601,2026-10-02T18:22:30
IPC_PK_000737,PK,L_A_0093,START,,,,,2026-10-02T18:23:00,ISO8601,2026-10-02T18:25:00
IPC_SHP_000738,SHP,L_A_0093,START,,,,,2026-10-02T18:25:30,ISO8601,2026-10-02T18:27:30
IPC_INB_000739,INB,L_A_0094,START,,,,,2026-10-02T10:48:00,ISO8601,2026-10-02T10:50:00
IPC_M1_000740,M1,L_A_0094,START,,,,3.9,2026-10-02T10:50:30,ISO8601,2026-10-02T10:52:30
IPC_M2_000741,M2,L_A_0094,START,,180.1,47.1,,2026-10-02T10:49:06,ISO8601,2026-10-02T10:55:00
IPC_HT_000742,HT,L_A_0094,START,,181.5,,,2026-10-02T10:55:30,ISO8601,2026-10-02T11:05:30
IPC_AS1_000743,AS1,L_A_0094,START,,,,,2026-10-02T11:06:00,ISO8601,2026-10-02T11:08:00
IPC_T1_000744,T1,L_A_0094,START,,,,,2026-10-02T11:08:30,ISO8601,2026-10-02T11:10:30
IPC_PK_000745,PK,L_A_0094,START,,,,,2026-10-02T11:11:00,ISO8601,2026-10-02T11:13:00
IPC_SHP_000746,SHP,L_A_0094,START,,,,,2026-10-02T11:13:30,ISO8601,2026-10-02T11:15:30
IPC_INB_000747,INB,L_B_0095,START,FMEA-M2-001,,,,2026-10-02T19:36:00,ISO8601,2026-10-02T19:38:00
IPC_M1_000748,M1,L_B_0095,START,FMEA-M2-001,,,3.7,2026-10-02T19:38:30,ISO8601,2026-10-02T19:40:30
IPC_HT_000749,HT,L_B_0095,START,FMEA-M2-001,177.5,,,2026-10-02T19:41:00,ISO8601,2026-10-02T19:51:00
IPC_AS2_000750,AS2,L_B_0095,START,,,,,2026-10-02T19:57:25,ISO8601,2026-10-02T19:53:30
IPC_T1_000751,T1,L_B_0095,START,,,,,2026-10-02T19:54:00,ISO8601,2026-10-02T19:56:00
IPC_PK_000752,PK,L_B_0095,START,FMEA-M2-001,,,,2026-10-02T19:56:30,ISO8601,2026-10-02T19:58:30
IPC_SHP_000753,SHP,L_B_0095,START,,,,,2026-10-02T19:59:00,ISO8601,2026-10-02T20:01:00
IPC_INB_000754,INB,L_B_0096,START,,,,,2026-10-02T06:00:00,ISO8601,2026-10-02T06:02:00
IPC_M1_000755,M1,L_B_0096,START,,,,4.3,2026-10-02T06:02:30,ISO8601,2026-10-02T06:04:30
IPC_HT_000756,HT,L_B_0096,START,,173.9,,,2026-10-02T06:05:00,ISO8601,2026-10-02T06:15:00
IPC_AS2_000757,AS2,L_B_0096,START,,,,,2026-10-02T06:21:25,ISO8601,2026-10-02T06:17:30
IPC_T1_000758,T1,L_B_0096,START,,,,,2026-10-02T06:18:00,ISO8601,2026-10-02T06:20:00
IPC_PK_000759,PK,L_B_0096,START,,,,,2026-10-02T06:20:30,ISO8601,2026-10-02T06:22:30
IPC_SHP_000760,SHP,L_B_0096,START,,,,,2026-10-02T06:23:00,ISO8601,2026-10-02T06:25:00
IPC_INB_000761,INB,L_A_0097,START,,,,,2026-10-02T14:48:00,ISO8601,2026-10-02T14:50:00
IPC_M1_000762,M1,L_A_0097,START,,,,4.1,2026-10-02T14:50:30,ISO8601,2026-10-02T14:52:30
IPC_M2_000763,M2,L_A_0097,START,,178.6,45.4,,2026-10-02T14:49:06,ISO8601,2026-10-02T14:55:00
IPC_HT_000764,HT,L_A_0097,START,,179.2,,,2026-10-02T14:55:30,ISO8601,2026-10-02T15:05:30
IPC_AS1_000765,AS1,L_A_0097,START,,,,,2026-10-02T15:06:00,ISO8601,2026-10-02T15:08:00
IPC_T1_000766,T1,L_A_0097,START,,,,,2026-10-02T15:08:30,ISO8601,2026-10-02T15:10:30
IPC_PK_000767,PK,L_A_0097,START,,,,,2026-10-02T15:11:00,ISO8601,2026-10-02T15:13:00
IPC_SHP_000768,SHP,L_A_0097,START,,,,,2026-10-02T15:13:30,ISO8601,2026-10-02T15:15:30
IPC_INB_000769,INB,L_A_0098,START,,,,,2026-10-02T07:36:00,ISO8601,2026-10-02T07:38:00
IPC_M1_000770,M1,L_A_0098,START,,,,2.9,2026-10-02T07:38:30,ISO8601,2026-10-02T07:40:30
IPC_M2_000771,M2,L_A_0098,START,,179.1,44.7,,2026-10-02T07:37:06,ISO8601,2026-10-02T07:43:00
IPC_HT_000772,HT,L_A_0098,START,,171.9,,,2026-10-02T07:43:30,ISO8601,2026-10-02T07:53:30
IPC_AS1_000773,AS1,L_A_0098,START,,,,,2026-10-02T07:54:00,ISO8601,2026-10-02T07:56:00
IPC_T1_000774,T1,L_A_0098,START,,,,,2026-10-02T07:56:30,ISO8601,2026-10-02T07:58:30
IPC_PK_000775,PK,L_A_0098,START,,,,,2026-10-02T07:59:00,ISO8601,2026-10-02T08:01:00
IPC_SHP_000776,SHP,L_A_0098,START,,,,,2026-10-02T08:01:30,ISO8601,2026-10-02T08:03:30
IPC_INB_000777,INB,L_B_0099,START,,,,,2026-10-02T16:24:00,ISO8601,2026-10-02T16:26:00
IPC_M1_000778,M1,L_B_0099,START,,,,3.9,2026-10-02T16:26:30,ISO8601,2026-10-02T16:28:30
IPC_HT_000779,HT,L_B_0099,START,,176.5,,,2026-10-02T16:29:00,ISO8601,2026-10-02T16:39:00
IPC_AS2_000780,AS2,L_B_0099,START,,,,,2026-10-02T16:45:25,ISO8601,2026-10-02T16:41:30
IPC_T1_000781,T1,L_B_0099,START,,,,,2026-10-02T16:42:00,ISO8601,2026-10-02T16:44:00
IPC_PK_000782,PK,L_B_0099,START,,,,,2026-10-02T16:44:30,ISO8601,2026-10-02T16:46:30
IPC_SHP_000783,SHP,L_B_0099,START,,,,,2026-10-02T16:47:00,ISO8601,2026-10-02T16:49:00
IPC_INB_000784,INB,L_B_0100,START,,,,,2026-10-02T09:12:00,ISO8601,2026-10-02T09:14:00
IPC_M1_000785,M1,L_B_0100,START,,,,3.3,2026-10-02T09:14:30,ISO8601,2026-10-02T09:16:30
IPC_HT_000786,HT,L_B_0100,START,,174.6,,,2026-10-02T09:17:00,ISO8601,2026-10-02T09:27:00
IPC_AS2_000787,AS2,L_B_0100,START,,,,,2026-10-02T09:33:25,ISO8601,2026-10-02T09:29:30
IPC_T1_000788,T1,L_B_0100,START,,,,,2026-10-02T09:30:00,ISO8601,2026-10-02T09:32:00
IPC_PK_000789,PK,L_B_0100,START,,,,,2026-10-02T09:32:30,ISO8601,2026-10-02T09:34:30
IPC_SHP_000790,SHP,L_B_0100,START,,,,,2026-10-02T09:35:00,ISO8601,2026-10-02T09:37:00
IPC_INB_000791,INB,L_A_0101,START,,,,,2026-10-02T18:00:00,ISO8601,2026-10-02T18:02:00
IPC_M1_000792,M1,L_A_0101,START,,,,3.3,2026-10-02T18:02:30,ISO8601,2026-10-02T18:04:30
IPC_M2_000793,M2,L_A_0101,START,,179.1,45.1,,2026-10-02T18:01:06,ISO8601,2026-10-02T18:07:00
IPC_HT_000794,HT,L_A_0101,START,,177.3,,,2026-10-02T18:07:30,ISO8601,2026-10-02T18:17:30
IPC_AS1_000795,AS1,L_A_0101,START,,,,,2026-10-02T18:18:00,ISO8601,2026-10-02T18:20:00
IPC_T1_000796,T1,L_A_0101,START,,,,,2026-10-02T18:20:30,ISO8601,2026-10-02T18:22:30
IPC_PK_000797,PK,L_A_0101,START,,,,,2026-10-02T18:23:00,ISO8601,2026-10-02T18:25:00
IPC_SHP_000798,SHP,L_A_0101,START,,,,,2026-10-02T18:25:30,ISO8601,2026-10-02T18:27:30
IPC_INB_000799,INB,L_A_0102,START,,,,,2026-10-02T10:48:00,ISO8601,2026-10-02T10:50:00
IPC_M1_000800,M1,L_A_0102,START,,,,4.1,2026-10-02T10:50:30,ISO8601,2026-10-02T10:52:30
IPC_M2_000801,M2,L_A_0102,START,,179.3,43.1,,2026-10-02T10:49:06,ISO8601,2026-10-02T10:55:00
IPC_HT_000802,HT,L_A_0102,START,FMEA-M2-001,179.0,,,2026-10-02T10:55:30,ISO8601,2026-10-02T11:05:30
IPC_AS1_000803,AS1,L_A_0102,START,,,,,2026-10-02T11:06:00,ISO8601,2026-10-02T11:08:00
IPC_T1_000804,T1,L_A_0102,START,,,,,2026-10-02T11:08:30,ISO8601,2026-10-02T11:10:30
IPC_PK_000805,PK,L_A_0102,START,,,,,2026-10-02T11:11:00,ISO8601,2026-10-02T11:13:00
IPC_SHP_000806,SHP,L_A_0102,START,,,,,2026-10-02T11:13:30,ISO8601,2026-10-02T11:15:30
IPC_INB_000807,INB,L_B_0103,START,,,,,2026-10-02T19:36:00,ISO8601,2026-10-02T19:38:00
IPC_M1_000808,M1,L_B_0103,START,,,,2.1,2026-10-02T19:38:30,ISO8601,2026-10-02T19:40:30
IPC_HT_000809,HT,L_B_0103,START,,177.1,,,2026-10-02T19:41:00,ISO8601,2026-10-02T19:51:00
IPC_AS2_000810,AS2,L_B_0103,START,,,,,2026-10-02T19:57:25,ISO8601,2026-10-02T19:53:30
IPC_T1_000811,T1,L_B_0103,START,,,,,2026-10-02T19:54:00,ISO8601,2026-10-02T19:56:00
IPC_PK_000812,PK,L_B_0103,START,,,,,2026-10-02T19:56:30,ISO8601,2026-10-02T19:58:30
IPC_SHP_000813,SHP,L_B_0103,START,,,,,2026-10-02T19:59:00,ISO8601,2026-10-02T20:01:00
IPC_INB_000814,INB,L_B_0104,START,,,,,2026-10-02T06:00:00,ISO8601,2026-10-02T06:02:00
IPC_M1_000815,M1,L_B_0104,START,,,,3.0,2026-10-02T06:02:30,ISO8601,2026-10-02T06:04:30
IPC_HT_000816,HT,L_B_0104,START,,170.7,,,2026-10-02T06:05:00,ISO8601,2026-10-02T06:15:00
IPC_AS2_000817,AS2,L_B_0104,START,,,,,2026-10-02T06:21:25,ISO8601,2026-10-02T06:17:30
IPC_T1_000818,T1,L_B_0104,START,,,,,2026-10-02T06:18:00,ISO8601,2026-10-02T06:20:00
IPC_PK_000819,PK,L_B_0104,START,,,,,2026-10-02T06:20:30,ISO8601,2026-10-02T06:22:30
IPC_SHP_000820,SHP,L_B_0104,START,,,,,2026-10-02T06:23:00,ISO8601,2026-10-02T06:25:00
IPC_INB_000821,INB,L_A_0105,START,FMEA-M2-001,,,,2026-10-02T14:48:00,ISO8601,2026-10-02T14:50:00
IPC_M1_000822,M1,L_A_0105,START,,,,3.2,2026-10-02T14:50:30,ISO8601,2026-10-02T14:52:30
IPC_M2_000823,M2,L_A_0105,START,,178.1,43.8,,2026-10-02T14:49:06,ISO8601,2026-10-02T14:55:00
IPC_HT_000824,HT,L_A_0105,START,,174.6,,,2026-10-02T14:55:30,ISO8601,2026-10-02T15:05:30
IPC_AS1_000825,AS1,L_A_0105,START,,,,,2026-10-02T15:06:00,ISO8601,2026-10-02T15:08:00
IPC_T1_000826,T1,L_A_0105,START,,,,,2026-10-02T15:08:30,ISO8601,2026-10-02T15:10:30
IPC_PK_000827,PK,L_A_0105,START,,,,,2026-10-02T15:11:00,ISO8601,2026-10-02T15:13:00
IPC_SHP_000828,SHP,L_A_0105,START,,,,,2026-10-02T15:13:30,ISO8601,2026-10-02T15:15:30
IPC_INB_000829,INB,L_A_0106,START,,,,,2026-10-02T07:36:00,ISO8601,2026-10-02T07:38:00
IPC_M1_000830,M1,L_A_0106,START,,,,2.1,2026-10-02T07:38:30,ISO8601,2026-10-02T07:40:30
IPC_M2_000831,M2,L_A_0106,START,,174.7,46.3,,2026-10-02T07:37:06,ISO8601,2026-10-02T07:43:00
IPC_HT_000832,HT,L_A_0106,START,,175.1,,,2026-10-02T07:43:30,ISO8601,2026-10-02T07:53:30
IPC_AS1_000833,AS1,L_A_0106,START,,,,,2026-10-02T07:54:00,ISO8601,2026-10-02T07:56:00
IPC_T1_000834,T1,L_A_0106,START,,,,,2026-10-02T07:56:30,ISO8601,2026-10-02T07:58:30
IPC_PK_000835,PK,L_A_0106,START,,,,,2026-10-02T07:59:00,ISO8601,2026-10-02T08:01:00
IPC_SHP_000836,SHP,L_A_0106,START,,,,,2026-10-02T08:01:30,ISO8601,2026-10-02T08:03:30
IPC_INB_000837,INB,L_B_0107,START,,,,,2026-10-02T16:24:00,ISO8601,2026-10-02T16:26:00
IPC_M1_000838,M1,L_B_0107,START,,,,5.0,2026-10-02T16:26:30,ISO8601,2026-10-02T16:28:30
IPC_HT_000839,HT,L_B_0107,START,,182.6,,,2026-10-02T16:29:00,ISO8601,2026-10-02T16:39:00
IPC_AS2_000840,AS2,L_B_0107,START,,,,,2026-10-02T16:45:25,ISO8601,2026-10-02T16:41:30
IPC_T1_000841,T1,L_B_0107,START,,,,,2026-10-02T16:42:00,ISO8601,2026-10-02T16:44:00
IPC_PK_000842,PK,L_B_0107,START,,,,,2026-10-02T16:44:30,ISO8601,2026-10-02T16:46:30
IPC_SHP_000843,SHP,L_B_0107,START,,,,,2026-10-02T16:47:00,ISO8601,2026-10-02T16:49:00
IPC_INB_000844,INB,L_B_0108,START,,,,,2026-10-02T09:12:00,ISO8601,2026-10-02T09:14:00
IPC_M1_000845,M1,L_B_0108,START,,,,4.2,2026-10-02T09:14:30,ISO8601,2026-10-02T09:16:30
IPC_HT_000846,HT,L_B_0108,START,,183.9,,,2026-10-02T09:17:00,ISO8601,2026-10-02T09:27:00
IPC_AS2_000847,AS2,L_B_0108,START,,,,,2026-10-02T09:33:25,ISO8601,2026-10-02T09:29:30
IPC_T1_000848,T1,L_B_0108,START,,,,,2026-10-02T09:30:00,ISO8601,2026-10-02T09:32:00
IPC_PK_000849,PK,L_B_0108,START,,,,,2026-10-02T09:32:30,ISO8601,2026-10-02T09:34:30
IPC_SHP_000850,SHP,L_B_0108,START,,,,,2026-10-02T09:35:00,ISO8601,2026-10-02T09:37:00
IPC_INB_000851,INB,L_A_0109,START,,,,,2026-10-02T18:00:00,ISO8601,2026-10-02T18:02:00
IPC_M1_000852,M1,L_A_0109,START,,,,5.2,2026-10-02T18:02:30,ISO8601,2026-10-02T18:04:30
IPC_M2_000853,M2,L_A_0109,START,,181.2,41.9,,2026-10-02T18:01:06,ISO8601,2026-10-02T18:07:00
IPC_HT_000854,HT,L_A_0109,START,,181.2,,,2026-10-02T18:07:30,ISO8601,2026-10-02T18:17:30
IPC_AS1_000855,AS1,L_A_0109,START,,,,,2026-10-02T18:18:00,ISO8601,2026-10-02T18:20:00
IPC_T1_000856,T1,L_A_0109,START,,,,,2026-10-02T18:20:30,ISO8601,2026-10-02T18:22:30
IPC_PK_000857,PK,L_A_0109,START,,,,,2026-10-02T18:23:00,ISO8601,2026-10-02T18:25:00
IPC_SHP_000858,SHP,L_A_0109,START,,,,,2026-10-02T18:25:30,ISO8601,2026-10-02T18:27:30
IPC_INB_000859,INB,L_A_0110,START,,,,,2026-10-02T10:48:00,ISO8601,2026-10-02T10:50:00
IPC_M1_000860,M1,L_A_0110,START,FMEA-M2-001,,,3.5,2026-10-02T10:50:30,ISO8601,2026-10-02T10:52:30
IPC_M2_000861,M2,L_A_0110,START,,178.4,44.0,,2026-10-02T10:49:06,ISO8601,2026-10-02T10:55:00
IPC_HT_000862,HT,L_A_0110,START,FMEA-M2-001,193.6,,,2026-10-02T10:55:30,ISO8601,2026-10-02T11:05:30
IPC_AS1_000863,AS1,L_A_0110,START,,,,,2026-10-02T11:06:00,ISO8601,2026-10-02T11:08:00
IPC_T1_000864,T1,L_A_0110,START,,,,,2026-10-02T11:08:30,ISO8601,2026-10-02T11:10:30
IPC_PK_000865,PK,L_A_0110,START,,,,,2026-10-02T11:11:00,ISO8601,2026-10-02T11:13:00
IPC_SHP_000866,SHP,L_A_0110,START,,,,,2026-10-02T11:13:30,ISO8601,2026-10-02T11:15:30
IPC_INB_000867,INB,L_B_0111,START,,,,,2026-10-02T19:36:00,ISO8601,2026-10-02T19:38:00
IPC_M1_000868,M1,L_B_0111,START,,,,4.4,2026-10-02T19:38:30,ISO8601,2026-10-02T19:40:30
IPC_HT_000869,HT,L_B_0111,START,,180.3,,,2026-10-02T19:41:00,ISO8601,2026-10-02T19:51:00
IPC_AS2_000870,AS2,L_B_0111,START,,,,,2026-10-02T19:57:25,ISO8601,2026-10-02T19:53:30
IPC_T1_000871,T1,L_B_0111,START,,,,,2026-10-02T19:54:00,ISO8601,2026-10-02T19:56:00
IPC_PK_000872,PK,L_B_0111,START,,,,,2026-10-02T19:56:30,ISO8601,2026-10-02T19:58:30
IPC_SHP_000873,SHP,L_B_0111,START,FMEA-M2-001,,,,2026-10-02T19:59:00,ISO8601,2026-10-02T20:01:00
IPC_INB_000874,INB,L_B_0112,START,,,,,2026-10-02T06:00:00,ISO8601,2026-10-02T06:02:00
IPC_M1_000875,M1,L_B_0112,START,,,,3.3,2026-10-02T06:02:30,ISO8601,2026-10-02T06:04:30
IPC_HT_000876,HT,L_B_0112,START,,180.7,,,2026-10-02T06:05:00,ISO8601,2026-10-02T06:15:00
IPC_AS2_000877,AS2,L_B_0112,START,,,,,2026-10-02T06:21:25,ISO8601,2026-10-02T06:17:30
IPC_T1_000878,T1,L_B_0112,START,,,,,2026-10-02T06:18:00,ISO8601,2026-10-02T06:20:00
IPC_PK_000879,PK,L_B_0112,START,,,,,2026-10-02T06:20:30,ISO8601,2026-10-02T06:22:30
IPC_SHP_000880,SHP,L_B_0112,START,,,,,2026-10-02T06:23:00,ISO8601,2026-10-02T06:25:00
IPC_INB_000881,INB,L_A_0113,START,,,,,2026-10-02T14:48:00,ISO8601,2026-10-02T14:50:00
IPC_M1_000882,M1,L_A_0113,START,,,,3.9,2026-10-02T14:50:30,ISO8601,2026-10-02T14:52:30
IPC_M2_000883,M2,L_A_0113,START,,175.9,43.9,,2026-10-02T14:49:06,ISO8601,2026-10-02T14:55:00
IPC_HT_000884,HT,L_A_0113,START,,176.0,,,2026-10-02T14:55:30,ISO8601,2026-10-02T15:05:30
IPC_AS1_000885,AS1,L_A_0113,START,,,,,2026-10-02T15:06:00,ISO8601,2026-10-02T15:08:00
IPC_T1_000886,T1,L_A_0113,START,,,,,2026-10-02T15:08:30,ISO8601,2026-10-02T15:10:30
IPC_PK_000887,PK,L_A_0113,START,,,,,2026-10-02T15:11:00,ISO8601,2026-10-02T15:13:00
IPC_SHP_000888,SHP,L_A_0113,START,,,,,2026-10-02T15:13:30,ISO8601,2026-10-02T15:15:30
IPC_INB_000889,INB,L_A_0114,START,,,,,2026-10-02T07:36:00,ISO8601,2026-10-02T07:38:00
IPC_M1_000890,M1,L_A_0114,START,,,,1.3,2026-10-02T07:38:30,ISO8601,2026-10-02T07:40:30
IPC_M2_000891,M2,L_A_0114,START,,178.7,44.3,,2026-10-02T07:37:06,ISO8601,2026-10-02T07:43:00
IPC_HT_000892,HT,L_A_0114,START,,174.6,,,2026-10-02T07:43:30,ISO8601,2026-10-02T07:53:30
IPC_AS1_000893,AS1,L_A_0114,START,,,,,2026-10-02T07:54:00,ISO8601,2026-10-02T07:56:00
IPC_T1_000894,T1,L_A_0114,START,,,,,2026-10-02T07:56:30,ISO8601,2026-10-02T07:58:30
IPC_PK_000895,PK,L_A_0114,START,,,,,2026-10-02T07:59:00,ISO8601,2026-10-02T08:01:00
IPC_SHP_000896,SHP,L_A_0114,START,,,,,2026-10-02T08:01:30,ISO8601,2026-10-02T08:03:30
IPC_INB_000897,INB,L_B_0115,START,,,,,2026-10-02T16:24:00,ISO8601,2026-10-02T16:26:00
IPC_M1_000898,M1,L_B_0115,START,,,,1.9,2026-10-02T16:26:30,ISO8601,2026-10-02T16:28:30
IPC_HT_000899,HT,L_B_0115,START,,177.2,,,2026-10-02T16:29:00,ISO8601,2026-10-02T16:39:00
IPC_AS2_000900,AS2,L_B_0115,START,,,,,2026-10-02T16:45:25,ISO8601,2026-10-02T16:41:30
IPC_T1_000901,T1,L_B_0115,START,,,,,2026-10-02T16:42:00,ISO8601,2026-10-02T16:44:00
IPC_PK_000902,PK,L_B_0115,START,,,,,2026-10-02T16:44:30,ISO8601,2026-10-02T16:46:30
IPC_SHP_000903,SHP,L_B_0115,START,,,,,2026-10-02T16:47:00,ISO8601,2026-10-02T16:49:00
IPC_INB_000904,INB,L_B_0116,START,,,,,2026-10-02T09:12:00,ISO8601,2026-10-02T09:14:00
IPC_M1_000905,M1,L_B_0116,START,,,,5.0,2026-10-02T09:14:30,ISO8601,2026-10-02T09:16:30
IPC_HT_000906,HT,L_B_0116,START,,180.6,,,2026-10-02T09:17:00,ISO8601,2026-10-02T09:27:00
IPC_AS2_000907,AS2,L_B_0116,START,,,,,2026-10-02T09:33:25,ISO8601,2026-10-02T09:29:30
IPC_T1_000908,T1,L_B_0116,START,FMEA-M2-001,,,,2026-10-02T09:30:00,ISO8601,2026-10-02T09:32:00
IPC_PK_000909,PK,L_B_0116,START,,,,,2026-10-02T09:32:30,ISO8601,2026-10-02T09:34:30
IPC_SHP_000910,SHP,L_B_0116,START,,,,,2026-10-02T09:35:00,ISO8601,2026-10-02T09:37:00
IPC_INB_000911,INB,L_A_0406,START,,,,,2026-10-02T10:00:00,ISO8601,2026-10-02T10:02:00
IPC_M1_000912,M1,L_A_0406,START,,,,4.6,2026-10-02T10:02:30,ISO8601,2026-10-02T10:04:30
IPC_M2_000913,M2,L_A_0406,START,,177.5,44.0,,2026-10-02T10:01:06,ISO8601,2026-10-02T10:07:00
IPC_HT_000914,HT,L_A_0406,START,,178.1,,,2026-10-02T10:07:30,ISO8601,2026-10-02T10:17:30
IPC_AS1_000915,AS1,L_A_0406,START,,,,,2026-10-02T10:18:00,ISO8601,2026-10-02T10:20:00
IPC_T1_000916,T1,L_A_0406,START,,,,,2026-10-02T10:20:30,ISO8601,2026-10-02T10:22:30
IPC_PK_000917,PK,L_A_0406,START,,,,,2026-10-02T10:23:00,ISO8601,2026-10-02T10:25:00
IPC_SHP_000918,SHP,L_A_0406,START,,,,,2026-10-02T10:25:30,ISO8601,2026-10-02T10:27:30
IPC_INB_000919,INB,L_A_0407,START,,,,,2026-10-02T10:05:00,ISO8601,2026-10-02T10:07:00
IPC_M1_000920,M1,L_A_0407,START,,,,5.2,2026-10-02T10:07:30,ISO8601,2026-10-02T10:09:30
IPC_M2_000921,M2,L_A_0407,START,,180.3,48.9,,2026-10-02T10:06:06,ISO8601,2026-10-02T10:12:00
IPC_HT_000922,HT,L_A_0407,START,FMEA-M2-001,192.4,,,2026-10-02T10:12:30,ISO8601,2026-10-02T10:22:30
IPC_AS1_000923,AS1,L_A_0407,START,,,,,2026-10-02T10:23:00,ISO8601,2026-10-02T10:25:00
IPC_T1_000924,T1,L_A_0407,START,,,,,2026-10-02T10:25:30,ISO8601,2026-10-02T10:27:30
IPC_PK_000925,PK,L_A_0407,START,,,,,2026-10-02T10:28:00,ISO8601,2026-10-02T10:30:00
IPC_SHP_000926,SHP,L_A_0407,START,,,,,2026-10-02T10:30:30,ISO8601,2026-10-02T10:32:30
IPC_INB_000927,INB,L_A_0408,START,,,,,2026-10-02T10:10:00,ISO8601,2026-10-02T10:12:00
IPC_M1_000928,M1,L_A_0408,START,,,,4.6,2026-10-02T10:12:30,ISO8601,2026-10-02T10:14:30
IPC_M2_000929,M2,L_A_0408,START,,174.9,45.6,,2026-10-02T10:11:06,ISO8601,2026-10-02T10:17:00
IPC_HT_000930,HT,L_A_0408,START,,176.0,,,2026-10-02T10:17:30,ISO8601,2026-10-02T10:27:30
IPC_AS1_000931,AS1,L_A_0408,START,,,,,2026-10-02T10:28:00,ISO8601,2026-10-02T10:30:00
IPC_T1_000932,T1,L_A_0408,START,,,,,2026-10-02T10:30:30,ISO8601,2026-10-02T10:32:30
IPC_PK_000933,PK,L_A_0408,START,,,,,2026-10-02T10:33:00,ISO8601,2026-10-02T10:35:00
IPC_SHP_000934,SHP,L_A_0408,START,,,,,2026-10-02T10:35:30,ISO8601,2026-10-02T10:37:30
IPC_INB_000935,INB,L_A_0409,START,,,,,2026-10-02T10:15:00,ISO8601,2026-10-02T10:17:00
IPC_M1_000936,M1,L_A_0409,START,,,,5.9,2026-10-02T10:17:30,ISO8601,2026-10-02T10:19:30
IPC_M2_000937,M2,L_A_0409,START,,177.8,44.1,,2026-10-02T10:16:06,ISO8601,2026-10-02T10:22:00
IPC_HT_000938,HT,L_A_0409,START,,178.2,,,2026-10-02T10:22:30,ISO8601,2026-10-02T10:32:30
IPC_AS1_000939,AS1,L_A_0409,START,,,,,2026-10-02T10:33:00,ISO8601,2026-10-02T10:35:00
IPC_T1_000940,T1,L_A_0409,START,,,,,2026-10-02T10:35:30,ISO8601,2026-10-02T10:37:30
IPC_PK_000941,PK,L_A_0409,START,,,,,2026-10-02T10:38:00,ISO8601,2026-10-02T10:40:00
IPC_SHP_000942,SHP,L_A_0409,START,,,,,2026-10-02T10:40:30,ISO8601,2026-10-02T10:42:30
IPC_INB_000943,INB,L_A_0410,START,,,,,2026-10-02T10:20:00,ISO8601,2026-10-02T10:22:00
IPC_M1_000944,M1,L_A_0410,START,,,,3.8,2026-10-02T10:22:30,ISO8601,2026-10-02T10:24:30
IPC_M2_000945,M2,L_A_0410,START,,175.7,47.0,,2026-10-02T10:21:06,ISO8601,2026-10-02T10:27:00
IPC_HT_000946,HT,L_A_0410,START,,177.2,,,2026-10-02T10:27:30,ISO8601,2026-10-02T10:37:30
IPC_AS1_000947,AS1,L_A_0410,START,,,,,2026-10-02T10:38:00,ISO8601,2026-10-02T10:40:00
IPC_T1_000948,T1,L_A_0410,START,,,,,2026-10-02T10:40:30,ISO8601,2026-10-02T10:42:30
IPC_PK_000949,PK,L_A_0410,START,,,,,2026-10-02T10:43:00,ISO8601,2026-10-02T10:45:00
IPC_SHP_000950,SHP,L_A_0410,START,,,,,2026-10-02T10:45:30,ISO8601,2026-10-02T10:47:30
IPC_INB_000951,INB,L_A_0117,START,,,,,2026-10-03T06:00:00,ISO8601,2026-10-03T06:02:00
IPC_M1_000952,M1,L_A_0117,START,,,,4.1,2026-10-03T06:02:30,ISO8601,2026-10-03T06:04:30
IPC_M2_000953,M2,L_A_0117,START,,180.1,47.6,,2026-10-03T06:01:08,ISO8601,2026-10-03T06:07:00
IPC_HT_000954,HT,L_A_0117,START,,177.2,,,2026-10-03T06:07:30,ISO8601,2026-10-03T06:17:30
IPC_AS1_000955,AS1,L_A_0117,START,,,,,2026-10-03T06:18:00,ISO8601,2026-10-03T06:20:00
IPC_T1_000956,T1,L_A_0117,START,FMEA-M2-001,,,,2026-10-03T06:20:30,ISO8601,2026-10-03T06:22:30
IPC_PK_000957,PK,L_A_0117,START,,,,,2026-10-03T06:23:00,ISO8601,2026-10-03T06:25:00
IPC_SHP_000958,SHP,L_A_0117,START,,,,,2026-10-03T06:25:30,ISO8601,2026-10-03T06:27:30
IPC_INB_000959,INB,L_A_0118,START,,,,,2026-10-03T14:48:00,ISO8601,2026-10-03T14:50:00
IPC_M1_000960,M1,L_A_0118,START,,,,5.7,2026-10-03T14:50:30,ISO8601,2026-10-03T14:52:30
IPC_M2_000961,M2,L_A_0118,START,,181.3,44.4,,2026-10-03T14:49:08,ISO8601,2026-10-03T14:55:00
IPC_HT_000962,HT,L_A_0118,START,,177.9,,,2026-10-03T14:55:30,ISO8601,2026-10-03T15:05:30
IPC_AS1_000963,AS1,L_A_0118,START,,,,,2026-10-03T15:06:00,ISO8601,2026-10-03T15:08:00
IPC_T1_000964,T1,L_A_0118,START,,,,,2026-10-03T15:08:30,ISO8601,2026-10-03T15:10:30
IPC_PK_000965,PK,L_A_0118,START,,,,,2026-10-03T15:11:00,ISO8601,2026-10-03T15:13:00
IPC_SHP_000966,SHP,L_A_0118,START,,,,,2026-10-03T15:13:30,ISO8601,2026-10-03T15:15:30
IPC_INB_000967,INB,L_B_0119,START,,,,,2026-10-03T07:36:00,ISO8601,2026-10-03T07:38:00
IPC_M1_000968,M1,L_B_0119,START,,,,3.6,2026-10-03T07:38:30,ISO8601,2026-10-03T07:40:30
IPC_HT_000969,HT,L_B_0119,START,,174.5,,,2026-10-03T07:41:00,ISO8601,2026-10-03T07:51:00
IPC_AS2_000970,AS2,L_B_0119,START,,,,,2026-10-03T07:57:24,ISO8601,2026-10-03T07:53:30
IPC_T1_000971,T1,L_B_0119,START,,,,,2026-10-03T07:54:00,ISO8601,2026-10-03T07:56:00
IPC_PK_000972,PK,L_B_0119,START,,,,,2026-10-03T07:56:30,ISO8601,2026-10-03T07:58:30
IPC_SHP_000973,SHP,L_B_0119,START,,,,,2026-10-03T07:59:00,ISO8601,2026-10-03T08:01:00
IPC_INB_000974,INB,L_B_0120,START,,,,,2026-10-03T16:24:00,ISO8601,2026-10-03T16:26:00
IPC_M1_000975,M1,L_B_0120,START,,,,3.2,2026-10-03T16:26:30,ISO8601,2026-10-03T16:28:30
IPC_HT_000976,HT,L_B_0120,START,,181.8,,,2026-10-03T16:29:00,ISO8601,2026-10-03T16:39:00
IPC_AS2_000977,AS2,L_B_0120,START,,,,,2026-10-03T16:45:24,ISO8601,2026-10-03T16:41:30
IPC_T1_000978,T1,L_B_0120,START,,,,,2026-10-03T16:42:00,ISO8601,2026-10-03T16:44:00
IPC_PK_000979,PK,L_B_0120,START,,,,,2026-10-03T16:44:30,ISO8601,2026-10-03T16:46:30
IPC_SHP_000980,SHP,L_B_0120,START,,,,,2026-10-03T16:47:00,ISO8601,2026-10-03T16:49:00
IPC_INB_000981,INB,L_A_0121,START,,,,,2026-10-03T09:12:00,ISO8601,2026-10-03T09:14:00
IPC_M1_000982,M1,L_A_0121,START,,,,3.0,2026-10-03T09:14:30,ISO8601,2026-10-03T09:16:30
IPC_M2_000983,M2,L_A_0121,START,,176.7,49.1,,2026-10-03T09:13:08,ISO8601,2026-10-03T09:19:00
IPC_HT_000984,HT,L_A_0121,START,,178.8,,,2026-10-03T09:19:30,ISO8601,2026-10-03T09:29:30
IPC_AS1_000985,AS1,L_A_0121,START,,,,,2026-10-03T09:30:00,ISO8601,2026-10-03T09:32:00
IPC_T1_000986,T1,L_A_0121,START,,,,,2026-10-03T09:32:30,ISO8601,2026-10-03T09:34:30
IPC_PK_000987,PK,L_A_0121,START,,,,,2026-10-03T09:35:00,ISO8601,2026-10-03T09:37:00
IPC_SHP_000988,SHP,L_A_0121,START,,,,,2026-10-03T09:37:30,ISO8601,2026-10-03T09:39:30
IPC_INB_000989,INB,L_A_0122,START,,,,,2026-10-03T18:00:00,ISO8601,2026-10-03T18:02:00
IPC_M1_000990,M1,L_A_0122,START,,,,3.6,2026-10-03T18:02:30,ISO8601,2026-10-03T18:04:30
IPC_M2_000991,M2,L_A_0122,START,,181.9,45.7,,2026-10-03T18:01:08,ISO8601,2026-10-03T18:07:00
IPC_HT_000992,HT,L_A_0122,START,,179.2,,,2026-10-03T18:07:30,ISO8601,2026-10-03T18:17:30
IPC_AS1_000993,AS1,L_A_0122,START,,,,,2026-10-03T18:18:00,ISO8601,2026-10-03T18:20:00
IPC_T1_000994,T1,L_A_0122,START,,,,,2026-10-03T18:20:30,ISO8601,2026-10-03T18:22:30
IPC_PK_000995,PK,L_A_0122,START,,,,,2026-10-03T18:23:00,ISO8601,2026-10-03T18:25:00
IPC_SHP_000996,SHP,L_A_0122,START,,,,,2026-10-03T18:25:30,ISO8601,2026-10-03T18:27:30
IPC_INB_000997,INB,L_B_0123,START,,,,,2026-10-03T10:48:00,ISO8601,2026-10-03T10:50:00
IPC_M1_000998,M1,L_B_0123,START,,,,3.0,2026-10-03T10:50:30,ISO8601,2026-10-03T10:52:30
IPC_HT_000999,HT,L_B_0123,START,,181.5,,,2026-10-03T10:53:00,ISO8601,2026-10-03T11:03:00
IPC_AS2_001000,AS2,L_B_0123,START,,,,,2026-10-03T11:09:24,ISO8601,2026-10-03T11:05:30
IPC_T1_001001,T1,L_B_0123,START,FMEA-M2-001,,,,2026-10-03T11:06:00,ISO8601,2026-10-03T11:08:00
IPC_PK_001002,PK,L_B_0123,START,,,,,2026-10-03T11:08:30,ISO8601,2026-10-03T11:10:30
IPC_SHP_001003,SHP,L_B_0123,START,,,,,2026-10-03T11:11:00,ISO8601,2026-10-03T11:13:00
IPC_INB_001004,INB,L_B_0124,START,,,,,2026-10-03T19:36:00,ISO8601,2026-10-03T19:38:00
IPC_M1_001005,M1,L_B_0124,START,,,,2.1,2026-10-03T19:38:30,ISO8601,2026-10-03T19:40:30
IPC_HT_001006,HT,L_B_0124,START,,183.2,,,2026-10-03T19:41:00,ISO8601,2026-10-03T19:51:00
IPC_AS2_001007,AS2,L_B_0124,START,,,,,2026-10-03T19:57:24,ISO8601,2026-10-03T19:53:30
IPC_T1_001008,T1,L_B_0124,START,,,,,2026-10-03T19:54:00,ISO8601,2026-10-03T19:56:00
IPC_PK_001009,PK,L_B_0124,START,,,,,2026-10-03T19:56:30,ISO8601,2026-10-03T19:58:30
IPC_SHP_001010,SHP,L_B_0124,START,,,,,2026-10-03T19:59:00,ISO8601,2026-10-03T20:01:00
IPC_INB_001011,INB,L_A_0125,START,,,,,2026-10-03T06:00:00,ISO8601,2026-10-03T06:02:00
IPC_M1_001012,M1,L_A_0125,START,,,,5.3,2026-10-03T06:02:30,ISO8601,2026-10-03T06:04:30
IPC_M2_001013,M2,L_A_0125,START,,175.5,43.3,,2026-10-03T06:01:08,ISO8601,2026-10-03T06:07:00
IPC_HT_001014,HT,L_A_0125,START,,184.4,,,2026-10-03T06:07:30,ISO8601,2026-10-03T06:17:30
IPC_AS1_001015,AS1,L_A_0125,START,,,,,2026-10-03T06:18:00,ISO8601,2026-10-03T06:20:00
IPC_T1_001016,T1,L_A_0125,START,,,,,2026-10-03T06:20:30,ISO8601,2026-10-03T06:22:30
IPC_PK_001017,PK,L_A_0125,START,,,,,2026-10-03T06:23:00,ISO8601,2026-10-03T06:25:00
IPC_SHP_001018,SHP,L_A_0125,START,,,,,2026-10-03T06:25:30,ISO8601,2026-10-03T06:27:30
IPC_INB_001019,INB,L_A_0126,START,,,,,2026-10-03T14:48:00,ISO8601,2026-10-03T14:50:00
IPC_M1_001020,M1,L_A_0126,START,FMEA-M2-001,,,2.8,2026-10-03T14:50:30,ISO8601,2026-10-03T14:52:30
IPC_M2_001021,M2,L_A_0126,START,,176.1,46.5,,2026-10-03T14:49:08,ISO8601,2026-10-03T14:55:00
IPC_HT_001022,HT,L_A_0126,START,,173.9,,,2026-10-03T14:55:30,ISO8601,2026-10-03T15:05:30
IPC_AS1_001023,AS1,L_A_0126,START,,,,,2026-10-03T15:06:00,ISO8601,2026-10-03T15:08:00
IPC_T1_001024,T1,L_A_0126,START,,,,,2026-10-03T15:08:30,ISO8601,2026-10-03T15:10:30
IPC_PK_001025,PK,L_A_0126,START,,,,,2026-10-03T15:11:00,ISO8601,2026-10-03T15:13:00
IPC_SHP_001026,SHP,L_A_0126,START,,,,,2026-10-03T15:13:30,ISO8601,2026-10-03T15:15:30
IPC_INB_001027,INB,L_B_0127,START,,,,,2026-10-03T07:36:00,ISO8601,2026-10-03T07:38:00
IPC_M1_001028,M1,L_B_0127,START,,,,4.5,2026-10-03T07:38:30,ISO8601,2026-10-03T07:40:30
IPC_HT_001029,HT,L_B_0127,START,,176.4,,,2026-10-03T07:41:00,ISO8601,2026-10-03T07:51:00
IPC_AS2_001030,AS2,L_B_0127,START,,,,,2026-10-03T07:57:24,ISO8601,2026-10-03T07:53:30
IPC_T1_001031,T1,L_B_0127,START,,,,,2026-10-03T07:54:00,ISO8601,2026-10-03T07:56:00
IPC_PK_001032,PK,L_B_0127,START,,,,,2026-10-03T07:56:30,ISO8601,2026-10-03T07:58:30
IPC_SHP_001033,SHP,L_B_0127,START,,,,,2026-10-03T07:59:00,ISO8601,2026-10-03T08:01:00
IPC_INB_001034,INB,L_B_0128,START,,,,,2026-10-03T16:24:00,ISO8601,2026-10-03T16:26:00
IPC_M1_001035,M1,L_B_0128,START,,,,1.8,2026-10-03T16:26:30,ISO8601,2026-10-03T16:28:30
IPC_HT_001036,HT,L_B_0128,START,,174.2,,,2026-10-03T16:29:00,ISO8601,2026-10-03T16:39:00
IPC_AS2_001037,AS2,L_B_0128,START,,,,,2026-10-03T16:45:24,ISO8601,2026-10-03T16:41:30
IPC_T1_001038,T1,L_B_0128,START,,,,,2026-10-03T16:42:00,ISO8601,2026-10-03T16:44:00
IPC_PK_001039,PK,L_B_0128,START,,,,,2026-10-03T16:44:30,ISO8601,2026-10-03T16:46:30
IPC_SHP_001040,SHP,L_B_0128,START,,,,,2026-10-03T16:47:00,ISO8601,2026-10-03T16:49:00
IPC_INB_001041,INB,L_A_0129,START,,,,,2026-10-03T09:12:00,ISO8601,2026-10-03T09:14:00
IPC_M1_001042,M1,L_A_0129,START,,,,4.1,2026-10-03T09:14:30,ISO8601,2026-10-03T09:16:30
IPC_M2_001043,M2,L_A_0129,START,,173.3,44.5,,2026-10-03T09:13:08,ISO8601,2026-10-03T09:19:00
IPC_HT_001044,HT,L_A_0129,START,,173.4,,,2026-10-03T09:19:30,ISO8601,2026-10-03T09:29:30
IPC_AS1_001045,AS1,L_A_0129,START,,,,,2026-10-03T09:30:00,ISO8601,2026-10-03T09:32:00
IPC_T1_001046,T1,L_A_0129,START,,,,,2026-10-03T09:32:30,ISO8601,2026-10-03T09:34:30
IPC_PK_001047,PK,L_A_0129,START,,,,,2026-10-03T09:35:00,ISO8601,2026-10-03T09:37:00
IPC_SHP_001048,SHP,L_A_0129,START,,,,,2026-10-03T09:37:30,ISO8601,2026-10-03T09:39:30
IPC_INB_001049,INB,L_A_0130,START,,,,,2026-10-03T18:00:00,ISO8601,2026-10-03T18:02:00
IPC_M1_001050,M1,L_A_0130,START,,,,2.7,2026-10-03T18:02:30,ISO8601,2026-10-03T18:04:30
IPC_M2_001051,M2,L_A_0130,START,,178.5,47.6,,2026-10-03T18:01:08,ISO8601,2026-10-03T18:07:00
IPC_HT_001052,HT,L_A_0130,START,,180.1,,,2026-10-03T18:07:30,ISO8601,2026-10-03T18:17:30
IPC_AS1_001053,AS1,L_A_0130,START,,,,,2026-10-03T18:18:00,ISO8601,2026-10-03T18:20:00
IPC_T1_001054,T1,L_A_0130,START,,,,,2026-10-03T18:20:30,ISO8601,2026-10-03T18:22:30
IPC_PK_001055,PK,L_A_0130,START,,,,,2026-10-03T18:23:00,ISO8601,2026-10-03T18:25:00
IPC_SHP_001056,SHP,L_A_0130,START,FMEA-M2-001,,,,2026-10-03T18:25:30,ISO8601,2026-10-03T18:27:30
IPC_INB_001057,INB,L_B_0131,START,,,,,2026-10-03T10:48:00,ISO8601,2026-10-03T10:50:00
IPC_M1_001058,M1,L_B_0131,START,,,,2.4,2026-10-03T10:50:30,ISO8601,2026-10-03T10:52:30
IPC_HT_001059,HT,L_B_0131,START,,177.1,,,2026-10-03T10:53:00,ISO8601,2026-10-03T11:03:00
IPC_AS2_001060,AS2,L_B_0131,START,,,,,2026-10-03T11:09:24,ISO8601,2026-10-03T11:05:30
IPC_T1_001061,T1,L_B_0131,START,,,,,2026-10-03T11:06:00,ISO8601,2026-10-03T11:08:00
IPC_PK_001062,PK,L_B_0131,START,,,,,2026-10-03T11:08:30,ISO8601,2026-10-03T11:10:30
IPC_SHP_001063,SHP,L_B_0131,START,,,,,2026-10-03T11:11:00,ISO8601,2026-10-03T11:13:00
IPC_INB_001064,INB,L_B_0132,START,,,,,2026-10-03T19:36:00,ISO8601,2026-10-03T19:38:00
IPC_M1_001065,M1,L_B_0132,START,,,,3.0,2026-10-03T19:38:30,ISO8601,2026-10-03T19:40:30
IPC_HT_001066,HT,L_B_0132,START,,179.1,,,2026-10-03T19:41:00,ISO8601,2026-10-03T19:51:00
IPC_AS2_001067,AS2,L_B_0132,START,,,,,2026-10-03T19:57:24,ISO8601,2026-10-03T19:53:30
IPC_T1_001068,T1,L_B_0132,START,,,,,2026-10-03T19:54:00,ISO8601,2026-10-03T19:56:00
IPC_PK_001069,PK,L_B_0132,START,FMEA-M2-001,,,,2026-10-03T19:56:30,ISO8601,2026-10-03T19:58:30
IPC_SHP_001070,SHP,L_B_0132,START,,,,,2026-10-03T19:59:00,ISO8601,2026-10-03T20:01:00
IPC_INB_001071,INB,L_A_0133,START,,,,,2026-10-03T06:00:00,ISO8601,2026-10-03T06:02:00
IPC_M1_001072,M1,L_A_0133,START,,,,2.3,2026-10-03T06:02:30,ISO8601,2026-10-03T06:04:30
IPC_M2_001073,M2,L_A_0133,START,,175.8,43.9,,2026-10-03T06:01:08,ISO8601,2026-10-03T06:07:00
IPC_HT_001074,HT,L_A_0133,START,,180.4,,,2026-10-03T06:07:30,ISO8601,2026-10-03T06:17:30
IPC_AS1_001075,AS1,L_A_0133,START,,,,,2026-10-03T06:18:00,ISO8601,2026-10-03T06:20:00
IPC_T1_001076,T1,L_A_0133,START,,,,,2026-10-03T06:20:30,ISO8601,2026-10-03T06:22:30
IPC_PK_001077,PK,L_A_0133,START,,,,,2026-10-03T06:23:00,ISO8601,2026-10-03T06:25:00
IPC_SHP_001078,SHP,L_A_0133,START,,,,,2026-10-03T06:25:30,ISO8601,2026-10-03T06:27:30
IPC_INB_001079,INB,L_A_0134,START,,,,,2026-10-03T14:48:00,ISO8601,2026-10-03T14:50:00
IPC_M1_001080,M1,L_A_0134,START,,,,1.0,2026-10-03T14:50:30,ISO8601,2026-10-03T14:52:30
IPC_M2_001081,M2,L_A_0134,START,,178.1,48.0,,2026-10-03T14:49:08,ISO8601,2026-10-03T14:55:00
IPC_HT_001082,HT,L_A_0134,START,,181.3,,,2026-10-03T14:55:30,ISO8601,2026-10-03T15:05:30
IPC_AS1_001083,AS1,L_A_0134,START,,,,,2026-10-03T15:06:00,ISO8601,2026-10-03T15:08:00
IPC_T1_001084,T1,L_A_0134,START,,,,,2026-10-03T15:08:30,ISO8601,2026-10-03T15:10:30
IPC_PK_001085,PK,L_A_0134,START,,,,,2026-10-03T15:11:00,ISO8601,2026-10-03T15:13:00
IPC_SHP_001086,SHP,L_A_0134,START,,,,,2026-10-03T15:13:30,ISO8601,2026-10-03T15:15:30
IPC_INB_001087,INB,L_B_0135,START,,,,,2026-10-03T07:36:00,ISO8601,2026-10-03T07:38:00
IPC_M1_001088,M1,L_B_0135,START,FMEA-M2-001,,,2.5,2026-10-03T07:38:30,ISO8601,2026-10-03T07:40:30
IPC_HT_001089,HT,L_B_0135,START,,181.9,,,2026-10-03T07:41:00,ISO8601,2026-10-03T07:51:00
IPC_AS2_001090,AS2,L_B_0135,START,,,,,2026-10-03T07:57:24,ISO8601,2026-10-03T07:53:30
IPC_T1_001091,T1,L_B_0135,START,,,,,2026-10-03T07:54:00,ISO8601,2026-10-03T07:56:00
IPC_PK_001092,PK,L_B_0135,START,,,,,2026-10-03T07:56:30,ISO8601,2026-10-03T07:58:30
IPC_SHP_001093,SHP,L_B_0135,START,,,,,2026-10-03T07:59:00,ISO8601,2026-10-03T08:01:00
IPC_INB_001094,INB,L_B_0136,START,,,,,2026-10-03T16:24:00,ISO8601,2026-10-03T16:26:00
IPC_M1_001095,M1,L_B_0136,START,,,,4.9,2026-10-03T16:26:30,ISO8601,2026-10-03T16:28:30
IPC_HT_001096,HT,L_B_0136,START,,179.7,,,2026-10-03T16:29:00,ISO8601,2026-10-03T16:39:00
IPC_AS2_001097,AS2,L_B_0136,START,,,,,2026-10-03T16:45:24,ISO8601,2026-10-03T16:41:30
IPC_T1_001098,T1,L_B_0136,START,,,,,2026-10-03T16:42:00,ISO8601,2026-10-03T16:44:00
IPC_PK_001099,PK,L_B_0136,START,,,,,2026-10-03T16:44:30,ISO8601,2026-10-03T16:46:30
IPC_SHP_001100,SHP,L_B_0136,START,,,,,2026-10-03T16:47:00,ISO8601,2026-10-03T16:49:00
IPC_INB_001101,INB,L_A_0137,START,,,,,2026-10-03T09:12:00,ISO8601,2026-10-03T09:14:00
IPC_M1_001102,M1,L_A_0137,START,FMEA-M2-001,,,3.4,2026-10-03T09:14:30,ISO8601,2026-10-03T09:16:30
IPC_M2_001103,M2,L_A_0137,START,,177.8,45.5,,2026-10-03T09:13:08,ISO8601,2026-10-03T09:19:00
IPC_HT_001104,HT,L_A_0137,START,,175.1,,,2026-10-03T09:19:30,ISO8601,2026-10-03T09:29:30
IPC_AS1_001105,AS1,L_A_0137,START,,,,,2026-10-03T09:30:00,ISO8601,2026-10-03T09:32:00
IPC_T1_001106,T1,L_A_0137,START,,,,,2026-10-03T09:32:30,ISO8601,2026-10-03T09:34:30
IPC_PK_001107,PK,L_A_0137,START,,,,,2026-10-03T09:35:00,ISO8601,2026-10-03T09:37:00
IPC_SHP_001108,SHP,L_A_0137,START,FMEA-M2-001,,,,2026-10-03T09:37:30,ISO8601,2026-10-03T09:39:30
IPC_INB_001109,INB,L_A_0138,START,,,,,2026-10-03T18:00:00,ISO8601,2026-10-03T18:02:00
IPC_M1_001110,M1,L_A_0138,START,,,,3.3,2026-10-03T18:02:30,ISO8601,2026-10-03T18:04:30
IPC_M2_001111,M2,L_A_0138,START,,182.5,43.9,,2026-10-03T18:01:08,ISO8601,2026-10-03T18:07:00
IPC_HT_001112,HT,L_A_0138,START,,176.8,,,2026-10-03T18:07:30,ISO8601,2026-10-03T18:17:30
IPC_AS1_001113,AS1,L_A_0138,START,,,,,2026-10-03T18:18:00,ISO8601,2026-10-03T18:20:00
IPC_T1_001114,T1,L_A_0138,START,,,,,2026-10-03T18:20:30,ISO8601,2026-10-03T18:22:30
IPC_PK_001115,PK,L_A_0138,START,,,,,2026-10-03T18:23:00,ISO8601,2026-10-03T18:25:00
IPC_SHP_001116,SHP,L_A_0138,START,,,,,2026-10-03T18:25:30,ISO8601,2026-10-03T18:27:30
IPC_INB_001117,INB,L_B_0139,START,,,,,2026-10-03T10:48:00,ISO8601,2026-10-03T10:50:00
IPC_M1_001118,M1,L_B_0139,START,,,,3.9,2026-10-03T10:50:30,ISO8601,2026-10-03T10:52:30
IPC_HT_001119,HT,L_B_0139,START,,181.6,,,2026-10-03T10:53:00,ISO8601,2026-10-03T11:03:00
IPC_AS2_001120,AS2,L_B_0139,START,,,,,2026-10-03T11:09:24,ISO8601,2026-10-03T11:05:30
IPC_T1_001121,T1,L_B_0139,START,,,,,2026-10-03T11:06:00,ISO8601,2026-10-03T11:08:00
IPC_PK_001122,PK,L_B_0139,START,,,,,2026-10-03T11:08:30,ISO8601,2026-10-03T11:10:30
IPC_SHP_001123,SHP,L_B_0139,START,,,,,2026-10-03T11:11:00,ISO8601,2026-10-03T11:13:00
IPC_INB_001124,INB,L_B_0140,START,,,,,2026-10-03T19:36:00,ISO8601,2026-10-03T19:38:00
IPC_M1_001125,M1,L_B_0140,START,,,,3.0,2026-10-03T19:38:30,ISO8601,2026-10-03T19:40:30
IPC_HT_001126,HT,L_B_0140,START,,174.5,,,2026-10-03T19:41:00,ISO8601,2026-10-03T19:51:00
IPC_AS2_001127,AS2,L_B_0140,START,,,,,2026-10-03T19:57:24,ISO8601,2026-10-03T19:53:30
IPC_T1_001128,T1,L_B_0140,START,,,,,2026-10-03T19:54:00,ISO8601,2026-10-03T19:56:00
IPC_PK_001129,PK,L_B_0140,START,,,,,2026-10-03T19:56:30,ISO8601,2026-10-03T19:58:30
IPC_SHP_001130,SHP,L_B_0140,START,FMEA-M2-001,,,,2026-10-03T19:59:00,ISO8601,2026-10-03T20:01:00
IPC_INB_001131,INB,L_A_0141,START,,,,,2026-10-03T06:00:00,ISO8601,2026-10-03T06:02:00
IPC_M1_001132,M1,L_A_0141,START,,,,3.9,2026-10-03T06:02:30,ISO8601,2026-10-03T06:04:30
IPC_M2_001133,M2,L_A_0141,START,,182.1,45.9,,2026-10-03T06:01:08,ISO8601,2026-10-03T06:07:00
IPC_HT_001134,HT,L_A_0141,START,,174.4,,,2026-10-03T06:07:30,ISO8601,2026-10-03T06:17:30
IPC_AS1_001135,AS1,L_A_0141,START,,,,,2026-10-03T06:18:00,ISO8601,2026-10-03T06:20:00
IPC_T1_001136,T1,L_A_0141,START,,,,,2026-10-03T06:20:30,ISO8601,2026-10-03T06:22:30
IPC_PK_001137,PK,L_A_0141,START,,,,,2026-10-03T06:23:00,ISO8601,2026-10-03T06:25:00
IPC_SHP_001138,SHP,L_A_0141,START,,,,,2026-10-03T06:25:30,ISO8601,2026-10-03T06:27:30
IPC_INB_001139,INB,L_A_0142,START,,,,,2026-10-03T14:48:00,ISO8601,2026-10-03T14:50:00
IPC_M1_001140,M1,L_A_0142,START,,,,4.3,2026-10-03T14:50:30,ISO8601,2026-10-03T14:52:30
IPC_M2_001141,M2,L_A_0142,START,,174.1,43.6,,2026-10-03T14:49:08,ISO8601,2026-10-03T14:55:00
IPC_HT_001142,HT,L_A_0142,START,,176.6,,,2026-10-03T14:55:30,ISO8601,2026-10-03T15:05:30
IPC_AS1_001143,AS1,L_A_0142,START,,,,,2026-10-03T15:06:00,ISO8601,2026-10-03T15:08:00
IPC_T1_001144,T1,L_A_0142,START,,,,,2026-10-03T15:08:30,ISO8601,2026-10-03T15:10:30
IPC_PK_001145,PK,L_A_0142,START,,,,,2026-10-03T15:11:00,ISO8601,2026-10-03T15:13:00
IPC_SHP_001146,SHP,L_A_0142,START,,,,,2026-10-03T15:13:30,ISO8601,2026-10-03T15:15:30
IPC_INB_001147,INB,L_B_0143,START,,,,,2026-10-03T07:36:00,ISO8601,2026-10-03T07:38:00
IPC_M1_001148,M1,L_B_0143,START,,,,4.0,2026-10-03T07:38:30,ISO8601,2026-10-03T07:40:30
IPC_HT_001149,HT,L_B_0143,START,,177.7,,,2026-10-03T07:41:00,ISO8601,2026-10-03T07:51:00
IPC_AS2_001150,AS2,L_B_0143,START,,,,,2026-10-03T07:57:24,ISO8601,2026-10-03T07:53:30
IPC_T1_001151,T1,L_B_0143,START,,,,,2026-10-03T07:54:00,ISO8601,2026-10-03T07:56:00
IPC_PK_001152,PK,L_B_0143,START,,,,,2026-10-03T07:56:30,ISO8601,2026-10-03T07:58:30
IPC_SHP_001153,SHP,L_B_0143,START,,,,,2026-10-03T07:59:00,ISO8601,2026-10-03T08:01:00
IPC_INB_001154,INB,L_B_0144,START,,,,,2026-10-03T16:24:00,ISO8601,2026-10-03T16:26:00
IPC_M1_001155,M1,L_B_0144,START,,,,3.4,2026-10-03T16:26:30,ISO8601,2026-10-03T16:28:30
IPC_HT_001156,HT,L_B_0144,START,,178.5,,,2026-10-03T16:29:00,ISO8601,2026-10-03T16:39:00
IPC_AS2_001157,AS2,L_B_0144,START,,,,,2026-10-03T16:45:24,ISO8601,2026-10-03T16:41:30
IPC_T1_001158,T1,L_B_0144,START,,,,,2026-10-03T16:42:00,ISO8601,2026-10-03T16:44:00
IPC_PK_001159,PK,L_B_0144,START,,,,,2026-10-03T16:44:30,ISO8601,2026-10-03T16:46:30
IPC_SHP_001160,SHP,L_B_0144,START,,,,,2026-10-03T16:47:00,ISO8601,2026-10-03T16:49:00
IPC_INB_001161,INB,L_A_0145,START,,,,,2026-10-03T09:12:00,ISO8601,2026-10-03T09:14:00
IPC_M1_001162,M1,L_A_0145,START,,,,4.5,2026-10-03T09:14:30,ISO8601,2026-10-03T09:16:30
IPC_M2_001163,M2,L_A_0145,START,,177.6,44.9,,2026-10-03T09:13:08,ISO8601,2026-10-03T09:19:00
IPC_HT_001164,HT,L_A_0145,START,,178.8,,,2026-10-03T09:19:30,ISO8601,2026-10-03T09:29:30
IPC_AS1_001165,AS1,L_A_0145,START,FMEA-M2-001,,,,2026-10-03T09:30:00,ISO8601,2026-10-03T09:32:00
IPC_T1_001166,T1,L_A_0145,START,,,,,2026-10-03T09:32:30,ISO8601,2026-10-03T09:34:30
IPC_PK_001167,PK,L_A_0145,START,,,,,2026-10-03T09:35:00,ISO8601,2026-10-03T09:37:00
IPC_SHP_001168,SHP,L_A_0145,START,,,,,2026-10-03T09:37:30,ISO8601,2026-10-03T09:39:30
IPC_INB_001169,INB,L_A_0146,START,FMEA-M2-001,,,,2026-10-04T06:00:00,ISO8601,2026-10-04T06:02:00
IPC_M1_001170,M1,L_A_0146,START,,,,2.7,2026-10-04T06:02:30,ISO8601,2026-10-04T06:04:30
IPC_M2_001171,M2,L_A_0146,START,,171.2,43.8,,2026-10-04T06:01:10,ISO8601,2026-10-04T06:07:00
IPC_HT_001172,HT,L_A_0146,START,,181.6,,,2026-10-04T06:07:30,ISO8601,2026-10-04T06:17:30
IPC_AS1_001173,AS1,L_A_0146,START,,,,,2026-10-04T06:18:00,ISO8601,2026-10-04T06:20:00
IPC_T1_001174,T1,L_A_0146,START,,,,,2026-10-04T06:20:30,ISO8601,2026-10-04T06:22:30
IPC_PK_001175,PK,L_A_0146,START,,,,,2026-10-04T06:23:00,ISO8601,2026-10-04T06:25:00
IPC_SHP_001176,SHP,L_A_0146,START,,,,,2026-10-04T06:25:30,ISO8601,2026-10-04T06:27:30
IPC_INB_001177,INB,L_B_0147,START,,,,,2026-10-04T14:48:00,ISO8601,2026-10-04T14:50:00
IPC_M1_001178,M1,L_B_0147,START,,,,3.7,2026-10-04T14:50:30,ISO8601,2026-10-04T14:52:30
IPC_HT_001179,HT,L_B_0147,START,,178.7,,,2026-10-04T14:53:00,ISO8601,2026-10-04T15:03:00
IPC_AS2_001180,AS2,L_B_0147,START,,,,,2026-10-04T15:09:22,ISO8601,2026-10-04T15:05:30
IPC_T1_001181,T1,L_B_0147,START,,,,,2026-10-04T15:06:00,ISO8601,2026-10-04T15:08:00
IPC_PK_001182,PK,L_B_0147,START,FMEA-M2-001,,,,2026-10-04T15:08:30,ISO8601,2026-10-04T15:10:30
IPC_SHP_001183,SHP,L_B_0147,START,,,,,2026-10-04T15:11:00,ISO8601,2026-10-04T15:13:00
IPC_INB_001184,INB,L_B_0148,START,,,,,2026-10-04T07:36:00,ISO8601,2026-10-04T07:38:00
IPC_M1_001185,M1,L_B_0148,START,,,,4.5,2026-10-04T07:38:30,ISO8601,2026-10-04T07:40:30
IPC_HT_001186,HT,L_B_0148,START,,177.8,,,2026-10-04T07:41:00,ISO8601,2026-10-04T07:51:00
IPC_AS2_001187,AS2,L_B_0148,START,,,,,2026-10-04T07:57:22,ISO8601,2026-10-04T07:53:30
IPC_T1_001188,T1,L_B_0148,START,,,,,2026-10-04T07:54:00,ISO8601,2026-10-04T07:56:00
IPC_PK_001189,PK,L_B_0148,START,,,,,2026-10-04T07:56:30,ISO8601,2026-10-04T07:58:30
IPC_SHP_001190,SHP,L_B_0148,START,,,,,2026-10-04T07:59:00,ISO8601,2026-10-04T08:01:00
IPC_INB_001191,INB,L_A_0149,START,,,,,2026-10-04T16:24:00,ISO8601,2026-10-04T16:26:00
IPC_M1_001192,M1,L_A_0149,START,,,,2.4,2026-10-04T16:26:30,ISO8601,2026-10-04T16:28:30
IPC_M2_001193,M2,L_A_0149,START,,179.1,45.5,,2026-10-04T16:25:10,ISO8601,2026-10-04T16:31:00
IPC_HT_001194,HT,L_A_0149,START,,175.3,,,2026-10-04T16:31:30,ISO8601,2026-10-04T16:41:30
IPC_AS1_001195,AS1,L_A_0149,START,,,,,2026-10-04T16:42:00,ISO8601,2026-10-04T16:44:00
IPC_T1_001196,T1,L_A_0149,START,,,,,2026-10-04T16:44:30,ISO8601,2026-10-04T16:46:30
IPC_PK_001197,PK,L_A_0149,START,,,,,2026-10-04T16:47:00,ISO8601,2026-10-04T16:49:00
IPC_SHP_001198,SHP,L_A_0149,START,,,,,2026-10-04T16:49:30,ISO8601,2026-10-04T16:51:30
IPC_INB_001199,INB,L_A_0150,START,,,,,2026-10-04T09:12:00,ISO8601,2026-10-04T09:14:00
IPC_M1_001200,M1,L_A_0150,START,,,,3.5,2026-10-04T09:14:30,ISO8601,2026-10-04T09:16:30
IPC_M2_001201,M2,L_A_0150,START,FMEA-M2-001,199.1,46.7,,2026-10-04T09:13:10,ISO8601,2026-10-04T09:19:00
IPC_HT_001202,HT,L_A_0150,START,,176.3,,,2026-10-04T09:19:30,ISO8601,2026-10-04T09:29:30
IPC_AS1_001203,AS1,L_A_0150,START,,,,,2026-10-04T09:30:00,ISO8601,2026-10-04T09:32:00
IPC_T1_001204,T1,L_A_0150,START,,,,,2026-10-04T09:32:30,ISO8601,2026-10-04T09:34:30
IPC_PK_001205,PK,L_A_0150,START,,,,,2026-10-04T09:35:00,ISO8601,2026-10-04T09:37:00
IPC_SHP_001206,SHP,L_A_0150,START,,,,,2026-10-04T09:37:30,ISO8601,2026-10-04T09:39:30
IPC_INB_001207,INB,L_B_0151,START,,,,,2026-10-04T18:00:00,ISO8601,2026-10-04T18:02:00
IPC_M1_001208,M1,L_B_0151,START,,,,4.4,2026-10-04T18:02:30,ISO8601,2026-10-04T18:04:30
IPC_HT_001209,HT,L_B_0151,START,,180.2,,,2026-10-04T18:05:00,ISO8601,2026-10-04T18:15:00
IPC_AS2_001210,AS2,L_B_0151,START,,,,,2026-10-04T18:21:22,ISO8601,2026-10-04T18:17:30
IPC_T1_001211,T1,L_B_0151,START,,,,,2026-10-04T18:18:00,ISO8601,2026-10-04T18:20:00
IPC_PK_001212,PK,L_B_0151,START,,,,,2026-10-04T18:20:30,ISO8601,2026-10-04T18:22:30
IPC_SHP_001213,SHP,L_B_0151,START,,,,,2026-10-04T18:23:00,ISO8601,2026-10-04T18:25:00
IPC_INB_001214,INB,L_B_0152,START,,,,,2026-10-04T10:48:00,ISO8601,2026-10-04T10:50:00
IPC_M1_001215,M1,L_B_0152,START,,,,3.9,2026-10-04T10:50:30,ISO8601,2026-10-04T10:52:30
IPC_HT_001216,HT,L_B_0152,START,,176.0,,,2026-10-04T10:53:00,ISO8601,2026-10-04T11:03:00
IPC_AS2_001217,AS2,L_B_0152,START,,,,,2026-10-04T11:09:22,ISO8601,2026-10-04T11:05:30
IPC_T1_001218,T1,L_B_0152,START,,,,,2026-10-04T11:06:00,ISO8601,2026-10-04T11:08:00
IPC_PK_001219,PK,L_B_0152,START,,,,,2026-10-04T11:08:30,ISO8601,2026-10-04T11:10:30
IPC_SHP_001220,SHP,L_B_0152,START,,,,,2026-10-04T11:11:00,ISO8601,2026-10-04T11:13:00
IPC_INB_001221,INB,L_A_0153,START,,,,,2026-10-04T19:36:00,ISO8601,2026-10-04T19:38:00
IPC_M1_001222,M1,L_A_0153,START,,,,1.6,2026-10-04T19:38:30,ISO8601,2026-10-04T19:40:30
IPC_M2_001223,M2,L_A_0153,START,,178.2,46.5,,2026-10-04T19:37:10,ISO8601,2026-10-04T19:43:00
IPC_HT_001224,HT,L_A_0153,START,,179.1,,,2026-10-04T19:43:30,ISO8601,2026-10-04T19:53:30
IPC_AS1_001225,AS1,L_A_0153,START,,,,,2026-10-04T19:54:00,ISO8601,2026-10-04T19:56:00
IPC_T1_001226,T1,L_A_0153,START,,,,,2026-10-04T19:56:30,ISO8601,2026-10-04T19:58:30
IPC_PK_001227,PK,L_A_0153,START,,,,,2026-10-04T19:59:00,ISO8601,2026-10-04T20:01:00
IPC_SHP_001228,SHP,L_A_0153,START,FMEA-M2-001,,,,2026-10-04T20:01:30,ISO8601,2026-10-04T20:03:30
IPC_INB_001229,INB,L_A_0154,START,,,,,2026-10-04T06:00:00,ISO8601,2026-10-04T06:02:00
IPC_M1_001230,M1,L_A_0154,START,,,,2.6,2026-10-04T06:02:30,ISO8601,2026-10-04T06:04:30
IPC_M2_001231,M2,L_A_0154,START,,176.1,42.4,,2026-10-04T06:01:10,ISO8601,2026-10-04T06:07:00
IPC_HT_001232,HT,L_A_0154,START,,181.2,,,2026-10-04T06:07:30,ISO8601,2026-10-04T06:17:30
IPC_AS1_001233,AS1,L_A_0154,START,,,,,2026-10-04T06:18:00,ISO8601,2026-10-04T06:20:00
IPC_T1_001234,T1,L_A_0154,START,,,,,2026-10-04T06:20:30,ISO8601,2026-10-04T06:22:30
IPC_PK_001235,PK,L_A_0154,START,,,,,2026-10-04T06:23:00,ISO8601,2026-10-04T06:25:00
IPC_SHP_001236,SHP,L_A_0154,START,,,,,2026-10-04T06:25:30,ISO8601,2026-10-04T06:27:30
IPC_INB_001237,INB,L_B_0155,START,,,,,2026-10-04T14:48:00,ISO8601,2026-10-04T14:50:00
IPC_M1_001238,M1,L_B_0155,START,,,,3.7,2026-10-04T14:50:30,ISO8601,2026-10-04T14:52:30
IPC_HT_001239,HT,L_B_0155,START,,178.7,,,2026-10-04T14:53:00,ISO8601,2026-10-04T15:03:00
IPC_AS2_001240,AS2,L_B_0155,START,FMEA-M2-001,,,,2026-10-04T15:09:22,ISO8601,2026-10-04T15:05:30
IPC_T1_001241,T1,L_B_0155,START,,,,,2026-10-04T15:06:00,ISO8601,2026-10-04T15:08:00
IPC_PK_001242,PK,L_B_0155,START,,,,,2026-10-04T15:08:30,ISO8601,2026-10-04T15:10:30
IPC_SHP_001243,SHP,L_B_0155,START,,,,,2026-10-04T15:11:00,ISO8601,2026-10-04T15:13:00
IPC_INB_001244,INB,L_B_0156,START,,,,,2026-10-04T07:36:00,ISO8601,2026-10-04T07:38:00
IPC_M1_001245,M1,L_B_0156,START,,,,2.7,2026-10-04T07:38:30,ISO8601,2026-10-04T07:40:30
IPC_HT_001246,HT,L_B_0156,START,,171.7,,,2026-10-04T07:41:00,ISO8601,2026-10-04T07:51:00
IPC_AS2_001247,AS2,L_B_0156,START,,,,,2026-10-04T07:57:22,ISO8601,2026-10-04T07:53:30
IPC_T1_001248,T1,L_B_0156,START,,,,,2026-10-04T07:54:00,ISO8601,2026-10-04T07:56:00
IPC_PK_001249,PK,L_B_0156,START,,,,,2026-10-04T07:56:30,ISO8601,2026-10-04T07:58:30
IPC_SHP_001250,SHP,L_B_0156,START,,,,,2026-10-04T07:59:00,ISO8601,2026-10-04T08:01:00
IPC_INB_001251,INB,L_A_0157,START,,,,,2026-10-04T16:24:00,ISO8601,2026-10-04T16:26:00
IPC_M1_001252,M1,L_A_0157,START,FMEA-M2-001,,,3.1,2026-10-04T16:26:30,ISO8601,2026-10-04T16:28:30
IPC_M2_001253,M2,L_A_0157,START,,176.8,47.0,,2026-10-04T16:25:10,ISO8601,2026-10-04T16:31:00
IPC_HT_001254,HT,L_A_0157,START,,177.2,,,2026-10-04T16:31:30,ISO8601,2026-10-04T16:41:30
IPC_AS1_001255,AS1,L_A_0157,START,,,,,2026-10-04T16:42:00,ISO8601,2026-10-04T16:44:00
IPC_T1_001256,T1,L_A_0157,START,,,,,2026-10-04T16:44:30,ISO8601,2026-10-04T16:46:30
IPC_PK_001257,PK,L_A_0157,START,,,,,2026-10-04T16:47:00,ISO8601,2026-10-04T16:49:00
IPC_SHP_001258,SHP,L_A_0157,START,,,,,2026-10-04T16:49:30,ISO8601,2026-10-04T16:51:30
IPC_INB_001259,INB,L_A_0158,START,,,,,2026-10-04T09:12:00,ISO8601,2026-10-04T09:14:00
IPC_M1_001260,M1,L_A_0158,START,,,,5.1,2026-10-04T09:14:30,ISO8601,2026-10-04T09:16:30
IPC_M2_001261,M2,L_A_0158,START,FMEA-M2-001,182.7,43.4,,2026-10-04T09:13:10,ISO8601,2026-10-04T09:19:00
IPC_HT_001262,HT,L_A_0158,START,,178.0,,,2026-10-04T09:19:30,ISO8601,2026-10-04T09:29:30
IPC_AS1_001263,AS1,L_A_0158,START,,,,,2026-10-04T09:30:00,ISO8601,2026-10-04T09:32:00
IPC_T1_001264,T1,L_A_0158,START,,,,,2026-10-04T09:32:30,ISO8601,2026-10-04T09:34:30
IPC_PK_001265,PK,L_A_0158,START,,,,,2026-10-04T09:35:00,ISO8601,2026-10-04T09:37:00
IPC_SHP_001266,SHP,L_A_0158,START,,,,,2026-10-04T09:37:30,ISO8601,2026-10-04T09:39:30
IPC_INB_001267,INB,L_B_0159,START,,,,,2026-10-04T18:00:00,ISO8601,2026-10-04T18:02:00
IPC_M1_001268,M1,L_B_0159,START,,,,3.1,2026-10-04T18:02:30,ISO8601,2026-10-04T18:04:30
IPC_HT_001269,HT,L_B_0159,START,,175.3,,,2026-10-04T18:05:00,ISO8601,2026-10-04T18:15:00
IPC_AS2_001270,AS2,L_B_0159,START,,,,,2026-10-04T18:21:22,ISO8601,2026-10-04T18:17:30
IPC_T1_001271,T1,L_B_0159,START,,,,,2026-10-04T18:18:00,ISO8601,2026-10-04T18:20:00
IPC_PK_001272,PK,L_B_0159,START,,,,,2026-10-04T18:20:30,ISO8601,2026-10-04T18:22:30
IPC_SHP_001273,SHP,L_B_0159,START,,,,,2026-10-04T18:23:00,ISO8601,2026-10-04T18:25:00
IPC_INB_001274,INB,L_B_0160,START,,,,,2026-10-04T10:48:00,ISO8601,2026-10-04T10:50:00
IPC_M1_001275,M1,L_B_0160,START,,,,2.5,2026-10-04T10:50:30,ISO8601,2026-10-04T10:52:30
IPC_HT_001276,HT,L_B_0160,START,,183.6,,,2026-10-04T10:53:00,ISO8601,2026-10-04T11:03:00
IPC_AS2_001277,AS2,L_B_0160,START,,,,,2026-10-04T11:09:22,ISO8601,2026-10-04T11:05:30
IPC_T1_001278,T1,L_B_0160,START,,,,,2026-10-04T11:06:00,ISO8601,2026-10-04T11:08:00
IPC_PK_001279,PK,L_B_0160,START,,,,,2026-10-04T11:08:30,ISO8601,2026-10-04T11:10:30
IPC_SHP_001280,SHP,L_B_0160,START,,,,,2026-10-04T11:11:00,ISO8601,2026-10-04T11:13:00
IPC_INB_001281,INB,L_A_0161,START,,,,,2026-10-04T19:36:00,ISO8601,2026-10-04T19:38:00
IPC_M1_001282,M1,L_A_0161,START,,,,2.2,2026-10-04T19:38:30,ISO8601,2026-10-04T19:40:30
IPC_M2_001283,M2,L_A_0161,START,,179.0,45.3,,2026-10-04T19:37:10,ISO8601,2026-10-04T19:43:00
IPC_HT_001284,HT,L_A_0161,START,,172.7,,,2026-10-04T19:43:30,ISO8601,2026-10-04T19:53:30
IPC_AS1_001285,AS1,L_A_0161,START,,,,,2026-10-04T19:54:00,ISO8601,2026-10-04T19:56:00
IPC_T1_001286,T1,L_A_0161,START,,,,,2026-10-04T19:56:30,ISO8601,2026-10-04T19:58:30
IPC_PK_001287,PK,L_A_0161,START,,,,,2026-10-04T19:59:00,ISO8601,2026-10-04T20:01:00
IPC_SHP_001288,SHP,L_A_0161,START,,,,,2026-10-04T20:01:30,ISO8601,2026-10-04T20:03:30
IPC_INB_001289,INB,L_A_0162,START,,,,,2026-10-04T06:00:00,ISO8601,2026-10-04T06:02:00
IPC_M1_001290,M1,L_A_0162,START,,,,3.3,2026-10-04T06:02:30,ISO8601,2026-10-04T06:04:30
IPC_M2_001291,M2,L_A_0162,START,,182.2,44.9,,2026-10-04T06:01:10,ISO8601,2026-10-04T06:07:00
IPC_HT_001292,HT,L_A_0162,START,,183.3,,,2026-10-04T06:07:30,ISO8601,2026-10-04T06:17:30
IPC_AS1_001293,AS1,L_A_0162,START,,,,,2026-10-04T06:18:00,ISO8601,2026-10-04T06:20:00
IPC_T1_001294,T1,L_A_0162,START,,,,,2026-10-04T06:20:30,ISO8601,2026-10-04T06:22:30
IPC_PK_001295,PK,L_A_0162,START,,,,,2026-10-04T06:23:00,ISO8601,2026-10-04T06:25:00
IPC_SHP_001296,SHP,L_A_0162,START,,,,,2026-10-04T06:25:30,ISO8601,2026-10-04T06:27:30
IPC_INB_001297,INB,L_B_0163,START,,,,,2026-10-04T14:48:00,ISO8601,2026-10-04T14:50:00
IPC_M1_001298,M1,L_B_0163,START,,,,3.9,2026-10-04T14:50:30,ISO8601,2026-10-04T14:52:30
IPC_HT_001299,HT,L_B_0163,START,,178.4,,,2026-10-04T14:53:00,ISO8601,2026-10-04T15:03:00
IPC_AS2_001300,AS2,L_B_0163,START,,,,,2026-10-04T15:09:22,ISO8601,2026-10-04T15:05:30
IPC_T1_001301,T1,L_B_0163,START,,,,,2026-10-04T15:06:00,ISO8601,2026-10-04T15:08:00
IPC_PK_001302,PK,L_B_0163,START,,,,,2026-10-04T15:08:30,ISO8601,2026-10-04T15:10:30
IPC_SHP_001303,SHP,L_B_0163,START,,,,,2026-10-04T15:11:00,ISO8601,2026-10-04T15:13:00
IPC_INB_001304,INB,L_B_0164,START,,,,,2026-10-04T07:36:00,ISO8601,2026-10-04T07:38:00
IPC_M1_001305,M1,L_B_0164,START,,,,4.4,2026-10-04T07:38:30,ISO8601,2026-10-04T07:40:30
IPC_HT_001306,HT,L_B_0164,START,,175.6,,,2026-10-04T07:41:00,ISO8601,2026-10-04T07:51:00
IPC_AS2_001307,AS2,L_B_0164,START,,,,,2026-10-04T07:57:22,ISO8601,2026-10-04T07:53:30
IPC_T1_001308,T1,L_B_0164,START,,,,,2026-10-04T07:54:00,ISO8601,2026-10-04T07:56:00
IPC_PK_001309,PK,L_B_0164,START,,,,,2026-10-04T07:56:30,ISO8601,2026-10-04T07:58:30
IPC_SHP_001310,SHP,L_B_0164,START,FMEA-M2-001,,,,2026-10-04T07:59:00,ISO8601,2026-10-04T08:01:00
IPC_INB_001311,INB,L_A_0165,START,,,,,2026-10-04T16:24:00,ISO8601,2026-10-04T16:26:00
IPC_M1_001312,M1,L_A_0165,START,,,,1.1,2026-10-04T16:26:30,ISO8601,2026-10-04T16:28:30
IPC_M2_001313,M2,L_A_0165,START,,180.7,45.5,,2026-10-04T16:25:10,ISO8601,2026-10-04T16:31:00
IPC_HT_001314,HT,L_A_0165,START,,178.3,,,2026-10-04T16:31:30,ISO8601,2026-10-04T16:41:30
IPC_AS1_001315,AS1,L_A_0165,START,,,,,2026-10-04T16:42:00,ISO8601,2026-10-04T16:44:00
IPC_T1_001316,T1,L_A_0165,START,,,,,2026-10-04T16:44:30,ISO8601,2026-10-04T16:46:30
IPC_PK_001317,PK,L_A_0165,START,,,,,2026-10-04T16:47:00,ISO8601,2026-10-04T16:49:00
IPC_SHP_001318,SHP,L_A_0165,START,,,,,2026-10-04T16:49:30,ISO8601,2026-10-04T16:51:30
IPC_INB_001319,INB,L_A_0166,START,,,,,2026-10-04T09:12:00,ISO8601,2026-10-04T09:14:00
IPC_M1_001320,M1,L_A_0166,START,,,,4.3,2026-10-04T09:14:30,ISO8601,2026-10-04T09:16:30
IPC_M2_001321,M2,L_A_0166,START,,174.2,42.3,,2026-10-04T09:13:10,ISO8601,2026-10-04T09:19:00
IPC_HT_001322,HT,L_A_0166,START,,185.2,,,2026-10-04T09:19:30,ISO8601,2026-10-04T09:29:30
IPC_AS1_001323,AS1,L_A_0166,START,,,,,2026-10-04T09:30:00,ISO8601,2026-10-04T09:32:00
IPC_T1_001324,T1,L_A_0166,START,,,,,2026-10-04T09:32:30,ISO8601,2026-10-04T09:34:30
IPC_PK_001325,PK,L_A_0166,START,,,,,2026-10-04T09:35:00,ISO8601,2026-10-04T09:37:00
IPC_SHP_001326,SHP,L_A_0166,START,,,,,2026-10-04T09:37:30,ISO8601,2026-10-04T09:39:30
IPC_INB_001327,INB,L_B_0167,START,,,,,2026-10-04T18:00:00,ISO8601,2026-10-04T18:02:00
IPC_M1_001328,M1,L_B_0167,START,,,,3.7,2026-10-04T18:02:30,ISO8601,2026-10-04T18:04:30
IPC_HT_001329,HT,L_B_0167,START,,181.4,,,2026-10-04T18:05:00,ISO8601,2026-10-04T18:15:00
IPC_AS2_001330,AS2,L_B_0167,START,,,,,2026-10-04T18:21:22,ISO8601,2026-10-04T18:17:30
IPC_T1_001331,T1,L_B_0167,START,,,,,2026-10-04T18:18:00,ISO8601,2026-10-04T18:20:00
IPC_PK_001332,PK,L_B_0167,START,,,,,2026-10-04T18:20:30,ISO8601,2026-10-04T18:22:30
IPC_SHP_001333,SHP,L_B_0167,START,,,,,2026-10-04T18:23:00,ISO8601,2026-10-04T18:25:00
IPC_INB_001334,INB,L_B_0168,START,,,,,2026-10-04T10:48:00,ISO8601,2026-10-04T10:50:00
IPC_M1_001335,M1,L_B_0168,START,,,,3.4,2026-10-04T10:50:30,ISO8601,2026-10-04T10:52:30
IPC_HT_001336,HT,L_B_0168,START,,175.5,,,2026-10-04T10:53:00,ISO8601,2026-10-04T11:03:00
IPC_AS2_001337,AS2,L_B_0168,START,,,,,2026-10-04T11:09:22,ISO8601,2026-10-04T11:05:30
IPC_T1_001338,T1,L_B_0168,START,,,,,2026-10-04T11:06:00,ISO8601,2026-10-04T11:08:00
IPC_PK_001339,PK,L_B_0168,START,,,,,2026-10-04T11:08:30,ISO8601,2026-10-04T11:10:30
IPC_SHP_001340,SHP,L_B_0168,START,,,,,2026-10-04T11:11:00,ISO8601,2026-10-04T11:13:00
IPC_INB_001341,INB,L_A_0169,START,,,,,2026-10-04T19:36:00,ISO8601,2026-10-04T19:38:00
IPC_M1_001342,M1,L_A_0169,START,,,,4.1,2026-10-04T19:38:30,ISO8601,2026-10-04T19:40:30
IPC_M2_001343,M2,L_A_0169,START,,184.2,47.8,,2026-10-04T19:37:10,ISO8601,2026-10-04T19:43:00
IPC_HT_001344,HT,L_A_0169,START,,178.2,,,2026-10-04T19:43:30,ISO8601,2026-10-04T19:53:30
IPC_AS1_001345,AS1,L_A_0169,START,,,,,2026-10-04T19:54:00,ISO8601,2026-10-04T19:56:00
IPC_T1_001346,T1,L_A_0169,START,,,,,2026-10-04T19:56:30,ISO8601,2026-10-04T19:58:30
IPC_PK_001347,PK,L_A_0169,START,,,,,2026-10-04T19:59:00,ISO8601,2026-10-04T20:01:00
IPC_SHP_001348,SHP,L_A_0169,START,,,,,2026-10-04T20:01:30,ISO8601,2026-10-04T20:03:30
IPC_INB_001349,INB,L_A_0170,START,,,,,2026-10-04T06:00:00,ISO8601,2026-10-04T06:02:00
IPC_M1_001350,M1,L_A_0170,START,,,,3.6,2026-10-04T06:02:30,ISO8601,2026-10-04T06:04:30
IPC_M2_001351,M2,L_A_0170,START,,182.9,44.3,,2026-10-04T06:01:10,ISO8601,2026-10-04T06:07:00
IPC_HT_001352,HT,L_A_0170,START,,179.5,,,2026-10-04T06:07:30,ISO8601,2026-10-04T06:17:30
IPC_AS1_001353,AS1,L_A_0170,START,,,,,2026-10-04T06:18:00,ISO8601,2026-10-04T06:20:00
IPC_T1_001354,T1,L_A_0170,START,,,,,2026-10-04T06:20:30,ISO8601,2026-10-04T06:22:30
IPC_PK_001355,PK,L_A_0170,START,FMEA-M2-001,,,,2026-10-04T06:23:00,ISO8601,2026-10-04T06:25:00
IPC_SHP_001356,SHP,L_A_0170,START,,,,,2026-10-04T06:25:30,ISO8601,2026-10-04T06:27:30
IPC_INB_001357,INB,L_B_0171,START,,,,,2026-10-04T14:48:00,ISO8601,2026-10-04T14:50:00
IPC_M1_001358,M1,L_B_0171,START,,,,4.8,2026-10-04T14:50:30,ISO8601,2026-10-04T14:52:30
IPC_HT_001359,HT,L_B_0171,START,,176.6,,,2026-10-04T14:53:00,ISO8601,2026-10-04T15:03:00
IPC_AS2_001360,AS2,L_B_0171,START,,,,,2026-10-04T15:09:22,ISO8601,2026-10-04T15:05:30
IPC_T1_001361,T1,L_B_0171,START,,,,,2026-10-04T15:06:00,ISO8601,2026-10-04T15:08:00
IPC_PK_001362,PK,L_B_0171,START,,,,,2026-10-04T15:08:30,ISO8601,2026-10-04T15:10:30
IPC_SHP_001363,SHP,L_B_0171,START,,,,,2026-10-04T15:11:00,ISO8601,2026-10-04T15:13:00
IPC_INB_001364,INB,L_B_0172,START,,,,,2026-10-04T07:36:00,ISO8601,2026-10-04T07:38:00
IPC_M1_001365,M1,L_B_0172,START,,,,3.2,2026-10-04T07:38:30,ISO8601,2026-10-04T07:40:30
IPC_HT_001366,HT,L_B_0172,START,,175.8,,,2026-10-04T07:41:00,ISO8601,2026-10-04T07:51:00
IPC_AS2_001367,AS2,L_B_0172,START,,,,,2026-10-04T07:57:22,ISO8601,2026-10-04T07:53:30
IPC_T1_001368,T1,L_B_0172,START,,,,,2026-10-04T07:54:00,ISO8601,2026-10-04T07:56:00
IPC_PK_001369,PK,L_B_0172,START,,,,,2026-10-04T07:56:30,ISO8601,2026-10-04T07:58:30
IPC_SHP_001370,SHP,L_B_0172,START,,,,,2026-10-04T07:59:00,ISO8601,2026-10-04T08:01:00
IPC_INB_001371,INB,L_A_0173,START,,,,,2026-10-04T16:24:00,ISO8601,2026-10-04T16:26:00
IPC_M1_001372,M1,L_A_0173,START,,,,5.5,2026-10-04T16:26:30,ISO8601,2026-10-04T16:28:30
IPC_M2_001373,M2,L_A_0173,START,,172.5,41.9,,2026-10-04T16:25:10,ISO8601,2026-10-04T16:31:00
IPC_HT_001374,HT,L_A_0173,START,,181.9,,,2026-10-04T16:31:30,ISO8601,2026-10-04T16:41:30
IPC_AS1_001375,AS1,L_A_0173,START,,,,,2026-10-04T16:42:00,ISO8601,2026-10-04T16:44:00
IPC_T1_001376,T1,L_A_0173,START,,,,,2026-10-04T16:44:30,ISO8601,2026-10-04T16:46:30
IPC_PK_001377,PK,L_A_0173,START,,,,,2026-10-04T16:47:00,ISO8601,2026-10-04T16:49:00
IPC_SHP_001378,SHP,L_A_0173,START,FMEA-M2-001,,,,2026-10-04T16:49:30,ISO8601,2026-10-04T16:51:30
IPC_INB_001379,INB,L_A_0174,START,,,,,2026-10-04T09:12:00,ISO8601,2026-10-04T09:14:00
IPC_M1_001380,M1,L_A_0174,START,,,,4.5,2026-10-04T09:14:30,ISO8601,2026-10-04T09:16:30
IPC_M2_001381,M2,L_A_0174,START,,176.1,43.3,,2026-10-04T09:13:10,ISO8601,2026-10-04T09:19:00
IPC_HT_001382,HT,L_A_0174,START,,181.4,,,2026-10-04T09:19:30,ISO8601,2026-10-04T09:29:30
IPC_AS1_001383,AS1,L_A_0174,START,,,,,2026-10-04T09:30:00,ISO8601,2026-10-04T09:32:00
IPC_T1_001384,T1,L_A_0174,START,,,,,2026-10-04T09:32:30,ISO8601,2026-10-04T09:34:30
IPC_PK_001385,PK,L_A_0174,START,,,,,2026-10-04T09:35:00,ISO8601,2026-10-04T09:37:00
IPC_SHP_001386,SHP,L_A_0174,START,,,,,2026-10-04T09:37:30,ISO8601,2026-10-04T09:39:30
IPC_INB_001387,INB,L_B_0175,START,,,,,2026-10-05T06:00:00,ISO8601,2026-10-05T06:02:00
IPC_M1_001388,M1,L_B_0175,START,,,,2.6,2026-10-05T06:02:30,ISO8601,2026-10-05T06:04:30
IPC_HT_001389,HT,L_B_0175,START,,179.1,,,2026-10-05T06:05:00,ISO8601,2026-10-05T06:15:00
IPC_AS2_001390,AS2,L_B_0175,START,,,,,2026-10-05T06:21:21,ISO8601,2026-10-05T06:17:30
IPC_T1_001391,T1,L_B_0175,START,FMEA-M2-001,,,,2026-10-05T06:18:00,ISO8601,2026-10-05T06:20:00
IPC_PK_001392,PK,L_B_0175,START,,,,,2026-10-05T06:20:30,ISO8601,2026-10-05T06:22:30
IPC_SHP_001393,SHP,L_B_0175,START,,,,,2026-10-05T06:23:00,ISO8601,2026-10-05T06:25:00
IPC_INB_001394,INB,L_B_0176,START,,,,,2026-10-05T14:48:00,ISO8601,2026-10-05T14:50:00
IPC_M1_001395,M1,L_B_0176,START,,,,4.0,2026-10-05T14:50:30,ISO8601,2026-10-05T14:52:30
IPC_HT_001396,HT,L_B_0176,START,,177.3,,,2026-10-05T14:53:00,ISO8601,2026-10-05T15:03:00
IPC_AS2_001397,AS2,L_B_0176,START,,,,,2026-10-05T15:09:21,ISO8601,2026-10-05T15:05:30
IPC_T1_001398,T1,L_B_0176,START,,,,,2026-10-05T15:06:00,ISO8601,2026-10-05T15:08:00
IPC_PK_001399,PK,L_B_0176,START,,,,,2026-10-05T15:08:30,ISO8601,2026-10-05T15:10:30
IPC_SHP_001400,SHP,L_B_0176,START,,,,,2026-10-05T15:11:00,ISO8601,2026-10-05T15:13:00
IPC_INB_001401,INB,L_A_0177,START,,,,,2026-10-05T07:36:00,ISO8601,2026-10-05T07:38:00
IPC_M1_001402,M1,L_A_0177,START,,,,3.6,2026-10-05T07:38:30,ISO8601,2026-10-05T07:40:30
IPC_M2_001403,M2,L_A_0177,START,,178.3,44.1,,2026-10-05T07:37:12,ISO8601,2026-10-05T07:43:00
IPC_HT_001404,HT,L_A_0177,START,,177.1,,,2026-10-05T07:43:30,ISO8601,2026-10-05T07:53:30
IPC_AS1_001405,AS1,L_A_0177,START,,,,,2026-10-05T07:54:00,ISO8601,2026-10-05T07:56:00
IPC_T1_001406,T1,L_A_0177,START,,,,,2026-10-05T07:56:30,ISO8601,2026-10-05T07:58:30
IPC_PK_001407,PK,L_A_0177,START,,,,,2026-10-05T07:59:00,ISO8601,2026-10-05T08:01:00
IPC_SHP_001408,SHP,L_A_0177,START,,,,,2026-10-05T08:01:30,ISO8601,2026-10-05T08:03:30
IPC_INB_001409,INB,L_A_0178,START,,,,,2026-10-05T16:24:00,ISO8601,2026-10-05T16:26:00
IPC_M1_001410,M1,L_A_0178,START,,,,5.4,2026-10-05T16:26:30,ISO8601,2026-10-05T16:28:30
IPC_M2_001411,M2,L_A_0178,START,,173.1,45.9,,2026-10-05T16:25:12,ISO8601,2026-10-05T16:31:00
IPC_HT_001412,HT,L_A_0178,START,,179.1,,,2026-10-05T16:31:30,ISO8601,2026-10-05T16:41:30
IPC_AS1_001413,AS1,L_A_0178,START,FMEA-M2-001,,,,2026-10-05T16:42:00,ISO8601,2026-10-05T16:44:00
IPC_T1_001414,T1,L_A_0178,START,,,,,2026-10-05T16:44:30,ISO8601,2026-10-05T16:46:30
IPC_PK_001415,PK,L_A_0178,START,,,,,2026-10-05T16:47:00,ISO8601,2026-10-05T16:49:00
IPC_SHP_001416,SHP,L_A_0178,START,,,,,2026-10-05T16:49:30,ISO8601,2026-10-05T16:51:30
IPC_INB_001417,INB,L_B_0179,START,,,,,2026-10-05T09:12:00,ISO8601,2026-10-05T09:14:00
IPC_M1_001418,M1,L_B_0179,START,,,,3.1,2026-10-05T09:14:30,ISO8601,2026-10-05T09:16:30
IPC_HT_001419,HT,L_B_0179,START,,179.6,,,2026-10-05T09:17:00,ISO8601,2026-10-05T09:27:00
IPC_AS2_001420,AS2,L_B_0179,START,,,,,2026-10-05T09:33:21,ISO8601,2026-10-05T09:29:30
IPC_T1_001421,T1,L_B_0179,START,,,,,2026-10-05T09:30:00,ISO8601,2026-10-05T09:32:00
IPC_PK_001422,PK,L_B_0179,START,,,,,2026-10-05T09:32:30,ISO8601,2026-10-05T09:34:30
IPC_SHP_001423,SHP,L_B_0179,START,,,,,2026-10-05T09:35:00,ISO8601,2026-10-05T09:37:00
IPC_INB_001424,INB,L_B_0180,START,,,,,2026-10-05T18:00:00,ISO8601,2026-10-05T18:02:00
IPC_M1_001425,M1,L_B_0180,START,,,,4.0,2026-10-05T18:02:30,ISO8601,2026-10-05T18:04:30
IPC_HT_001426,HT,L_B_0180,START,,178.5,,,2026-10-05T18:05:00,ISO8601,2026-10-05T18:15:00
IPC_AS2_001427,AS2,L_B_0180,START,,,,,2026-10-05T18:21:21,ISO8601,2026-10-05T18:17:30
IPC_T1_001428,T1,L_B_0180,START,,,,,2026-10-05T18:18:00,ISO8601,2026-10-05T18:20:00
IPC_PK_001429,PK,L_B_0180,START,,,,,2026-10-05T18:20:30,ISO8601,2026-10-05T18:22:30
IPC_SHP_001430,SHP,L_B_0180,START,,,,,2026-10-05T18:23:00,ISO8601,2026-10-05T18:25:00
IPC_INB_001431,INB,L_A_0181,START,,,,,2026-10-05T10:48:00,ISO8601,2026-10-05T10:50:00
IPC_M1_001432,M1,L_A_0181,START,,,,2.5,2026-10-05T10:50:30,ISO8601,2026-10-05T10:52:30
IPC_M2_001433,M2,L_A_0181,START,,178.5,47.2,,2026-10-05T10:49:12,ISO8601,2026-10-05T10:55:00
IPC_HT_001434,HT,L_A_0181,START,,177.6,,,2026-10-05T10:55:30,ISO8601,2026-10-05T11:05:30
IPC_AS1_001435,AS1,L_A_0181,START,,,,,2026-10-05T11:06:00,ISO8601,2026-10-05T11:08:00
IPC_T1_001436,T1,L_A_0181,START,,,,,2026-10-05T11:08:30,ISO8601,2026-10-05T11:10:30
IPC_PK_001437,PK,L_A_0181,START,,,,,2026-10-05T11:11:00,ISO8601,2026-10-05T11:13:00
IPC_SHP_001438,SHP,L_A_0181,START,,,,,2026-10-05T11:13:30,ISO8601,2026-10-05T11:15:30
IPC_INB_001439,INB,L_A_0182,START,,,,,2026-10-05T19:36:00,ISO8601,2026-10-05T19:38:00
IPC_M1_001440,M1,L_A_0182,START,,,,3.3,2026-10-05T19:38:30,ISO8601,2026-10-05T19:40:30
IPC_M2_001441,M2,L_A_0182,START,,179.3,46.0,,2026-10-05T19:37:12,ISO8601,2026-10-05T19:43:00
IPC_HT_001442,HT,L_A_0182,START,,177.2,,,2026-10-05T19:43:30,ISO8601,2026-10-05T19:53:30
IPC_AS1_001443,AS1,L_A_0182,START,,,,,2026-10-05T19:54:00,ISO8601,2026-10-05T19:56:00
IPC_T1_001444,T1,L_A_0182,START,FMEA-M2-001,,,,2026-10-05T19:56:30,ISO8601,2026-10-05T19:58:30
IPC_PK_001445,PK,L_A_0182,START,,,,,2026-10-05T19:59:00,ISO8601,2026-10-05T20:01:00
IPC_SHP_001446,SHP,L_A_0182,START,,,,,2026-10-05T20:01:30,ISO8601,2026-10-05T20:03:30
IPC_INB_001447,INB,L_B_0183,START,,,,,2026-10-05T06:00:00,ISO8601,2026-10-05T06:02:00
IPC_M1_001448,M1,L_B_0183,START,,,,2.7,2026-10-05T06:02:30,ISO8601,2026-10-05T06:04:30
IPC_HT_001449,HT,L_B_0183,START,,184.3,,,2026-10-05T06:05:00,ISO8601,2026-10-05T06:15:00
IPC_AS2_001450,AS2,L_B_0183,START,,,,,2026-10-05T06:21:21,ISO8601,2026-10-05T06:17:30
IPC_T1_001451,T1,L_B_0183,START,,,,,2026-10-05T06:18:00,ISO8601,2026-10-05T06:20:00
IPC_PK_001452,PK,L_B_0183,START,,,,,2026-10-05T06:20:30,ISO8601,2026-10-05T06:22:30
IPC_SHP_001453,SHP,L_B_0183,START,,,,,2026-10-05T06:23:00,ISO8601,2026-10-05T06:25:00
IPC_INB_001454,INB,L_B_0184,START,,,,,2026-10-05T14:48:00,ISO8601,2026-10-05T14:50:00
IPC_M1_001455,M1,L_B_0184,START,,,,4.2,2026-10-05T14:50:30,ISO8601,2026-10-05T14:52:30
IPC_HT_001456,HT,L_B_0184,START,,175.3,,,2026-10-05T14:53:00,ISO8601,2026-10-05T15:03:00
IPC_AS2_001457,AS2,L_B_0184,START,,,,,2026-10-05T15:09:21,ISO8601,2026-10-05T15:05:30
IPC_T1_001458,T1,L_B_0184,START,,,,,2026-10-05T15:06:00,ISO8601,2026-10-05T15:08:00
IPC_PK_001459,PK,L_B_0184,START,,,,,2026-10-05T15:08:30,ISO8601,2026-10-05T15:10:30
IPC_SHP_001460,SHP,L_B_0184,START,,,,,2026-10-05T15:11:00,ISO8601,2026-10-05T15:13:00
IPC_INB_001461,INB,L_A_0185,START,,,,,2026-10-05T07:36:00,ISO8601,2026-10-05T07:38:00
IPC_M1_001462,M1,L_A_0185,START,,,,4.1,2026-10-05T07:38:30,ISO8601,2026-10-05T07:40:30
IPC_M2_001463,M2,L_A_0185,START,,184.8,43.9,,2026-10-05T07:37:12,ISO8601,2026-10-05T07:43:00
IPC_HT_001464,HT,L_A_0185,START,,172.9,,,2026-10-05T07:43:30,ISO8601,2026-10-05T07:53:30
IPC_AS1_001465,AS1,L_A_0185,START,,,,,2026-10-05T07:54:00,ISO8601,2026-10-05T07:56:00
IPC_T1_001466,T1,L_A_0185,START,,,,,2026-10-05T07:56:30,ISO8601,2026-10-05T07:58:30
IPC_PK_001467,PK,L_A_0185,START,,,,,2026-10-05T07:59:00,ISO8601,2026-10-05T08:01:00
IPC_SHP_001468,SHP,L_A_0185,START,,,,,2026-10-05T08:01:30,ISO8601,2026-10-05T08:03:30
IPC_INB_001469,INB,L_A_0186,START,,,,,2026-10-05T16:24:00,ISO8601,2026-10-05T16:26:00
IPC_M1_001470,M1,L_A_0186,START,,,,3.7,2026-10-05T16:26:30,ISO8601,2026-10-05T16:28:30
IPC_M2_001471,M2,L_A_0186,START,FMEA-M2-001,183.1,46.3,,2026-10-05T16:25:12,ISO8601,2026-10-05T16:31:00
IPC_HT_001472,HT,L_A_0186,START,,186.1,,,2026-10-05T16:31:30,ISO8601,2026-10-05T16:41:30
IPC_AS1_001473,AS1,L_A_0186,START,,,,,2026-10-05T16:42:00,ISO8601,2026-10-05T16:44:00
IPC_T1_001474,T1,L_A_0186,START,,,,,2026-10-05T16:44:30,ISO8601,2026-10-05T16:46:30
IPC_PK_001475,PK,L_A_0186,START,,,,,2026-10-05T16:47:00,ISO8601,2026-10-05T16:49:00
IPC_SHP_001476,SHP,L_A_0186,START,,,,,2026-10-05T16:49:30,ISO8601,2026-10-05T16:51:30
IPC_INB_001477,INB,L_B_0187,START,,,,,2026-10-05T09:12:00,ISO8601,2026-10-05T09:14:00
IPC_M1_001478,M1,L_B_0187,START,,,,5.1,2026-10-05T09:14:30,ISO8601,2026-10-05T09:16:30
IPC_HT_001479,HT,L_B_0187,START,,181.9,,,2026-10-05T09:17:00,ISO8601,2026-10-05T09:27:00
IPC_AS2_001480,AS2,L_B_0187,START,,,,,2026-10-05T09:33:21,ISO8601,2026-10-05T09:29:30
IPC_T1_001481,T1,L_B_0187,START,,,,,2026-10-05T09:30:00,ISO8601,2026-10-05T09:32:00
IPC_PK_001482,PK,L_B_0187,START,,,,,2026-10-05T09:32:30,ISO8601,2026-10-05T09:34:30
IPC_SHP_001483,SHP,L_B_0187,START,,,,,2026-10-05T09:35:00,ISO8601,2026-10-05T09:37:00
IPC_INB_001484,INB,L_B_0188,START,,,,,2026-10-05T18:00:00,ISO8601,2026-10-05T18:02:00
IPC_M1_001485,M1,L_B_0188,START,,,,3.9,2026-10-05T18:02:30,ISO8601,2026-10-05T18:04:30
IPC_HT_001486,HT,L_B_0188,START,,178.4,,,2026-10-05T18:05:00,ISO8601,2026-10-05T18:15:00
IPC_AS2_001487,AS2,L_B_0188,START,,,,,2026-10-05T18:21:21,ISO8601,2026-10-05T18:17:30
IPC_T1_001488,T1,L_B_0188,START,,,,,2026-10-05T18:18:00,ISO8601,2026-10-05T18:20:00
IPC_PK_001489,PK,L_B_0188,START,,,,,2026-10-05T18:20:30,ISO8601,2026-10-05T18:22:30
IPC_SHP_001490,SHP,L_B_0188,START,,,,,2026-10-05T18:23:00,ISO8601,2026-10-05T18:25:00
IPC_INB_001491,INB,L_A_0189,START,,,,,2026-10-05T10:48:00,ISO8601,2026-10-05T10:50:00
IPC_M1_001492,M1,L_A_0189,START,,,,2.9,2026-10-05T10:50:30,ISO8601,2026-10-05T10:52:30
IPC_M2_001493,M2,L_A_0189,START,,177.9,44.6,,2026-10-05T10:49:12,ISO8601,2026-10-05T10:55:00
IPC_HT_001494,HT,L_A_0189,START,,171.8,,,2026-10-05T10:55:30,ISO8601,2026-10-05T11:05:30
IPC_AS1_001495,AS1,L_A_0189,START,,,,,2026-10-05T11:06:00,ISO8601,2026-10-05T11:08:00
IPC_T1_001496,T1,L_A_0189,START,,,,,2026-10-05T11:08:30,ISO8601,2026-10-05T11:10:30
IPC_PK_001497,PK,L_A_0189,START,,,,,2026-10-05T11:11:00,ISO8601,2026-10-05T11:13:00
IPC_SHP_001498,SHP,L_A_0189,START,,,,,2026-10-05T11:13:30,ISO8601,2026-10-05T11:15:30
IPC_INB_001499,INB,L_A_0190,START,FMEA-M2-001,,,,2026-10-05T19:36:00,ISO8601,2026-10-05T19:38:00
IPC_M1_001500,M1,L_A_0190,START,,,,3.8,2026-10-05T19:38:30,ISO8601,2026-10-05T19:40:30
IPC_M2_001501,M2,L_A_0190,START,,178.9,40.2,,2026-10-05T19:37:12,ISO8601,2026-10-05T19:43:00
IPC_HT_001502,HT,L_A_0190,START,,173.7,,,2026-10-05T19:43:30,ISO8601,2026-10-05T19:53:30
IPC_AS1_001503,AS1,L_A_0190,START,,,,,2026-10-05T19:54:00,ISO8601,2026-10-05T19:56:00
IPC_T1_001504,T1,L_A_0190,START,,,,,2026-10-05T19:56:30,ISO8601,2026-10-05T19:58:30
IPC_PK_001505,PK,L_A_0190,START,,,,,2026-10-05T19:59:00,ISO8601,2026-10-05T20:01:00
IPC_SHP_001506,SHP,L_A_0190,START,,,,,2026-10-05T20:01:30,ISO8601,2026-10-05T20:03:30
IPC_INB_001507,INB,L_B_0191,START,,,,,2026-10-05T06:00:00,ISO8601,2026-10-05T06:02:00
IPC_M1_001508,M1,L_B_0191,START,,,,4.5,2026-10-05T06:02:30,ISO8601,2026-10-05T06:04:30
IPC_HT_001509,HT,L_B_0191,START,,178.3,,,2026-10-05T06:05:00,ISO8601,2026-10-05T06:15:00
IPC_AS2_001510,AS2,L_B_0191,START,FMEA-M2-001,,,,2026-10-05T06:21:21,ISO8601,2026-10-05T06:17:30
IPC_T1_001511,T1,L_B_0191,START,,,,,2026-10-05T06:18:00,ISO8601,2026-10-05T06:20:00
IPC_PK_001512,PK,L_B_0191,START,,,,,2026-10-05T06:20:30,ISO8601,2026-10-05T06:22:30
IPC_SHP_001513,SHP,L_B_0191,START,,,,,2026-10-05T06:23:00,ISO8601,2026-10-05T06:25:00
IPC_INB_001514,INB,L_B_0192,START,,,,,2026-10-05T14:48:00,ISO8601,2026-10-05T14:50:00
IPC_M1_001515,M1,L_B_0192,START,,,,4.1,2026-10-05T14:50:30,ISO8601,2026-10-05T14:52:30
IPC_HT_001516,HT,L_B_0192,START,,179.0,,,2026-10-05T14:53:00,ISO8601,2026-10-05T15:03:00
IPC_AS2_001517,AS2,L_B_0192,START,,,,,2026-10-05T15:09:21,ISO8601,2026-10-05T15:05:30
IPC_T1_001518,T1,L_B_0192,START,,,,,2026-10-05T15:06:00,ISO8601,2026-10-05T15:08:00
IPC_PK_001519,PK,L_B_0192,START,,,,,2026-10-05T15:08:30,ISO8601,2026-10-05T15:10:30
IPC_SHP_001520,SHP,L_B_0192,START,,,,,2026-10-05T15:11:00,ISO8601,2026-10-05T15:13:00
IPC_INB_001521,INB,L_A_0193,START,,,,,2026-10-05T07:36:00,ISO8601,2026-10-05T07:38:00
IPC_M1_001522,M1,L_A_0193,START,,,,4.3,2026-10-05T07:38:30,ISO8601,2026-10-05T07:40:30
IPC_M2_001523,M2,L_A_0193,START,,179.6,44.2,,2026-10-05T07:37:12,ISO8601,2026-10-05T07:43:00
IPC_HT_001524,HT,L_A_0193,START,,179.7,,,2026-10-05T07:43:30,ISO8601,2026-10-05T07:53:30
IPC_AS1_001525,AS1,L_A_0193,START,,,,,2026-10-05T07:54:00,ISO8601,2026-10-05T07:56:00
IPC_T1_001526,T1,L_A_0193,START,,,,,2026-10-05T07:56:30,ISO8601,2026-10-05T07:58:30
IPC_PK_001527,PK,L_A_0193,START,,,,,2026-10-05T07:59:00,ISO8601,2026-10-05T08:01:00
IPC_SHP_001528,SHP,L_A_0193,START,,,,,2026-10-05T08:01:30,ISO8601,2026-10-05T08:03:30
IPC_INB_001529,INB,L_A_0194,START,,,,,2026-10-05T16:24:00,ISO8601,2026-10-05T16:26:00
IPC_M1_001530,M1,L_A_0194,START,,,,1.8,2026-10-05T16:26:30,ISO8601,2026-10-05T16:28:30
IPC_M2_001531,M2,L_A_0194,START,,175.3,48.6,,2026-10-05T16:25:12,ISO8601,2026-10-05T16:31:00
IPC_HT_001532,HT,L_A_0194,START,,174.8,,,2026-10-05T16:31:30,ISO8601,2026-10-05T16:41:30
IPC_AS1_001533,AS1,L_A_0194,START,,,,,2026-10-05T16:42:00,ISO8601,2026-10-05T16:44:00
IPC_T1_001534,T1,L_A_0194,START,,,,,2026-10-05T16:44:30,ISO8601,2026-10-05T16:46:30
IPC_PK_001535,PK,L_A_0194,START,,,,,2026-10-05T16:47:00,ISO8601,2026-10-05T16:49:00
IPC_SHP_001536,SHP,L_A_0194,START,,,,,2026-10-05T16:49:30,ISO8601,2026-10-05T16:51:30
IPC_INB_001537,INB,L_B_0195,START,,,,,2026-10-05T09:12:00,ISO8601,2026-10-05T09:14:00
IPC_M1_001538,M1,L_B_0195,START,,,,4.0,2026-10-05T09:14:30,ISO8601,2026-10-05T09:16:30
IPC_HT_001539,HT,L_B_0195,START,,174.8,,,2026-10-05T09:17:00,ISO8601,2026-10-05T09:27:00
IPC_AS2_001540,AS2,L_B_0195,START,,,,,2026-10-05T09:33:21,ISO8601,2026-10-05T09:29:30
IPC_T1_001541,T1,L_B_0195,START,,,,,2026-10-05T09:30:00,ISO8601,2026-10-05T09:32:00
IPC_PK_001542,PK,L_B_0195,START,,,,,2026-10-05T09:32:30,ISO8601,2026-10-05T09:34:30
IPC_SHP_001543,SHP,L_B_0195,START,,,,,2026-10-05T09:35:00,ISO8601,2026-10-05T09:37:00
IPC_INB_001544,INB,L_B_0196,START,,,,,2026-10-05T18:00:00,ISO8601,2026-10-05T18:02:00
IPC_M1_001545,M1,L_B_0196,START,,,,2.7,2026-10-05T18:02:30,ISO8601,2026-10-05T18:04:30
IPC_HT_001546,HT,L_B_0196,START,,177.7,,,2026-10-05T18:05:00,ISO8601,2026-10-05T18:15:00
IPC_AS2_001547,AS2,L_B_0196,START,,,,,2026-10-05T18:21:21,ISO8601,2026-10-05T18:17:30
IPC_T1_001548,T1,L_B_0196,START,,,,,2026-10-05T18:18:00,ISO8601,2026-10-05T18:20:00
IPC_PK_001549,PK,L_B_0196,START,,,,,2026-10-05T18:20:30,ISO8601,2026-10-05T18:22:30
IPC_SHP_001550,SHP,L_B_0196,START,,,,,2026-10-05T18:23:00,ISO8601,2026-10-05T18:25:00
IPC_INB_001551,INB,L_A_0197,START,,,,,2026-10-05T10:48:00,ISO8601,2026-10-05T10:50:00
IPC_M1_001552,M1,L_A_0197,START,,,,4.5,2026-10-05T10:50:30,ISO8601,2026-10-05T10:52:30
IPC_M2_001553,M2,L_A_0197,START,,177.0,45.2,,2026-10-05T10:49:12,ISO8601,2026-10-05T10:55:00
IPC_HT_001554,HT,L_A_0197,START,,175.6,,,2026-10-05T10:55:30,ISO8601,2026-10-05T11:05:30
IPC_AS1_001555,AS1,L_A_0197,START,,,,,2026-10-05T11:06:00,ISO8601,2026-10-05T11:08:00
IPC_T1_001556,T1,L_A_0197,START,,,,,2026-10-05T11:08:30,ISO8601,2026-10-05T11:10:30
IPC_PK_001557,PK,L_A_0197,START,,,,,2026-10-05T11:11:00,ISO8601,2026-10-05T11:13:00
IPC_SHP_001558,SHP,L_A_0197,START,,,,,2026-10-05T11:13:30,ISO8601,2026-10-05T11:15:30
IPC_INB_001559,INB,L_A_0198,START,,,,,2026-10-05T19:36:00,ISO8601,2026-10-05T19:38:00
IPC_M1_001560,M1,L_A_0198,START,,,,3.4,2026-10-05T19:38:30,ISO8601,2026-10-05T19:40:30
IPC_M2_001561,M2,L_A_0198,START,,177.0,42.5,,2026-10-05T19:37:12,ISO8601,2026-10-05T19:43:00
IPC_HT_001562,HT,L_A_0198,START,,178.1,,,2026-10-05T19:43:30,ISO8601,2026-10-05T19:53:30
IPC_AS1_001563,AS1,L_A_0198,START,,,,,2026-10-05T19:54:00,ISO8601,2026-10-05T19:56:00
IPC_T1_001564,T1,L_A_0198,START,,,,,2026-10-05T19:56:30,ISO8601,2026-10-05T19:58:30
IPC_PK_001565,PK,L_A_0198,START,,,,,2026-10-05T19:59:00,ISO8601,2026-10-05T20:01:00
IPC_SHP_001566,SHP,L_A_0198,START,,,,,2026-10-05T20:01:30,ISO8601,2026-10-05T20:03:30
IPC_INB_001567,INB,L_B_0199,START,,,,,2026-10-05T06:00:00,ISO8601,2026-10-05T06:02:00
IPC_M1_001568,M1,L_B_0199,START,,,,3.9,2026-10-05T06:02:30,ISO8601,2026-10-05T06:04:30
IPC_HT_001569,HT,L_B_0199,START,,182.0,,,2026-10-05T06:05:00,ISO8601,2026-10-05T06:15:00
IPC_AS2_001570,AS2,L_B_0199,START,,,,,2026-10-05T06:21:21,ISO8601,2026-10-05T06:17:30
IPC_T1_001571,T1,L_B_0199,START,,,,,2026-10-05T06:18:00,ISO8601,2026-10-05T06:20:00
IPC_PK_001572,PK,L_B_0199,START,,,,,2026-10-05T06:20:30,ISO8601,2026-10-05T06:22:30
IPC_SHP_001573,SHP,L_B_0199,START,,,,,2026-10-05T06:23:00,ISO8601,2026-10-05T06:25:00
IPC_INB_001574,INB,L_B_0200,START,,,,,2026-10-05T14:48:00,ISO8601,2026-10-05T14:50:00
IPC_M1_001575,M1,L_B_0200,START,,,,2.4,2026-10-05T14:50:30,ISO8601,2026-10-05T14:52:30
IPC_HT_001576,HT,L_B_0200,START,,178.3,,,2026-10-05T14:53:00,ISO8601,2026-10-05T15:03:00
IPC_AS2_001577,AS2,L_B_0200,START,,,,,2026-10-05T15:09:21,ISO8601,2026-10-05T15:05:30
IPC_T1_001578,T1,L_B_0200,START,,,,,2026-10-05T15:06:00,ISO8601,2026-10-05T15:08:00
IPC_PK_001579,PK,L_B_0200,START,,,,,2026-10-05T15:08:30,ISO8601,2026-10-05T15:10:30
IPC_SHP_001580,SHP,L_B_0200,START,,,,,2026-10-05T15:11:00,ISO8601,2026-10-05T15:13:00
IPC_INB_001581,INB,L_A_0201,START,,,,,2026-10-05T07:36:00,ISO8601,2026-10-05T07:38:00
IPC_M1_001582,M1,L_A_0201,START,,,,2.4,2026-10-05T07:38:30,ISO8601,2026-10-05T07:40:30
IPC_M2_001583,M2,L_A_0201,START,,177.9,42.2,,2026-10-05T07:37:12,ISO8601,2026-10-05T07:43:00
IPC_HT_001584,HT,L_A_0201,START,,173.6,,,2026-10-05T07:43:30,ISO8601,2026-10-05T07:53:30
IPC_AS1_001585,AS1,L_A_0201,START,,,,,2026-10-05T07:54:00,ISO8601,2026-10-05T07:56:00
IPC_T1_001586,T1,L_A_0201,START,,,,,2026-10-05T07:56:30,ISO8601,2026-10-05T07:58:30
IPC_PK_001587,PK,L_A_0201,START,,,,,2026-10-05T07:59:00,ISO8601,2026-10-05T08:01:00
IPC_SHP_001588,SHP,L_A_0201,START,,,,,2026-10-05T08:01:30,ISO8601,2026-10-05T08:03:30
IPC_INB_001589,INB,L_A_0202,START,,,,,2026-10-05T16:24:00,ISO8601,2026-10-05T16:26:00
IPC_M1_001590,M1,L_A_0202,START,,,,6.1,2026-10-05T16:26:30,ISO8601,2026-10-05T16:28:30
IPC_M2_001591,M2,L_A_0202,START,,172.6,46.3,,2026-10-05T16:25:12,ISO8601,2026-10-05T16:31:00
IPC_HT_001592,HT,L_A_0202,START,,176.5,,,2026-10-05T16:31:30,ISO8601,2026-10-05T16:41:30
IPC_AS1_001593,AS1,L_A_0202,START,,,,,2026-10-05T16:42:00,ISO8601,2026-10-05T16:44:00
IPC_T1_001594,T1,L_A_0202,START,,,,,2026-10-05T16:44:30,ISO8601,2026-10-05T16:46:30
IPC_PK_001595,PK,L_A_0202,START,,,,,2026-10-05T16:47:00,ISO8601,2026-10-05T16:49:00
IPC_SHP_001596,SHP,L_A_0202,START,,,,,2026-10-05T16:49:30,ISO8601,2026-10-05T16:51:30
IPC_INB_001597,INB,L_B_0203,START,,,,,2026-10-05T09:12:00,ISO8601,2026-10-05T09:14:00
IPC_M1_001598,M1,L_B_0203,START,,,,3.7,2026-10-05T09:14:30,ISO8601,2026-10-05T09:16:30
IPC_HT_001599,HT,L_B_0203,START,,181.8,,,2026-10-05T09:17:00,ISO8601,2026-10-05T09:27:00
IPC_AS2_001600,AS2,L_B_0203,START,,,,,2026-10-05T09:33:21,ISO8601,2026-10-05T09:29:30
IPC_T1_001601,T1,L_B_0203,START,,,,,2026-10-05T09:30:00,ISO8601,2026-10-05T09:32:00
IPC_PK_001602,PK,L_B_0203,START,,,,,2026-10-05T09:32:30,ISO8601,2026-10-05T09:34:30
IPC_SHP_001603,SHP,L_B_0203,START,,,,,2026-10-05T09:35:00,ISO8601,2026-10-05T09:37:00
IPC_INB_001604,INB,L_B_0204,START,,,,,2026-10-06T06:00:00,ISO8601,2026-10-06T06:02:00
IPC_M1_001605,M1,L_B_0204,START,,,,2.6,2026-10-06T06:02:30,ISO8601,2026-10-06T06:04:30
IPC_HT_001606,HT,L_B_0204,START,,181.2,,,2026-10-06T06:05:00,ISO8601,2026-10-06T06:15:00
IPC_AS2_001607,AS2,L_B_0204,START,,,,,2026-10-06T06:21:19,ISO8601,2026-10-06T06:17:30
IPC_T1_001608,T1,L_B_0204,START,,,,,2026-10-06T06:18:00,ISO8601,2026-10-06T06:20:00
IPC_PK_001609,PK,L_B_0204,START,,,,,2026-10-06T06:20:30,ISO8601,2026-10-06T06:22:30
IPC_SHP_001610,SHP,L_B_0204,START,,,,,2026-10-06T06:23:00,ISO8601,2026-10-06T06:25:00
IPC_INB_001611,INB,L_A_0205,START,,,,,2026-10-06T14:48:00,ISO8601,2026-10-06T14:50:00
IPC_M1_001612,M1,L_A_0205,START,,,,5.2,2026-10-06T14:50:30,ISO8601,2026-10-06T14:52:30
IPC_M2_001613,M2,L_A_0205,START,,182.7,43.9,,2026-10-06T14:49:14,ISO8601,2026-10-06T14:55:00
IPC_HT_001614,HT,L_A_0205,START,,177.9,,,2026-10-06T14:55:30,ISO8601,2026-10-06T15:05:30
IPC_AS1_001615,AS1,L_A_0205,START,,,,,2026-10-06T15:06:00,ISO8601,2026-10-06T15:08:00
IPC_T1_001616,T1,L_A_0205,START,,,,,2026-10-06T15:08:30,ISO8601,2026-10-06T15:10:30
IPC_PK_001617,PK,L_A_0205,START,,,,,2026-10-06T15:11:00,ISO8601,2026-10-06T15:13:00
IPC_SHP_001618,SHP,L_A_0205,START,,,,,2026-10-06T15:13:30,ISO8601,2026-10-06T15:15:30
IPC_INB_001619,INB,L_A_0206,START,FMEA-M2-001,,,,2026-10-06T07:36:00,ISO8601,2026-10-06T07:38:00
IPC_M1_001620,M1,L_A_0206,START,,,,3.9,2026-10-06T07:38:30,ISO8601,2026-10-06T07:40:30
IPC_M2_001621,M2,L_A_0206,START,,177.9,45.5,,2026-10-06T07:37:14,ISO8601,2026-10-06T07:43:00
IPC_HT_001622,HT,L_A_0206,START,,181.1,,,2026-10-06T07:43:30,ISO8601,2026-10-06T07:53:30
IPC_AS1_001623,AS1,L_A_0206,START,,,,,2026-10-06T07:54:00,ISO8601,2026-10-06T07:56:00
IPC_T1_001624,T1,L_A_0206,START,,,,,2026-10-06T07:56:30,ISO8601,2026-10-06T07:58:30
IPC_PK_001625,PK,L_A_0206,START,,,,,2026-10-06T07:59:00,ISO8601,2026-10-06T08:01:00
IPC_SHP_001626,SHP,L_A_0206,START,,,,,2026-10-06T08:01:30,ISO8601,2026-10-06T08:03:30
IPC_INB_001627,INB,L_B_0207,START,,,,,2026-10-06T16:24:00,ISO8601,2026-10-06T16:26:00
IPC_M1_001628,M1,L_B_0207,START,,,,4.6,2026-10-06T16:26:30,ISO8601,2026-10-06T16:28:30
IPC_HT_001629,HT,L_B_0207,START,,178.7,,,2026-10-06T16:29:00,ISO8601,2026-10-06T16:39:00
IPC_AS2_001630,AS2,L_B_0207,START,,,,,2026-10-06T16:45:19,ISO8601,2026-10-06T16:41:30
IPC_T1_001631,T1,L_B_0207,START,,,,,2026-10-06T16:42:00,ISO8601,2026-10-06T16:44:00
IPC_PK_001632,PK,L_B_0207,START,,,,,2026-10-06T16:44:30,ISO8601,2026-10-06T16:46:30
IPC_SHP_001633,SHP,L_B_0207,START,,,,,2026-10-06T16:47:00,ISO8601,2026-10-06T16:49:00
IPC_INB_001634,INB,L_B_0208,START,,,,,2026-10-06T09:12:00,ISO8601,2026-10-06T09:14:00
IPC_M1_001635,M1,L_B_0208,START,,,,4.7,2026-10-06T09:14:30,ISO8601,2026-10-06T09:16:30
IPC_HT_001636,HT,L_B_0208,START,,177.4,,,2026-10-06T09:17:00,ISO8601,2026-10-06T09:27:00
IPC_AS2_001637,AS2,L_B_0208,START,,,,,2026-10-06T09:33:19,ISO8601,2026-10-06T09:29:30
IPC_T1_001638,T1,L_B_0208,START,,,,,2026-10-06T09:30:00,ISO8601,2026-10-06T09:32:00
IPC_PK_001639,PK,L_B_0208,START,,,,,2026-10-06T09:32:30,ISO8601,2026-10-06T09:34:30
IPC_SHP_001640,SHP,L_B_0208,START,,,,,2026-10-06T09:35:00,ISO8601,2026-10-06T09:37:00
IPC_INB_001641,INB,L_A_0209,START,,,,,2026-10-06T18:00:00,ISO8601,2026-10-06T18:02:00
IPC_M1_001642,M1,L_A_0209,START,,,,3.5,2026-10-06T18:02:30,ISO8601,2026-10-06T18:04:30
IPC_M2_001643,M2,L_A_0209,START,,176.8,46.9,,2026-10-06T18:01:14,ISO8601,2026-10-06T18:07:00
IPC_HT_001644,HT,L_A_0209,START,,181.3,,,2026-10-06T18:07:30,ISO8601,2026-10-06T18:17:30
IPC_AS1_001645,AS1,L_A_0209,START,,,,,2026-10-06T18:18:00,ISO8601,2026-10-06T18:20:00
IPC_T1_001646,T1,L_A_0209,START,,,,,2026-10-06T18:20:30,ISO8601,2026-10-06T18:22:30
IPC_PK_001647,PK,L_A_0209,START,,,,,2026-10-06T18:23:00,ISO8601,2026-10-06T18:25:00
IPC_SHP_001648,SHP,L_A_0209,START,,,,,2026-10-06T18:25:30,ISO8601,2026-10-06T18:27:30
IPC_INB_001649,INB,L_A_0210,START,,,,,2026-10-06T10:48:00,ISO8601,2026-10-06T10:50:00
IPC_M1_001650,M1,L_A_0210,START,,,,4.5,2026-10-06T10:50:30,ISO8601,2026-10-06T10:52:30
IPC_M2_001651,M2,L_A_0210,START,,179.5,46.0,,2026-10-06T10:49:14,ISO8601,2026-10-06T10:55:00
IPC_HT_001652,HT,L_A_0210,START,,180.1,,,2026-10-06T10:55:30,ISO8601,2026-10-06T11:05:30
IPC_AS1_001653,AS1,L_A_0210,START,,,,,2026-10-06T11:06:00,ISO8601,2026-10-06T11:08:00
IPC_T1_001654,T1,L_A_0210,START,,,,,2026-10-06T11:08:30,ISO8601,2026-10-06T11:10:30
IPC_PK_001655,PK,L_A_0210,START,,,,,2026-10-06T11:11:00,ISO8601,2026-10-06T11:13:00
IPC_SHP_001656,SHP,L_A_0210,START,,,,,2026-10-06T11:13:30,ISO8601,2026-10-06T11:15:30
IPC_INB_001657,INB,L_B_0211,START,,,,,2026-10-06T19:36:00,ISO8601,2026-10-06T19:38:00
IPC_M1_001658,M1,L_B_0211,START,,,,3.5,2026-10-06T19:38:30,ISO8601,2026-10-06T19:40:30
IPC_HT_001659,HT,L_B_0211,START,,175.4,,,2026-10-06T19:41:00,ISO8601,2026-10-06T19:51:00
IPC_AS2_001660,AS2,L_B_0211,START,,,,,2026-10-06T19:57:19,ISO8601,2026-10-06T19:53:30
IPC_T1_001661,T1,L_B_0211,START,,,,,2026-10-06T19:54:00,ISO8601,2026-10-06T19:56:00
IPC_PK_001662,PK,L_B_0211,START,,,,,2026-10-06T19:56:30,ISO8601,2026-10-06T19:58:30
IPC_SHP_001663,SHP,L_B_0211,START,,,,,2026-10-06T19:59:00,ISO8601,2026-10-06T20:01:00
IPC_INB_001664,INB,L_B_0212,START,,,,,2026-10-06T06:00:00,ISO8601,2026-10-06T06:02:00
IPC_M1_001665,M1,L_B_0212,START,,,,3.5,2026-10-06T06:02:30,ISO8601,2026-10-06T06:04:30
IPC_HT_001666,HT,L_B_0212,START,,179.8,,,2026-10-06T06:05:00,ISO8601,2026-10-06T06:15:00
IPC_AS2_001667,AS2,L_B_0212,START,,,,,2026-10-06T06:21:19,ISO8601,2026-10-06T06:17:30
IPC_T1_001668,T1,L_B_0212,START,,,,,2026-10-06T06:18:00,ISO8601,2026-10-06T06:20:00
IPC_PK_001669,PK,L_B_0212,START,,,,,2026-10-06T06:20:30,ISO8601,2026-10-06T06:22:30
IPC_SHP_001670,SHP,L_B_0212,START,,,,,2026-10-06T06:23:00,ISO8601,2026-10-06T06:25:00
IPC_INB_001671,INB,L_A_0213,START,,,,,2026-10-06T14:48:00,ISO8601,2026-10-06T14:50:00
IPC_M1_001672,M1,L_A_0213,START,,,,1.9,2026-10-06T14:50:30,ISO8601,2026-10-06T14:52:30
IPC_M2_001673,M2,L_A_0213,START,,175.7,46.7,,2026-10-06T14:49:14,ISO8601,2026-10-06T14:55:00
IPC_HT_001674,HT,L_A_0213,START,,176.1,,,2026-10-06T14:55:30,ISO8601,2026-10-06T15:05:30
IPC_AS1_001675,AS1,L_A_0213,START,,,,,2026-10-06T15:06:00,ISO8601,2026-10-06T15:08:00
IPC_T1_001676,T1,L_A_0213,START,,,,,2026-10-06T15:08:30,ISO8601,2026-10-06T15:10:30
IPC_PK_001677,PK,L_A_0213,START,,,,,2026-10-06T15:11:00,ISO8601,2026-10-06T15:13:00
IPC_SHP_001678,SHP,L_A_0213,START,,,,,2026-10-06T15:13:30,ISO8601,2026-10-06T15:15:30
IPC_INB_001679,INB,L_A_0214,START,,,,,2026-10-06T07:36:00,ISO8601,2026-10-06T07:38:00
IPC_M1_001680,M1,L_A_0214,START,,,,3.6,2026-10-06T07:38:30,ISO8601,2026-10-06T07:40:30
IPC_M2_001681,M2,L_A_0214,START,,178.8,43.3,,2026-10-06T07:37:14,ISO8601,2026-10-06T07:43:00
IPC_HT_001682,HT,L_A_0214,START,,179.0,,,2026-10-06T07:43:30,ISO8601,2026-10-06T07:53:30
IPC_AS1_001683,AS1,L_A_0214,START,,,,,2026-10-06T07:54:00,ISO8601,2026-10-06T07:56:00
IPC_T1_001684,T1,L_A_0214,START,,,,,2026-10-06T07:56:30,ISO8601,2026-10-06T07:58:30
IPC_PK_001685,PK,L_A_0214,START,,,,,2026-10-06T07:59:00,ISO8601,2026-10-06T08:01:00
IPC_SHP_001686,SHP,L_A_0214,START,,,,,2026-10-06T08:01:30,ISO8601,2026-10-06T08:03:30
IPC_INB_001687,INB,L_B_0215,START,,,,,2026-10-06T16:24:00,ISO8601,2026-10-06T16:26:00
IPC_M1_001688,M1,L_B_0215,START,,,,4.3,2026-10-06T16:26:30,ISO8601,2026-10-06T16:28:30
IPC_HT_001689,HT,L_B_0215,START,,175.1,,,2026-10-06T16:29:00,ISO8601,2026-10-06T16:39:00
IPC_AS2_001690,AS2,L_B_0215,START,,,,,2026-10-06T16:45:19,ISO8601,2026-10-06T16:41:30
IPC_T1_001691,T1,L_B_0215,START,,,,,2026-10-06T16:42:00,ISO8601,2026-10-06T16:44:00
IPC_PK_001692,PK,L_B_0215,START,,,,,2026-10-06T16:44:30,ISO8601,2026-10-06T16:46:30
IPC_SHP_001693,SHP,L_B_0215,START,,,,,2026-10-06T16:47:00,ISO8601,2026-10-06T16:49:00
IPC_INB_001694,INB,L_B_0216,START,,,,,2026-10-06T09:12:00,ISO8601,2026-10-06T09:14:00
IPC_M1_001695,M1,L_B_0216,START,,,,1.7,2026-10-06T09:14:30,ISO8601,2026-10-06T09:16:30
IPC_HT_001696,HT,L_B_0216,START,,177.9,,,2026-10-06T09:17:00,ISO8601,2026-10-06T09:27:00
IPC_AS2_001697,AS2,L_B_0216,START,,,,,2026-10-06T09:33:19,ISO8601,2026-10-06T09:29:30
IPC_T1_001698,T1,L_B_0216,START,,,,,2026-10-06T09:30:00,ISO8601,2026-10-06T09:32:00
IPC_PK_001699,PK,L_B_0216,START,,,,,2026-10-06T09:32:30,ISO8601,2026-10-06T09:34:30
IPC_SHP_001700,SHP,L_B_0216,START,,,,,2026-10-06T09:35:00,ISO8601,2026-10-06T09:37:00
IPC_INB_001701,INB,L_A_0217,START,FMEA-M2-001,,,,2026-10-06T18:00:00,ISO8601,2026-10-06T18:02:00
IPC_M1_001702,M1,L_A_0217,START,,,,4.2,2026-10-06T18:02:30,ISO8601,2026-10-06T18:04:30
IPC_M2_001703,M2,L_A_0217,START,,182.8,43.1,,2026-10-06T18:01:14,ISO8601,2026-10-06T18:07:00
IPC_HT_001704,HT,L_A_0217,START,,185.3,,,2026-10-06T18:07:30,ISO8601,2026-10-06T18:17:30
IPC_AS1_001705,AS1,L_A_0217,START,,,,,2026-10-06T18:18:00,ISO8601,2026-10-06T18:20:00
IPC_T1_001706,T1,L_A_0217,START,,,,,2026-10-06T18:20:30,ISO8601,2026-10-06T18:22:30
IPC_PK_001707,PK,L_A_0217,START,,,,,2026-10-06T18:23:00,ISO8601,2026-10-06T18:25:00
IPC_SHP_001708,SHP,L_A_0217,START,,,,,2026-10-06T18:25:30,ISO8601,2026-10-06T18:27:30
IPC_INB_001709,INB,L_A_0218,START,,,,,2026-10-06T10:48:00,ISO8601,2026-10-06T10:50:00
IPC_M1_001710,M1,L_A_0218,START,,,,3.7,2026-10-06T10:50:30,ISO8601,2026-10-06T10:52:30
IPC_M2_001711,M2,L_A_0218,START,,181.2,44.8,,2026-10-06T10:49:14,ISO8601,2026-10-06T10:55:00
IPC_HT_001712,HT,L_A_0218,START,,179.9,,,2026-10-06T10:55:30,ISO8601,2026-10-06T11:05:30
IPC_AS1_001713,AS1,L_A_0218,START,,,,,2026-10-06T11:06:00,ISO8601,2026-10-06T11:08:00
IPC_T1_001714,T1,L_A_0218,START,,,,,2026-10-06T11:08:30,ISO8601,2026-10-06T11:10:30
IPC_PK_001715,PK,L_A_0218,START,,,,,2026-10-06T11:11:00,ISO8601,2026-10-06T11:13:00
IPC_SHP_001716,SHP,L_A_0218,START,,,,,2026-10-06T11:13:30,ISO8601,2026-10-06T11:15:30
IPC_INB_001717,INB,L_B_0219,START,,,,,2026-10-06T19:36:00,ISO8601,2026-10-06T19:38:00
IPC_M1_001718,M1,L_B_0219,START,,,,4.0,2026-10-06T19:38:30,ISO8601,2026-10-06T19:40:30
IPC_HT_001719,HT,L_B_0219,START,,180.7,,,2026-10-06T19:41:00,ISO8601,2026-10-06T19:51:00
IPC_AS2_001720,AS2,L_B_0219,START,,,,,2026-10-06T19:57:19,ISO8601,2026-10-06T19:53:30
IPC_T1_001721,T1,L_B_0219,START,,,,,2026-10-06T19:54:00,ISO8601,2026-10-06T19:56:00
IPC_PK_001722,PK,L_B_0219,START,,,,,2026-10-06T19:56:30,ISO8601,2026-10-06T19:58:30
IPC_SHP_001723,SHP,L_B_0219,START,,,,,2026-10-06T19:59:00,ISO8601,2026-10-06T20:01:00
IPC_INB_001724,INB,L_B_0220,START,,,,,2026-10-06T06:00:00,ISO8601,2026-10-06T06:02:00
IPC_M1_001725,M1,L_B_0220,START,,,,5.7,2026-10-06T06:02:30,ISO8601,2026-10-06T06:04:30
IPC_HT_001726,HT,L_B_0220,START,,176.8,,,2026-10-06T06:05:00,ISO8601,2026-10-06T06:15:00
IPC_AS2_001727,AS2,L_B_0220,START,,,,,2026-10-06T06:21:19,ISO8601,2026-10-06T06:17:30
IPC_T1_001728,T1,L_B_0220,START,,,,,2026-10-06T06:18:00,ISO8601,2026-10-06T06:20:00
IPC_PK_001729,PK,L_B_0220,START,,,,,2026-10-06T06:20:30,ISO8601,2026-10-06T06:22:30
IPC_SHP_001730,SHP,L_B_0220,START,,,,,2026-10-06T06:23:00,ISO8601,2026-10-06T06:25:00
IPC_INB_001731,INB,L_A_0221,START,,,,,2026-10-06T14:48:00,ISO8601,2026-10-06T14:50:00
IPC_M1_001732,M1,L_A_0221,START,,,,4.8,2026-10-06T14:50:30,ISO8601,2026-10-06T14:52:30
IPC_M2_001733,M2,L_A_0221,START,FMEA-M2-001,179.9,44.1,,2026-10-06T14:49:14,ISO8601,2026-10-06T14:55:00
IPC_HT_001734,HT,L_A_0221,START,,182.4,,,2026-10-06T14:55:30,ISO8601,2026-10-06T15:05:30
IPC_AS1_001735,AS1,L_A_0221,START,,,,,2026-10-06T15:06:00,ISO8601,2026-10-06T15:08:00
IPC_T1_001736,T1,L_A_0221,START,,,,,2026-10-06T15:08:30,ISO8601,2026-10-06T15:10:30
IPC_PK_001737,PK,L_A_0221,START,,,,,2026-10-06T15:11:00,ISO8601,2026-10-06T15:13:00
IPC_SHP_001738,SHP,L_A_0221,START,,,,,2026-10-06T15:13:30,ISO8601,2026-10-06T15:15:30
IPC_INB_001739,INB,L_A_0222,START,,,,,2026-10-06T07:36:00,ISO8601,2026-10-06T07:38:00
IPC_M1_001740,M1,L_A_0222,START,,,,4.5,2026-10-06T07:38:30,ISO8601,2026-10-06T07:40:30
IPC_M2_001741,M2,L_A_0222,START,,182.8,45.8,,2026-10-06T07:37:14,ISO8601,2026-10-06T07:43:00
IPC_HT_001742,HT,L_A_0222,START,,175.3,,,2026-10-06T07:43:30,ISO8601,2026-10-06T07:53:30
IPC_AS1_001743,AS1,L_A_0222,START,,,,,2026-10-06T07:54:00,ISO8601,2026-10-06T07:56:00
IPC_T1_001744,T1,L_A_0222,START,,,,,2026-10-06T07:56:30,ISO8601,2026-10-06T07:58:30
IPC_PK_001745,PK,L_A_0222,START,,,,,2026-10-06T07:59:00,ISO8601,2026-10-06T08:01:00
IPC_SHP_001746,SHP,L_A_0222,START,,,,,2026-10-06T08:01:30,ISO8601,2026-10-06T08:03:30
IPC_INB_001747,INB,L_B_0223,START,,,,,2026-10-06T16:24:00,ISO8601,2026-10-06T16:26:00
IPC_M1_001748,M1,L_B_0223,START,,,,2.6,2026-10-06T16:26:30,ISO8601,2026-10-06T16:28:30
IPC_HT_001749,HT,L_B_0223,START,,173.8,,,2026-10-06T16:29:00,ISO8601,2026-10-06T16:39:00
IPC_AS2_001750,AS2,L_B_0223,START,,,,,2026-10-06T16:45:19,ISO8601,2026-10-06T16:41:30
IPC_T1_001751,T1,L_B_0223,START,,,,,2026-10-06T16:42:00,ISO8601,2026-10-06T16:44:00
IPC_PK_001752,PK,L_B_0223,START,,,,,2026-10-06T16:44:30,ISO8601,2026-10-06T16:46:30
IPC_SHP_001753,SHP,L_B_0223,START,,,,,2026-10-06T16:47:00,ISO8601,2026-10-06T16:49:00
IPC_INB_001754,INB,L_B_0224,START,FMEA-M2-001,,,,2026-10-06T09:12:00,ISO8601,2026-10-06T09:14:00
IPC_M1_001755,M1,L_B_0224,START,,,,4.0,2026-10-06T09:14:30,ISO8601,2026-10-06T09:16:30
IPC_HT_001756,HT,L_B_0224,START,,180.4,,,2026-10-06T09:17:00,ISO8601,2026-10-06T09:27:00
IPC_AS2_001757,AS2,L_B_0224,START,FMEA-M2-001,,,,2026-10-06T09:33:19,ISO8601,2026-10-06T09:29:30
IPC_T1_001758,T1,L_B_0224,START,,,,,2026-10-06T09:30:00,ISO8601,2026-10-06T09:32:00
IPC_PK_001759,PK,L_B_0224,START,,,,,2026-10-06T09:32:30,ISO8601,2026-10-06T09:34:30
IPC_SHP_001760,SHP,L_B_0224,START,,,,,2026-10-06T09:35:00,ISO8601,2026-10-06T09:37:00
IPC_INB_001761,INB,L_A_0225,START,FMEA-M2-001,,,,2026-10-06T18:00:00,ISO8601,2026-10-06T18:02:00
IPC_M1_001762,M1,L_A_0225,START,,,,3.4,2026-10-06T18:02:30,ISO8601,2026-10-06T18:04:30
IPC_M2_001763,M2,L_A_0225,START,,176.5,41.6,,2026-10-06T18:01:14,ISO8601,2026-10-06T18:07:00
IPC_HT_001764,HT,L_A_0225,START,,177.0,,,2026-10-06T18:07:30,ISO8601,2026-10-06T18:17:30
IPC_AS1_001765,AS1,L_A_0225,START,,,,,2026-10-06T18:18:00,ISO8601,2026-10-06T18:20:00
IPC_T1_001766,T1,L_A_0225,START,,,,,2026-10-06T18:20:30,ISO8601,2026-10-06T18:22:30
IPC_PK_001767,PK,L_A_0225,START,,,,,2026-10-06T18:23:00,ISO8601,2026-10-06T18:25:00
IPC_SHP_001768,SHP,L_A_0225,START,,,,,2026-10-06T18:25:30,ISO8601,2026-10-06T18:27:30
IPC_INB_001769,INB,L_A_0226,START,,,,,2026-10-06T10:48:00,ISO8601,2026-10-06T10:50:00
IPC_M1_001770,M1,L_A_0226,START,,,,3.2,2026-10-06T10:50:30,ISO8601,2026-10-06T10:52:30
IPC_M2_001771,M2,L_A_0226,START,,174.1,47.5,,2026-10-06T10:49:14,ISO8601,2026-10-06T10:55:00
IPC_HT_001772,HT,L_A_0226,START,,175.5,,,2026-10-06T10:55:30,ISO8601,2026-10-06T11:05:30
IPC_AS1_001773,AS1,L_A_0226,START,,,,,2026-10-06T11:06:00,ISO8601,2026-10-06T11:08:00
IPC_T1_001774,T1,L_A_0226,START,,,,,2026-10-06T11:08:30,ISO8601,2026-10-06T11:10:30
IPC_PK_001775,PK,L_A_0226,START,,,,,2026-10-06T11:11:00,ISO8601,2026-10-06T11:13:00
IPC_SHP_001776,SHP,L_A_0226,START,,,,,2026-10-06T11:13:30,ISO8601,2026-10-06T11:15:30
IPC_INB_001777,INB,L_B_0227,START,,,,,2026-10-06T19:36:00,ISO8601,2026-10-06T19:38:00
IPC_M1_001778,M1,L_B_0227,START,,,,4.0,2026-10-06T19:38:30,ISO8601,2026-10-06T19:40:30
IPC_HT_001779,HT,L_B_0227,START,,183.8,,,2026-10-06T19:41:00,ISO8601,2026-10-06T19:51:00
IPC_AS2_001780,AS2,L_B_0227,START,,,,,2026-10-06T19:57:19,ISO8601,2026-10-06T19:53:30
IPC_T1_001781,T1,L_B_0227,START,,,,,2026-10-06T19:54:00,ISO8601,2026-10-06T19:56:00
IPC_PK_001782,PK,L_B_0227,START,,,,,2026-10-06T19:56:30,ISO8601,2026-10-06T19:58:30
IPC_SHP_001783,SHP,L_B_0227,START,,,,,2026-10-06T19:59:00,ISO8601,2026-10-06T20:01:00
IPC_INB_001784,INB,L_B_0228,START,,,,,2026-10-06T06:00:00,ISO8601,2026-10-06T06:02:00
IPC_M1_001785,M1,L_B_0228,START,,,,3.7,2026-10-06T06:02:30,ISO8601,2026-10-06T06:04:30
IPC_HT_001786,HT,L_B_0228,START,,179.9,,,2026-10-06T06:05:00,ISO8601,2026-10-06T06:15:00
IPC_AS2_001787,AS2,L_B_0228,START,,,,,2026-10-06T06:21:19,ISO8601,2026-10-06T06:17:30
IPC_T1_001788,T1,L_B_0228,START,,,,,2026-10-06T06:18:00,ISO8601,2026-10-06T06:20:00
IPC_PK_001789,PK,L_B_0228,START,,,,,2026-10-06T06:20:30,ISO8601,2026-10-06T06:22:30
IPC_SHP_001790,SHP,L_B_0228,START,,,,,2026-10-06T06:23:00,ISO8601,2026-10-06T06:25:00
IPC_INB_001791,INB,L_A_0229,START,,,,,2026-10-06T14:48:00,ISO8601,2026-10-06T14:50:00
IPC_M1_001792,M1,L_A_0229,START,,,,4.8,2026-10-06T14:50:30,ISO8601,2026-10-06T14:52:30
IPC_M2_001793,M2,L_A_0229,START,,182.0,43.7,,2026-10-06T14:49:14,ISO8601,2026-10-06T14:55:00
IPC_HT_001794,HT,L_A_0229,START,,179.9,,,2026-10-06T14:55:30,ISO8601,2026-10-06T15:05:30
IPC_AS1_001795,AS1,L_A_0229,START,,,,,2026-10-06T15:06:00,ISO8601,2026-10-06T15:08:00
IPC_T1_001796,T1,L_A_0229,START,,,,,2026-10-06T15:08:30,ISO8601,2026-10-06T15:10:30
IPC_PK_001797,PK,L_A_0229,START,,,,,2026-10-06T15:11:00,ISO8601,2026-10-06T15:13:00
IPC_SHP_001798,SHP,L_A_0229,START,,,,,2026-10-06T15:13:30,ISO8601,2026-10-06T15:15:30
IPC_INB_001799,INB,L_A_0230,START,,,,,2026-10-06T07:36:00,ISO8601,2026-10-06T07:38:00
IPC_M1_001800,M1,L_A_0230,START,,,,4.4,2026-10-06T07:38:30,ISO8601,2026-10-06T07:40:30
IPC_M2_001801,M2,L_A_0230,START,,178.2,47.2,,2026-10-06T07:37:14,ISO8601,2026-10-06T07:43:00
IPC_HT_001802,HT,L_A_0230,START,,179.6,,,2026-10-06T07:43:30,ISO8601,2026-10-06T07:53:30
IPC_AS1_001803,AS1,L_A_0230,START,,,,,2026-10-06T07:54:00,ISO8601,2026-10-06T07:56:00
IPC_T1_001804,T1,L_A_0230,START,,,,,2026-10-06T07:56:30,ISO8601,2026-10-06T07:58:30
IPC_PK_001805,PK,L_A_0230,START,,,,,2026-10-06T07:59:00,ISO8601,2026-10-06T08:01:00
IPC_SHP_001806,SHP,L_A_0230,START,,,,,2026-10-06T08:01:30,ISO8601,2026-10-06T08:03:30
IPC_INB_001807,INB,L_B_0231,START,,,,,2026-10-06T16:24:00,ISO8601,2026-10-06T16:26:00
IPC_M1_001808,M1,L_B_0231,START,,,,3.5,2026-10-06T16:26:30,ISO8601,2026-10-06T16:28:30
IPC_HT_001809,HT,L_B_0231,START,,180.3,,,2026-10-06T16:29:00,ISO8601,2026-10-06T16:39:00
IPC_AS2_001810,AS2,L_B_0231,START,,,,,2026-10-06T16:45:19,ISO8601,2026-10-06T16:41:30
IPC_T1_001811,T1,L_B_0231,START,,,,,2026-10-06T16:42:00,ISO8601,2026-10-06T16:44:00
IPC_PK_001812,PK,L_B_0231,START,,,,,2026-10-06T16:44:30,ISO8601,2026-10-06T16:46:30
IPC_SHP_001813,SHP,L_B_0231,START,,,,,2026-10-06T16:47:00,ISO8601,2026-10-06T16:49:00
IPC_INB_001814,INB,L_B_0232,START,,,,,2026-10-06T09:12:00,ISO8601,2026-10-06T09:14:00
IPC_M1_001815,M1,L_B_0232,START,,,,3.6,2026-10-06T09:14:30,ISO8601,2026-10-06T09:16:30
IPC_HT_001816,HT,L_B_0232,START,,179.2,,,2026-10-06T09:17:00,ISO8601,2026-10-06T09:27:00
IPC_AS2_001817,AS2,L_B_0232,START,,,,,2026-10-06T09:33:19,ISO8601,2026-10-06T09:29:30
IPC_T1_001818,T1,L_B_0232,START,,,,,2026-10-06T09:30:00,ISO8601,2026-10-06T09:32:00
IPC_PK_001819,PK,L_B_0232,START,,,,,2026-10-06T09:32:30,ISO8601,2026-10-06T09:34:30
IPC_SHP_001820,SHP,L_B_0232,START,,,,,2026-10-06T09:35:00,ISO8601,2026-10-06T09:37:00
IPC_INB_001821,INB,L_A_0233,START,,,,,2026-10-07T06:00:00,ISO8601,2026-10-07T06:02:00
IPC_M1_001822,M1,L_A_0233,START,,,,4.5,2026-10-07T06:02:30,ISO8601,2026-10-07T06:04:30
IPC_M2_001823,M2,L_A_0233,START,,177.9,40.2,,2026-10-07T06:01:16,ISO8601,2026-10-07T06:07:00
IPC_HT_001824,HT,L_A_0233,START,,179.8,,,2026-10-07T06:07:30,ISO8601,2026-10-07T06:17:30
IPC_AS1_001825,AS1,L_A_0233,START,,,,,2026-10-07T06:18:00,ISO8601,2026-10-07T06:20:00
IPC_T1_001826,T1,L_A_0233,START,,,,,2026-10-07T06:20:30,ISO8601,2026-10-07T06:22:30
IPC_PK_001827,PK,L_A_0233,START,,,,,2026-10-07T06:23:00,ISO8601,2026-10-07T06:25:00
IPC_SHP_001828,SHP,L_A_0233,START,,,,,2026-10-07T06:25:30,ISO8601,2026-10-07T06:27:30
IPC_INB_001829,INB,L_A_0234,START,,,,,2026-10-07T14:48:00,ISO8601,2026-10-07T14:50:00
IPC_M1_001830,M1,L_A_0234,START,,,,3.3,2026-10-07T14:50:30,ISO8601,2026-10-07T14:52:30
IPC_M2_001831,M2,L_A_0234,START,,173.5,44.0,,2026-10-07T14:49:16,ISO8601,2026-10-07T14:55:00
IPC_HT_001832,HT,L_A_0234,START,FMEA-M2-001,176.3,,,2026-10-07T14:55:30,ISO8601,2026-10-07T15:05:30
IPC_AS1_001833,AS1,L_A_0234,START,,,,,2026-10-07T15:06:00,ISO8601,2026-10-07T15:08:00
IPC_T1_001834,T1,L_A_0234,START,,,,,2026-10-07T15:08:30,ISO8601,2026-10-07T15:10:30
IPC_PK_001835,PK,L_A_0234,START,,,,,2026-10-07T15:11:00,ISO8601,2026-10-07T15:13:00
IPC_SHP_001836,SHP,L_A_0234,START,,,,,2026-10-07T15:13:30,ISO8601,2026-10-07T15:15:30
IPC_INB_001837,INB,L_B_0235,START,,,,,2026-10-07T07:36:00,ISO8601,2026-10-07T07:38:00
IPC_M1_001838,M1,L_B_0235,START,,,,3.4,2026-10-07T07:38:30,ISO8601,2026-10-07T07:40:30
IPC_HT_001839,HT,L_B_0235,START,,174.3,,,2026-10-07T07:41:00,ISO8601,2026-10-07T07:51:00
IPC_AS2_001840,AS2,L_B_0235,START,,,,,2026-10-07T07:57:18,ISO8601,2026-10-07T07:53:30
IPC_T1_001841,T1,L_B_0235,START,,,,,2026-10-07T07:54:00,ISO8601,2026-10-07T07:56:00
IPC_PK_001842,PK,L_B_0235,START,,,,,2026-10-07T07:56:30,ISO8601,2026-10-07T07:58:30
IPC_SHP_001843,SHP,L_B_0235,START,,,,,2026-10-07T07:59:00,ISO8601,2026-10-07T08:01:00
IPC_INB_001844,INB,L_B_0236,START,,,,,2026-10-07T16:24:00,ISO8601,2026-10-07T16:26:00
IPC_M1_001845,M1,L_B_0236,START,,,,3.2,2026-10-07T16:26:30,ISO8601,2026-10-07T16:28:30
IPC_HT_001846,HT,L_B_0236,START,FMEA-M2-001,193.0,,,2026-10-07T16:29:00,ISO8601,2026-10-07T16:39:00
IPC_AS2_001847,AS2,L_B_0236,START,,,,,2026-10-07T16:45:18,ISO8601,2026-10-07T16:41:30
IPC_T1_001848,T1,L_B_0236,START,,,,,2026-10-07T16:42:00,ISO8601,2026-10-07T16:44:00
IPC_PK_001849,PK,L_B_0236,START,,,,,2026-10-07T16:44:30,ISO8601,2026-10-07T16:46:30
IPC_SHP_001850,SHP,L_B_0236,START,,,,,2026-10-07T16:47:00,ISO8601,2026-10-07T16:49:00
IPC_INB_001851,INB,L_A_0237,START,,,,,2026-10-07T09:12:00,ISO8601,2026-10-07T09:14:00
IPC_M1_001852,M1,L_A_0237,START,,,,4.9,2026-10-07T09:14:30,ISO8601,2026-10-07T09:16:30
IPC_M2_001853,M2,L_A_0237,START,,178.2,43.9,,2026-10-07T09:13:16,ISO8601,2026-10-07T09:19:00
IPC_HT_001854,HT,L_A_0237,START,,173.6,,,2026-10-07T09:19:30,ISO8601,2026-10-07T09:29:30
IPC_AS1_001855,AS1,L_A_0237,START,FMEA-M2-001,,,,2026-10-07T09:30:00,ISO8601,2026-10-07T09:32:00
IPC_T1_001856,T1,L_A_0237,START,,,,,2026-10-07T09:32:30,ISO8601,2026-10-07T09:34:30
IPC_PK_001857,PK,L_A_0237,START,,,,,2026-10-07T09:35:00,ISO8601,2026-10-07T09:37:00
IPC_SHP_001858,SHP,L_A_0237,START,,,,,2026-10-07T09:37:30,ISO8601,2026-10-07T09:39:30
IPC_INB_001859,INB,L_A_0238,START,,,,,2026-10-07T18:00:00,ISO8601,2026-10-07T18:02:00
IPC_M1_001860,M1,L_A_0238,START,,,,5.8,2026-10-07T18:02:30,ISO8601,2026-10-07T18:04:30
IPC_M2_001861,M2,L_A_0238,START,,177.1,41.6,,2026-10-07T18:01:16,ISO8601,2026-10-07T18:07:00
IPC_HT_001862,HT,L_A_0238,START,,176.7,,,2026-10-07T18:07:30,ISO8601,2026-10-07T18:17:30
IPC_AS1_001863,AS1,L_A_0238,START,,,,,2026-10-07T18:18:00,ISO8601,2026-10-07T18:20:00
IPC_T1_001864,T1,L_A_0238,START,,,,,2026-10-07T18:20:30,ISO8601,2026-10-07T18:22:30
IPC_PK_001865,PK,L_A_0238,START,,,,,2026-10-07T18:23:00,ISO8601,2026-10-07T18:25:00
IPC_SHP_001866,SHP,L_A_0238,START,,,,,2026-10-07T18:25:30,ISO8601,2026-10-07T18:27:30
IPC_INB_001867,INB,L_B_0239,START,,,,,2026-10-07T10:48:00,ISO8601,2026-10-07T10:50:00
IPC_M1_001868,M1,L_B_0239,START,,,,2.7,2026-10-07T10:50:30,ISO8601,2026-10-07T10:52:30
IPC_HT_001869,HT,L_B_0239,START,,180.2,,,2026-10-07T10:53:00,ISO8601,2026-10-07T11:03:00
IPC_AS2_001870,AS2,L_B_0239,START,,,,,2026-10-07T11:09:18,ISO8601,2026-10-07T11:05:30
IPC_T1_001871,T1,L_B_0239,START,,,,,2026-10-07T11:06:00,ISO8601,2026-10-07T11:08:00
IPC_PK_001872,PK,L_B_0239,START,,,,,2026-10-07T11:08:30,ISO8601,2026-10-07T11:10:30
IPC_SHP_001873,SHP,L_B_0239,START,,,,,2026-10-07T11:11:00,ISO8601,2026-10-07T11:13:00
IPC_INB_001874,INB,L_B_0240,START,,,,,2026-10-07T19:36:00,ISO8601,2026-10-07T19:38:00
IPC_M1_001875,M1,L_B_0240,START,,,,1.7,2026-10-07T19:38:30,ISO8601,2026-10-07T19:40:30
IPC_HT_001876,HT,L_B_0240,START,,175.7,,,2026-10-07T19:41:00,ISO8601,2026-10-07T19:51:00
IPC_AS2_001877,AS2,L_B_0240,START,,,,,2026-10-07T19:57:18,ISO8601,2026-10-07T19:53:30
IPC_T1_001878,T1,L_B_0240,START,,,,,2026-10-07T19:54:00,ISO8601,2026-10-07T19:56:00
IPC_PK_001879,PK,L_B_0240,START,,,,,2026-10-07T19:56:30,ISO8601,2026-10-07T19:58:30
IPC_SHP_001880,SHP,L_B_0240,START,,,,,2026-10-07T19:59:00,ISO8601,2026-10-07T20:01:00
IPC_INB_001881,INB,L_A_0241,START,,,,,2026-10-07T06:00:00,ISO8601,2026-10-07T06:02:00
IPC_M1_001882,M1,L_A_0241,START,,,,2.1,2026-10-07T06:02:30,ISO8601,2026-10-07T06:04:30
IPC_M2_001883,M2,L_A_0241,START,,178.6,46.5,,2026-10-07T06:01:16,ISO8601,2026-10-07T06:07:00
IPC_HT_001884,HT,L_A_0241,START,FMEA-M2-001,173.1,,,2026-10-07T06:07:30,ISO8601,2026-10-07T06:17:30
IPC_AS1_001885,AS1,L_A_0241,START,,,,,2026-10-07T06:18:00,ISO8601,2026-10-07T06:20:00
IPC_T1_001886,T1,L_A_0241,START,,,,,2026-10-07T06:20:30,ISO8601,2026-10-07T06:22:30
IPC_PK_001887,PK,L_A_0241,START,,,,,2026-10-07T06:23:00,ISO8601,2026-10-07T06:25:00
IPC_SHP_001888,SHP,L_A_0241,START,,,,,2026-10-07T06:25:30,ISO8601,2026-10-07T06:27:30
IPC_INB_001889,INB,L_A_0242,START,,,,,2026-10-07T14:48:00,ISO8601,2026-10-07T14:50:00
IPC_M1_001890,M1,L_A_0242,START,,,,3.0,2026-10-07T14:50:30,ISO8601,2026-10-07T14:52:30
IPC_M2_001891,M2,L_A_0242,START,,180.9,46.4,,2026-10-07T14:49:16,ISO8601,2026-10-07T14:55:00
IPC_HT_001892,HT,L_A_0242,START,,181.6,,,2026-10-07T14:55:30,ISO8601,2026-10-07T15:05:30
IPC_AS1_001893,AS1,L_A_0242,START,,,,,2026-10-07T15:06:00,ISO8601,2026-10-07T15:08:00
IPC_T1_001894,T1,L_A_0242,START,,,,,2026-10-07T15:08:30,ISO8601,2026-10-07T15:10:30
IPC_PK_001895,PK,L_A_0242,START,,,,,2026-10-07T15:11:00,ISO8601,2026-10-07T15:13:00
IPC_SHP_001896,SHP,L_A_0242,START,,,,,2026-10-07T15:13:30,ISO8601,2026-10-07T15:15:30
IPC_INB_001897,INB,L_B_0243,START,FMEA-M2-001,,,,2026-10-07T07:36:00,ISO8601,2026-10-07T07:38:00
IPC_M1_001898,M1,L_B_0243,START,,,,5.9,2026-10-07T07:38:30,ISO8601,2026-10-07T07:40:30
IPC_HT_001899,HT,L_B_0243,START,,180.6,,,2026-10-07T07:41:00,ISO8601,2026-10-07T07:51:00
IPC_AS2_001900,AS2,L_B_0243,START,,,,,2026-10-07T07:57:18,ISO8601,2026-10-07T07:53:30
IPC_T1_001901,T1,L_B_0243,START,,,,,2026-10-07T07:54:00,ISO8601,2026-10-07T07:56:00
IPC_PK_001902,PK,L_B_0243,START,,,,,2026-10-07T07:56:30,ISO8601,2026-10-07T07:58:30
IPC_SHP_001903,SHP,L_B_0243,START,,,,,2026-10-07T07:59:00,ISO8601,2026-10-07T08:01:00
IPC_INB_001904,INB,L_B_0244,START,FMEA-M2-001,,,,2026-10-07T16:24:00,ISO8601,2026-10-07T16:26:00
IPC_M1_001905,M1,L_B_0244,START,,,,4.6,2026-10-07T16:26:30,ISO8601,2026-10-07T16:28:30
IPC_HT_001906,HT,L_B_0244,START,,175.3,,,2026-10-07T16:29:00,ISO8601,2026-10-07T16:39:00
IPC_AS2_001907,AS2,L_B_0244,START,,,,,2026-10-07T16:45:18,ISO8601,2026-10-07T16:41:30
IPC_T1_001908,T1,L_B_0244,START,,,,,2026-10-07T16:42:00,ISO8601,2026-10-07T16:44:00
IPC_PK_001909,PK,L_B_0244,START,,,,,2026-10-07T16:44:30,ISO8601,2026-10-07T16:46:30
IPC_SHP_001910,SHP,L_B_0244,START,,,,,2026-10-07T16:47:00,ISO8601,2026-10-07T16:49:00
IPC_INB_001911,INB,L_A_0245,START,,,,,2026-10-07T09:12:00,ISO8601,2026-10-07T09:14:00
IPC_M1_001912,M1,L_A_0245,START,,,,2.9,2026-10-07T09:14:30,ISO8601,2026-10-07T09:16:30
IPC_M2_001913,M2,L_A_0245,START,,176.9,46.4,,2026-10-07T09:13:16,ISO8601,2026-10-07T09:19:00
IPC_HT_001914,HT,L_A_0245,START,,175.7,,,2026-10-07T09:19:30,ISO8601,2026-10-07T09:29:30
IPC_AS1_001915,AS1,L_A_0245,START,,,,,2026-10-07T09:30:00,ISO8601,2026-10-07T09:32:00
IPC_T1_001916,T1,L_A_0245,START,,,,,2026-10-07T09:32:30,ISO8601,2026-10-07T09:34:30
IPC_PK_001917,PK,L_A_0245,START,,,,,2026-10-07T09:35:00,ISO8601,2026-10-07T09:37:00
IPC_SHP_001918,SHP,L_A_0245,START,,,,,2026-10-07T09:37:30,ISO8601,2026-10-07T09:39:30
IPC_INB_001919,INB,L_A_0246,START,FMEA-M2-001,,,,2026-10-07T18:00:00,ISO8601,2026-10-07T18:02:00
IPC_M1_001920,M1,L_A_0246,START,,,,4.1,2026-10-07T18:02:30,ISO8601,2026-10-07T18:04:30
IPC_M2_001921,M2,L_A_0246,START,,178.3,46.3,,2026-10-07T18:01:16,ISO8601,2026-10-07T18:07:00
IPC_HT_001922,HT,L_A_0246,START,,173.5,,,2026-10-07T18:07:30,ISO8601,2026-10-07T18:17:30
IPC_AS1_001923,AS1,L_A_0246,START,,,,,2026-10-07T18:18:00,ISO8601,2026-10-07T18:20:00
IPC_T1_001924,T1,L_A_0246,START,,,,,2026-10-07T18:20:30,ISO8601,2026-10-07T18:22:30
IPC_PK_001925,PK,L_A_0246,START,,,,,2026-10-07T18:23:00,ISO8601,2026-10-07T18:25:00
IPC_SHP_001926,SHP,L_A_0246,START,,,,,2026-10-07T18:25:30,ISO8601,2026-10-07T18:27:30
IPC_INB_001927,INB,L_B_0247,START,,,,,2026-10-07T10:48:00,ISO8601,2026-10-07T10:50:00
IPC_M1_001928,M1,L_B_0247,START,,,,4.6,2026-10-07T10:50:30,ISO8601,2026-10-07T10:52:30
IPC_HT_001929,HT,L_B_0247,START,,181.0,,,2026-10-07T10:53:00,ISO8601,2026-10-07T11:03:00
IPC_AS2_001930,AS2,L_B_0247,START,,,,,2026-10-07T11:09:18,ISO8601,2026-10-07T11:05:30
IPC_T1_001931,T1,L_B_0247,START,,,,,2026-10-07T11:06:00,ISO8601,2026-10-07T11:08:00
IPC_PK_001932,PK,L_B_0247,START,,,,,2026-10-07T11:08:30,ISO8601,2026-10-07T11:10:30
IPC_SHP_001933,SHP,L_B_0247,START,,,,,2026-10-07T11:11:00,ISO8601,2026-10-07T11:13:00
IPC_INB_001934,INB,L_B_0248,START,,,,,2026-10-07T19:36:00,ISO8601,2026-10-07T19:38:00
IPC_M1_001935,M1,L_B_0248,START,,,,2.9,2026-10-07T19:38:30,ISO8601,2026-10-07T19:40:30
IPC_HT_001936,HT,L_B_0248,START,,174.7,,,2026-10-07T19:41:00,ISO8601,2026-10-07T19:51:00
IPC_AS2_001937,AS2,L_B_0248,START,,,,,2026-10-07T19:57:18,ISO8601,2026-10-07T19:53:30
IPC_T1_001938,T1,L_B_0248,START,,,,,2026-10-07T19:54:00,ISO8601,2026-10-07T19:56:00
IPC_PK_001939,PK,L_B_0248,START,,,,,2026-10-07T19:56:30,ISO8601,2026-10-07T19:58:30
IPC_SHP_001940,SHP,L_B_0248,START,,,,,2026-10-07T19:59:00,ISO8601,2026-10-07T20:01:00
IPC_INB_001941,INB,L_A_0249,START,,,,,2026-10-07T06:00:00,ISO8601,2026-10-07T06:02:00
IPC_M1_001942,M1,L_A_0249,START,,,,1.1,2026-10-07T06:02:30,ISO8601,2026-10-07T06:04:30
IPC_M2_001943,M2,L_A_0249,START,,177.8,46.4,,2026-10-07T06:01:16,ISO8601,2026-10-07T06:07:00
IPC_HT_001944,HT,L_A_0249,START,,180.5,,,2026-10-07T06:07:30,ISO8601,2026-10-07T06:17:30
IPC_AS1_001945,AS1,L_A_0249,START,FMEA-M2-001,,,,2026-10-07T06:18:00,ISO8601,2026-10-07T06:20:00
IPC_T1_001946,T1,L_A_0249,START,FMEA-M2-001,,,,2026-10-07T06:20:30,ISO8601,2026-10-07T06:22:30
IPC_PK_001947,PK,L_A_0249,START,,,,,2026-10-07T06:23:00,ISO8601,2026-10-07T06:25:00
IPC_SHP_001948,SHP,L_A_0249,START,,,,,2026-10-07T06:25:30,ISO8601,2026-10-07T06:27:30
IPC_INB_001949,INB,L_A_0250,START,,,,,2026-10-07T14:48:00,ISO8601,2026-10-07T14:50:00
IPC_M1_001950,M1,L_A_0250,START,,,,5.4,2026-10-07T14:50:30,ISO8601,2026-10-07T14:52:30
IPC_M2_001951,M2,L_A_0250,START,,178.0,40.3,,2026-10-07T14:49:16,ISO8601,2026-10-07T14:55:00
IPC_HT_001952,HT,L_A_0250,START,,182.0,,,2026-10-07T14:55:30,ISO8601,2026-10-07T15:05:30
IPC_AS1_001953,AS1,L_A_0250,START,,,,,2026-10-07T15:06:00,ISO8601,2026-10-07T15:08:00
IPC_T1_001954,T1,L_A_0250,START,,,,,2026-10-07T15:08:30,ISO8601,2026-10-07T15:10:30
IPC_PK_001955,PK,L_A_0250,START,,,,,2026-10-07T15:11:00,ISO8601,2026-10-07T15:13:00
IPC_SHP_001956,SHP,L_A_0250,START,,,,,2026-10-07T15:13:30,ISO8601,2026-10-07T15:15:30
IPC_INB_001957,INB,L_B_0251,START,,,,,2026-10-07T07:36:00,ISO8601,2026-10-07T07:38:00
IPC_M1_001958,M1,L_B_0251,START,,,,3.7,2026-10-07T07:38:30,ISO8601,2026-10-07T07:40:30
IPC_HT_001959,HT,L_B_0251,START,,178.7,,,2026-10-07T07:41:00,ISO8601,2026-10-07T07:51:00
IPC_AS2_001960,AS2,L_B_0251,START,,,,,2026-10-07T07:57:18,ISO8601,2026-10-07T07:53:30
IPC_T1_001961,T1,L_B_0251,START,,,,,2026-10-07T07:54:00,ISO8601,2026-10-07T07:56:00
IPC_PK_001962,PK,L_B_0251,START,,,,,2026-10-07T07:56:30,ISO8601,2026-10-07T07:58:30
IPC_SHP_001963,SHP,L_B_0251,START,,,,,2026-10-07T07:59:00,ISO8601,2026-10-07T08:01:00
IPC_INB_001964,INB,L_B_0252,START,,,,,2026-10-07T16:24:00,ISO8601,2026-10-07T16:26:00
IPC_M1_001965,M1,L_B_0252,START,,,,3.5,2026-10-07T16:26:30,ISO8601,2026-10-07T16:28:30
IPC_HT_001966,HT,L_B_0252,START,,178.3,,,2026-10-07T16:29:00,ISO8601,2026-10-07T16:39:00
IPC_AS2_001967,AS2,L_B_0252,START,,,,,2026-10-07T16:45:18,ISO8601,2026-10-07T16:41:30
IPC_T1_001968,T1,L_B_0252,START,,,,,2026-10-07T16:42:00,ISO8601,2026-10-07T16:44:00
IPC_PK_001969,PK,L_B_0252,START,FMEA-M2-001,,,,2026-10-07T16:44:30,ISO8601,2026-10-07T16:46:30
IPC_SHP_001970,SHP,L_B_0252,START,,,,,2026-10-07T16:47:00,ISO8601,2026-10-07T16:49:00
IPC_INB_001971,INB,L_A_0253,START,,,,,2026-10-07T09:12:00,ISO8601,2026-10-07T09:14:00
IPC_M1_001972,M1,L_A_0253,START,,,,4.7,2026-10-07T09:14:30,ISO8601,2026-10-07T09:16:30
IPC_M2_001973,M2,L_A_0253,START,,175.4,43.9,,2026-10-07T09:13:16,ISO8601,2026-10-07T09:19:00
IPC_HT_001974,HT,L_A_0253,START,,172.9,,,2026-10-07T09:19:30,ISO8601,2026-10-07T09:29:30
IPC_AS1_001975,AS1,L_A_0253,START,,,,,2026-10-07T09:30:00,ISO8601,2026-10-07T09:32:00
IPC_T1_001976,T1,L_A_0253,START,,,,,2026-10-07T09:32:30,ISO8601,2026-10-07T09:34:30
IPC_PK_001977,PK,L_A_0253,START,,,,,2026-10-07T09:35:00,ISO8601,2026-10-07T09:37:00
IPC_SHP_001978,SHP,L_A_0253,START,,,,,2026-10-07T09:37:30,ISO8601,2026-10-07T09:39:30
IPC_INB_001979,INB,L_A_0254,START,,,,,2026-10-07T18:00:00,ISO8601,2026-10-07T18:02:00
IPC_M1_001980,M1,L_A_0254,START,,,,2.3,2026-10-07T18:02:30,ISO8601,2026-10-07T18:04:30
IPC_M2_001981,M2,L_A_0254,START,,179.6,44.2,,2026-10-07T18:01:16,ISO8601,2026-10-07T18:07:00
IPC_HT_001982,HT,L_A_0254,START,,178.8,,,2026-10-07T18:07:30,ISO8601,2026-10-07T18:17:30
IPC_AS1_001983,AS1,L_A_0254,START,,,,,2026-10-07T18:18:00,ISO8601,2026-10-07T18:20:00
IPC_T1_001984,T1,L_A_0254,START,,,,,2026-10-07T18:20:30,ISO8601,2026-10-07T18:22:30
IPC_PK_001985,PK,L_A_0254,START,,,,,2026-10-07T18:23:00,ISO8601,2026-10-07T18:25:00
IPC_SHP_001986,SHP,L_A_0254,START,,,,,2026-10-07T18:25:30,ISO8601,2026-10-07T18:27:30
IPC_INB_001987,INB,L_B_0255,START,,,,,2026-10-07T10:48:00,ISO8601,2026-10-07T10:50:00
IPC_M1_001988,M1,L_B_0255,START,,,,5.0,2026-10-07T10:50:30,ISO8601,2026-10-07T10:52:30
IPC_HT_001989,HT,L_B_0255,START,,176.2,,,2026-10-07T10:53:00,ISO8601,2026-10-07T11:03:00
IPC_AS2_001990,AS2,L_B_0255,START,,,,,2026-10-07T11:09:18,ISO8601,2026-10-07T11:05:30
IPC_T1_001991,T1,L_B_0255,START,,,,,2026-10-07T11:06:00,ISO8601,2026-10-07T11:08:00
IPC_PK_001992,PK,L_B_0255,START,,,,,2026-10-07T11:08:30,ISO8601,2026-10-07T11:10:30
IPC_SHP_001993,SHP,L_B_0255,START,,,,,2026-10-07T11:11:00,ISO8601,2026-10-07T11:13:00
IPC_INB_001994,INB,L_B_0256,START,,,,,2026-10-07T19:36:00,ISO8601,2026-10-07T19:38:00
IPC_M1_001995,M1,L_B_0256,START,,,,2.6,2026-10-07T19:38:30,ISO8601,2026-10-07T19:40:30
IPC_HT_001996,HT,L_B_0256,START,,175.0,,,2026-10-07T19:41:00,ISO8601,2026-10-07T19:51:00
IPC_AS2_001997,AS2,L_B_0256,START,,,,,2026-10-07T19:57:18,ISO8601,2026-10-07T19:53:30
IPC_T1_001998,T1,L_B_0256,START,,,,,2026-10-07T19:54:00,ISO8601,2026-10-07T19:56:00
IPC_PK_001999,PK,L_B_0256,START,,,,,2026-10-07T19:56:30,ISO8601,2026-10-07T19:58:30
IPC_SHP_002000,SHP,L_B_0256,START,,,,,2026-10-07T19:59:00,ISO8601,2026-10-07T20:01:00
IPC_INB_002001,INB,L_A_0257,START,,,,,2026-10-07T06:00:00,ISO8601,2026-10-07T06:02:00
IPC_M1_002002,M1,L_A_0257,START,,,,3.7,2026-10-07T06:02:30,ISO8601,2026-10-07T06:04:30
IPC_M2_002003,M2,L_A_0257,START,,175.6,42.4,,2026-10-07T06:01:16,ISO8601,2026-10-07T06:07:00
IPC_HT_002004,HT,L_A_0257,START,FMEA-M2-001,180.5,,,2026-10-07T06:07:30,ISO8601,2026-10-07T06:17:30
IPC_AS1_002005,AS1,L_A_0257,START,,,,,2026-10-07T06:18:00,ISO8601,2026-10-07T06:20:00
IPC_T1_002006,T1,L_A_0257,START,,,,,2026-10-07T06:20:30,ISO8601,2026-10-07T06:22:30
IPC_PK_002007,PK,L_A_0257,START,,,,,2026-10-07T06:23:00,ISO8601,2026-10-07T06:25:00
IPC_SHP_002008,SHP,L_A_0257,START,,,,,2026-10-07T06:25:30,ISO8601,2026-10-07T06:27:30
IPC_INB_002009,INB,L_A_0258,START,,,,,2026-10-07T14:48:00,ISO8601,2026-10-07T14:50:00
IPC_M1_002010,M1,L_A_0258,START,,,,5.7,2026-10-07T14:50:30,ISO8601,2026-10-07T14:52:30
IPC_M2_002011,M2,L_A_0258,START,,175.1,46.2,,2026-10-07T14:49:16,ISO8601,2026-10-07T14:55:00
IPC_HT_002012,HT,L_A_0258,START,,181.9,,,2026-10-07T14:55:30,ISO8601,2026-10-07T15:05:30
IPC_AS1_002013,AS1,L_A_0258,START,,,,,2026-10-07T15:06:00,ISO8601,2026-10-07T15:08:00
IPC_T1_002014,T1,L_A_0258,START,,,,,2026-10-07T15:08:30,ISO8601,2026-10-07T15:10:30
IPC_PK_002015,PK,L_A_0258,START,,,,,2026-10-07T15:11:00,ISO8601,2026-10-07T15:13:00
IPC_SHP_002016,SHP,L_A_0258,START,,,,,2026-10-07T15:13:30,ISO8601,2026-10-07T15:15:30
IPC_INB_002017,INB,L_B_0259,START,,,,,2026-10-07T07:36:00,ISO8601,2026-10-07T07:38:00
IPC_M1_002018,M1,L_B_0259,START,,,,4.2,2026-10-07T07:38:30,ISO8601,2026-10-07T07:40:30
IPC_HT_002019,HT,L_B_0259,START,,175.3,,,2026-10-07T07:41:00,ISO8601,2026-10-07T07:51:00
IPC_AS2_002020,AS2,L_B_0259,START,,,,,2026-10-07T07:57:18,ISO8601,2026-10-07T07:53:30
IPC_T1_002021,T1,L_B_0259,START,,,,,2026-10-07T07:54:00,ISO8601,2026-10-07T07:56:00
IPC_PK_002022,PK,L_B_0259,START,,,,,2026-10-07T07:56:30,ISO8601,2026-10-07T07:58:30
IPC_SHP_002023,SHP,L_B_0259,START,,,,,2026-10-07T07:59:00,ISO8601,2026-10-07T08:01:00
IPC_INB_002024,INB,L_B_0260,START,,,,,2026-10-07T16:24:00,ISO8601,2026-10-07T16:26:00
IPC_M1_002025,M1,L_B_0260,START,,,,3.9,2026-10-07T16:26:30,ISO8601,2026-10-07T16:28:30
IPC_HT_002026,HT,L_B_0260,START,,178.9,,,2026-10-07T16:29:00,ISO8601,2026-10-07T16:39:00
IPC_AS2_002027,AS2,L_B_0260,START,,,,,2026-10-07T16:45:18,ISO8601,2026-10-07T16:41:30
IPC_T1_002028,T1,L_B_0260,START,,,,,2026-10-07T16:42:00,ISO8601,2026-10-07T16:44:00
IPC_PK_002029,PK,L_B_0260,START,,,,,2026-10-07T16:44:30,ISO8601,2026-10-07T16:46:30
IPC_SHP_002030,SHP,L_B_0260,START,,,,,2026-10-07T16:47:00,ISO8601,2026-10-07T16:49:00
IPC_INB_002031,INB,L_A_0261,START,,,,,2026-10-08T06:00:00,ISO8601,2026-10-08T06:02:00
IPC_M1_002032,M1,L_A_0261,START,,,,2.5,2026-10-08T06:02:30,ISO8601,2026-10-08T06:04:30
IPC_M2_002033,M2,L_A_0261,START,,179.9,43.1,,2026-10-08T06:01:18,ISO8601,2026-10-08T06:07:00
IPC_HT_002034,HT,L_A_0261,START,,172.4,,,2026-10-08T06:07:30,ISO8601,2026-10-08T06:17:30
IPC_AS1_002035,AS1,L_A_0261,START,,,,,2026-10-08T06:18:00,ISO8601,2026-10-08T06:20:00
IPC_T1_002036,T1,L_A_0261,START,,,,,2026-10-08T06:20:30,ISO8601,2026-10-08T06:22:30
IPC_PK_002037,PK,L_A_0261,START,,,,,2026-10-08T06:23:00,ISO8601,2026-10-08T06:25:00
IPC_SHP_002038,SHP,L_A_0261,START,,,,,2026-10-08T06:25:30,ISO8601,2026-10-08T06:27:30
IPC_INB_002039,INB,L_A_0262,START,,,,,2026-10-08T14:48:00,ISO8601,2026-10-08T14:50:00
IPC_M1_002040,M1,L_A_0262,START,,,,1.7,2026-10-08T14:50:30,ISO8601,2026-10-08T14:52:30
IPC_M2_002041,M2,L_A_0262,START,,177.8,45.7,,2026-10-08T14:49:18,ISO8601,2026-10-08T14:55:00
IPC_HT_002042,HT,L_A_0262,START,,170.5,,,2026-10-08T14:55:30,ISO8601,2026-10-08T15:05:30
IPC_AS1_002043,AS1,L_A_0262,START,,,,,2026-10-08T15:06:00,ISO8601,2026-10-08T15:08:00
IPC_T1_002044,T1,L_A_0262,START,,,,,2026-10-08T15:08:30,ISO8601,2026-10-08T15:10:30
IPC_PK_002045,PK,L_A_0262,START,,,,,2026-10-08T15:11:00,ISO8601,2026-10-08T15:13:00
IPC_SHP_002046,SHP,L_A_0262,START,,,,,2026-10-08T15:13:30,ISO8601,2026-10-08T15:15:30
IPC_INB_002047,INB,L_B_0263,START,,,,,2026-10-08T07:36:00,ISO8601,2026-10-08T07:38:00
IPC_M1_002048,M1,L_B_0263,START,,,,4.4,2026-10-08T07:38:30,ISO8601,2026-10-08T07:40:30
IPC_HT_002049,HT,L_B_0263,START,,176.8,,,2026-10-08T07:41:00,ISO8601,2026-10-08T07:51:00
IPC_AS2_002050,AS2,L_B_0263,START,,,,,2026-10-08T07:57:16,ISO8601,2026-10-08T07:53:30
IPC_T1_002051,T1,L_B_0263,START,FMEA-M2-001,,,,2026-10-08T07:54:00,ISO8601,2026-10-08T07:56:00
IPC_PK_002052,PK,L_B_0263,START,,,,,2026-10-08T07:56:30,ISO8601,2026-10-08T07:58:30
IPC_SHP_002053,SHP,L_B_0263,START,,,,,2026-10-08T07:59:00,ISO8601,2026-10-08T08:01:00
IPC_INB_002054,INB,L_B_0264,START,,,,,2026-10-08T16:24:00,ISO8601,2026-10-08T16:26:00
IPC_M1_002055,M1,L_B_0264,START,,,,1.9,2026-10-08T16:26:30,ISO8601,2026-10-08T16:28:30
IPC_HT_002056,HT,L_B_0264,START,,171.9,,,2026-10-08T16:29:00,ISO8601,2026-10-08T16:39:00
IPC_AS2_002057,AS2,L_B_0264,START,,,,,2026-10-08T16:45:16,ISO8601,2026-10-08T16:41:30
IPC_T1_002058,T1,L_B_0264,START,,,,,2026-10-08T16:42:00,ISO8601,2026-10-08T16:44:00
IPC_PK_002059,PK,L_B_0264,START,,,,,2026-10-08T16:44:30,ISO8601,2026-10-08T16:46:30
IPC_SHP_002060,SHP,L_B_0264,START,,,,,2026-10-08T16:47:00,ISO8601,2026-10-08T16:49:00
IPC_INB_002061,INB,L_A_0265,START,,,,,2026-10-08T09:12:00,ISO8601,2026-10-08T09:14:00
IPC_M1_002062,M1,L_A_0265,START,FMEA-M2-001,,,2.8,2026-10-08T09:14:30,ISO8601,2026-10-08T09:16:30
IPC_M2_002063,M2,L_A_0265,START,,178.0,44.0,,2026-10-08T09:13:18,ISO8601,2026-10-08T09:19:00
IPC_HT_002064,HT,L_A_0265,START,,182.3,,,2026-10-08T09:19:30,ISO8601,2026-10-08T09:29:30
IPC_AS1_002065,AS1,L_A_0265,START,,,,,2026-10-08T09:30:00,ISO8601,2026-10-08T09:32:00
IPC_T1_002066,T1,L_A_0265,START,,,,,2026-10-08T09:32:30,ISO8601,2026-10-08T09:34:30
IPC_PK_002067,PK,L_A_0265,START,,,,,2026-10-08T09:35:00,ISO8601,2026-10-08T09:37:00
IPC_SHP_002068,SHP,L_A_0265,START,,,,,2026-10-08T09:37:30,ISO8601,2026-10-08T09:39:30
IPC_INB_002069,INB,L_A_0266,START,,,,,2026-10-08T18:00:00,ISO8601,2026-10-08T18:02:00
IPC_M1_002070,M1,L_A_0266,START,,,,3.6,2026-10-08T18:02:30,ISO8601,2026-10-08T18:04:30
IPC_M2_002071,M2,L_A_0266,START,,178.5,44.3,,2026-10-08T18:01:18,ISO8601,2026-10-08T18:07:00
IPC_HT_002072,HT,L_A_0266,START,,176.2,,,2026-10-08T18:07:30,ISO8601,2026-10-08T18:17:30
IPC_AS1_002073,AS1,L_A_0266,START,,,,,2026-10-08T18:18:00,ISO8601,2026-10-08T18:20:00
IPC_T1_002074,T1,L_A_0266,START,,,,,2026-10-08T18:20:30,ISO8601,2026-10-08T18:22:30
IPC_PK_002075,PK,L_A_0266,START,,,,,2026-10-08T18:23:00,ISO8601,2026-10-08T18:25:00
IPC_SHP_002076,SHP,L_A_0266,START,,,,,2026-10-08T18:25:30,ISO8601,2026-10-08T18:27:30
IPC_INB_002077,INB,L_B_0267,START,,,,,2026-10-08T10:48:00,ISO8601,2026-10-08T10:50:00
IPC_M1_002078,M1,L_B_0267,START,,,,2.8,2026-10-08T10:50:30,ISO8601,2026-10-08T10:52:30
IPC_HT_002079,HT,L_B_0267,START,,181.0,,,2026-10-08T10:53:00,ISO8601,2026-10-08T11:03:00
IPC_AS2_002080,AS2,L_B_0267,START,,,,,2026-10-08T11:09:16,ISO8601,2026-10-08T11:05:30
IPC_T1_002081,T1,L_B_0267,START,,,,,2026-10-08T11:06:00,ISO8601,2026-10-08T11:08:00
IPC_PK_002082,PK,L_B_0267,START,,,,,2026-10-08T11:08:30,ISO8601,2026-10-08T11:10:30
IPC_SHP_002083,SHP,L_B_0267,START,,,,,2026-10-08T11:11:00,ISO8601,2026-10-08T11:13:00
IPC_INB_002084,INB,L_B_0268,START,,,,,2026-10-08T19:36:00,ISO8601,2026-10-08T19:38:00
IPC_M1_002085,M1,L_B_0268,START,,,,3.3,2026-10-08T19:38:30,ISO8601,2026-10-08T19:40:30
IPC_HT_002086,HT,L_B_0268,START,,175.4,,,2026-10-08T19:41:00,ISO8601,2026-10-08T19:51:00
IPC_AS2_002087,AS2,L_B_0268,START,,,,,2026-10-08T19:57:16,ISO8601,2026-10-08T19:53:30
IPC_T1_002088,T1,L_B_0268,START,,,,,2026-10-08T19:54:00,ISO8601,2026-10-08T19:56:00
IPC_PK_002089,PK,L_B_0268,START,,,,,2026-10-08T19:56:30,ISO8601,2026-10-08T19:58:30
IPC_SHP_002090,SHP,L_B_0268,START,,,,,2026-10-08T19:59:00,ISO8601,2026-10-08T20:01:00
IPC_INB_002091,INB,L_A_0269,START,,,,,2026-10-08T06:00:00,ISO8601,2026-10-08T06:02:00
IPC_M1_002092,M1,L_A_0269,START,,,,3.1,2026-10-08T06:02:30,ISO8601,2026-10-08T06:04:30
IPC_M2_002093,M2,L_A_0269,START,,182.8,45.9,,2026-10-08T06:01:18,ISO8601,2026-10-08T06:07:00
IPC_HT_002094,HT,L_A_0269,START,,175.2,,,2026-10-08T06:07:30,ISO8601,2026-10-08T06:17:30
IPC_AS1_002095,AS1,L_A_0269,START,,,,,2026-10-08T06:18:00,ISO8601,2026-10-08T06:20:00
IPC_T1_002096,T1,L_A_0269,START,,,,,2026-10-08T06:20:30,ISO8601,2026-10-08T06:22:30
IPC_PK_002097,PK,L_A_0269,START,,,,,2026-10-08T06:23:00,ISO8601,2026-10-08T06:25:00
IPC_SHP_002098,SHP,L_A_0269,START,,,,,2026-10-08T06:25:30,ISO8601,2026-10-08T06:27:30
IPC_INB_002099,INB,L_A_0270,START,FMEA-M2-001,,,,2026-10-08T14:48:00,ISO8601,2026-10-08T14:50:00
IPC_M1_002100,M1,L_A_0270,START,,,,2.8,2026-10-08T14:50:30,ISO8601,2026-10-08T14:52:30
IPC_M2_002101,M2,L_A_0270,START,,180.9,43.0,,2026-10-08T14:49:18,ISO8601,2026-10-08T14:55:00
IPC_HT_002102,HT,L_A_0270,START,,172.7,,,2026-10-08T14:55:30,ISO8601,2026-10-08T15:05:30
IPC_AS1_002103,AS1,L_A_0270,START,,,,,2026-10-08T15:06:00,ISO8601,2026-10-08T15:08:00
IPC_T1_002104,T1,L_A_0270,START,,,,,2026-10-08T15:08:30,ISO8601,2026-10-08T15:10:30
IPC_PK_002105,PK,L_A_0270,START,,,,,2026-10-08T15:11:00,ISO8601,2026-10-08T15:13:00
IPC_SHP_002106,SHP,L_A_0270,START,,,,,2026-10-08T15:13:30,ISO8601,2026-10-08T15:15:30
IPC_INB_002107,INB,L_B_0271,START,,,,,2026-10-08T07:36:00,ISO8601,2026-10-08T07:38:00
IPC_M1_002108,M1,L_B_0271,START,,,,2.6,2026-10-08T07:38:30,ISO8601,2026-10-08T07:40:30
IPC_HT_002109,HT,L_B_0271,START,,176.5,,,2026-10-08T07:41:00,ISO8601,2026-10-08T07:51:00
IPC_AS2_002110,AS2,L_B_0271,START,,,,,2026-10-08T07:57:16,ISO8601,2026-10-08T07:53:30
IPC_T1_002111,T1,L_B_0271,START,,,,,2026-10-08T07:54:00,ISO8601,2026-10-08T07:56:00
IPC_PK_002112,PK,L_B_0271,START,,,,,2026-10-08T07:56:30,ISO8601,2026-10-08T07:58:30
IPC_SHP_002113,SHP,L_B_0271,START,,,,,2026-10-08T07:59:00,ISO8601,2026-10-08T08:01:00
IPC_INB_002114,INB,L_B_0272,START,,,,,2026-10-08T16:24:00,ISO8601,2026-10-08T16:26:00
IPC_M1_002115,M1,L_B_0272,START,,,,4.0,2026-10-08T16:26:30,ISO8601,2026-10-08T16:28:30
IPC_HT_002116,HT,L_B_0272,START,,179.1,,,2026-10-08T16:29:00,ISO8601,2026-10-08T16:39:00
IPC_AS2_002117,AS2,L_B_0272,START,,,,,2026-10-08T16:45:16,ISO8601,2026-10-08T16:41:30
IPC_T1_002118,T1,L_B_0272,START,,,,,2026-10-08T16:42:00,ISO8601,2026-10-08T16:44:00
IPC_PK_002119,PK,L_B_0272,START,,,,,2026-10-08T16:44:30,ISO8601,2026-10-08T16:46:30
IPC_SHP_002120,SHP,L_B_0272,START,,,,,2026-10-08T16:47:00,ISO8601,2026-10-08T16:49:00
IPC_INB_002121,INB,L_A_0273,START,,,,,2026-10-08T09:12:00,ISO8601,2026-10-08T09:14:00
IPC_M1_002122,M1,L_A_0273,START,,,,3.5,2026-10-08T09:14:30,ISO8601,2026-10-08T09:16:30
IPC_M2_002123,M2,L_A_0273,START,,183.8,45.7,,2026-10-08T09:13:18,ISO8601,2026-10-08T09:19:00
IPC_HT_002124,HT,L_A_0273,START,,177.9,,,2026-10-08T09:19:30,ISO8601,2026-10-08T09:29:30
IPC_AS1_002125,AS1,L_A_0273,START,,,,,2026-10-08T09:30:00,ISO8601,2026-10-08T09:32:00
IPC_T1_002126,T1,L_A_0273,START,,,,,2026-10-08T09:32:30,ISO8601,2026-10-08T09:34:30
IPC_PK_002127,PK,L_A_0273,START,,,,,2026-10-08T09:35:00,ISO8601,2026-10-08T09:37:00
IPC_SHP_002128,SHP,L_A_0273,START,,,,,2026-10-08T09:37:30,ISO8601,2026-10-08T09:39:30
IPC_INB_002129,INB,L_A_0274,START,,,,,2026-10-08T18:00:00,ISO8601,2026-10-08T18:02:00
IPC_M1_002130,M1,L_A_0274,START,,,,4.5,2026-10-08T18:02:30,ISO8601,2026-10-08T18:04:30
IPC_M2_002131,M2,L_A_0274,START,,179.0,46.9,,2026-10-08T18:01:18,ISO8601,2026-10-08T18:07:00
IPC_HT_002132,HT,L_A_0274,START,,177.3,,,2026-10-08T18:07:30,ISO8601,2026-10-08T18:17:30
IPC_AS1_002133,AS1,L_A_0274,START,,,,,2026-10-08T18:18:00,ISO8601,2026-10-08T18:20:00
IPC_T1_002134,T1,L_A_0274,START,,,,,2026-10-08T18:20:30,ISO8601,2026-10-08T18:22:30
IPC_PK_002135,PK,L_A_0274,START,,,,,2026-10-08T18:23:00,ISO8601,2026-10-08T18:25:00
IPC_SHP_002136,SHP,L_A_0274,START,,,,,2026-10-08T18:25:30,ISO8601,2026-10-08T18:27:30
IPC_INB_002137,INB,L_B_0275,START,,,,,2026-10-08T10:48:00,ISO8601,2026-10-08T10:50:00
IPC_M1_002138,M1,L_B_0275,START,,,,3.2,2026-10-08T10:50:30,ISO8601,2026-10-08T10:52:30
IPC_HT_002139,HT,L_B_0275,START,,179.0,,,2026-10-08T10:53:00,ISO8601,2026-10-08T11:03:00
IPC_AS2_002140,AS2,L_B_0275,START,,,,,2026-10-08T11:09:16,ISO8601,2026-10-08T11:05:30
IPC_T1_002141,T1,L_B_0275,START,,,,,2026-10-08T11:06:00,ISO8601,2026-10-08T11:08:00
IPC_PK_002142,PK,L_B_0275,START,,,,,2026-10-08T11:08:30,ISO8601,2026-10-08T11:10:30
IPC_SHP_002143,SHP,L_B_0275,START,,,,,2026-10-08T11:11:00,ISO8601,2026-10-08T11:13:00
IPC_INB_002144,INB,L_B_0276,START,,,,,2026-10-08T19:36:00,ISO8601,2026-10-08T19:38:00
IPC_M1_002145,M1,L_B_0276,START,,,,3.5,2026-10-08T19:38:30,ISO8601,2026-10-08T19:40:30
IPC_HT_002146,HT,L_B_0276,START,,177.4,,,2026-10-08T19:41:00,ISO8601,2026-10-08T19:51:00
IPC_AS2_002147,AS2,L_B_0276,START,FMEA-M2-001,,,,2026-10-08T19:57:16,ISO8601,2026-10-08T19:53:30
IPC_T1_002148,T1,L_B_0276,START,,,,,2026-10-08T19:54:00,ISO8601,2026-10-08T19:56:00
IPC_PK_002149,PK,L_B_0276,START,,,,,2026-10-08T19:56:30,ISO8601,2026-10-08T19:58:30
IPC_SHP_002150,SHP,L_B_0276,START,,,,,2026-10-08T19:59:00,ISO8601,2026-10-08T20:01:00
IPC_INB_002151,INB,L_A_0277,START,,,,,2026-10-08T06:00:00,ISO8601,2026-10-08T06:02:00
IPC_M1_002152,M1,L_A_0277,START,,,,3.7,2026-10-08T06:02:30,ISO8601,2026-10-08T06:04:30
IPC_M2_002153,M2,L_A_0277,START,,176.3,47.4,,2026-10-08T06:01:18,ISO8601,2026-10-08T06:07:00
IPC_HT_002154,HT,L_A_0277,START,,176.5,,,2026-10-08T06:07:30,ISO8601,2026-10-08T06:17:30
IPC_AS1_002155,AS1,L_A_0277,START,,,,,2026-10-08T06:18:00,ISO8601,2026-10-08T06:20:00
IPC_T1_002156,T1,L_A_0277,START,,,,,2026-10-08T06:20:30,ISO8601,2026-10-08T06:22:30
IPC_PK_002157,PK,L_A_0277,START,,,,,2026-10-08T06:23:00,ISO8601,2026-10-08T06:25:00
IPC_SHP_002158,SHP,L_A_0277,START,,,,,2026-10-08T06:25:30,ISO8601,2026-10-08T06:27:30
IPC_INB_002159,INB,L_A_0278,START,,,,,2026-10-08T14:48:00,ISO8601,2026-10-08T14:50:00
IPC_M1_002160,M1,L_A_0278,START,,,,3.3,2026-10-08T14:50:30,ISO8601,2026-10-08T14:52:30
IPC_M2_002161,M2,L_A_0278,START,,176.1,46.8,,2026-10-08T14:49:18,ISO8601,2026-10-08T14:55:00
IPC_HT_002162,HT,L_A_0278,START,,181.8,,,2026-10-08T14:55:30,ISO8601,2026-10-08T15:05:30
IPC_AS1_002163,AS1,L_A_0278,START,FMEA-M2-001,,,,2026-10-08T15:06:00,ISO8601,2026-10-08T15:08:00
IPC_T1_002164,T1,L_A_0278,START,,,,,2026-10-08T15:08:30,ISO8601,2026-10-08T15:10:30
IPC_PK_002165,PK,L_A_0278,START,,,,,2026-10-08T15:11:00,ISO8601,2026-10-08T15:13:00
IPC_SHP_002166,SHP,L_A_0278,START,,,,,2026-10-08T15:13:30,ISO8601,2026-10-08T15:15:30
IPC_INB_002167,INB,L_B_0279,START,,,,,2026-10-08T07:36:00,ISO8601,2026-10-08T07:38:00
IPC_M1_002168,M1,L_B_0279,START,,,,1.8,2026-10-08T07:38:30,ISO8601,2026-10-08T07:40:30
IPC_HT_002169,HT,L_B_0279,START,,183.5,,,2026-10-08T07:41:00,ISO8601,2026-10-08T07:51:00
IPC_AS2_002170,AS2,L_B_0279,START,,,,,2026-10-08T07:57:16,ISO8601,2026-10-08T07:53:30
IPC_T1_002171,T1,L_B_0279,START,,,,,2026-10-08T07:54:00,ISO8601,2026-10-08T07:56:00
IPC_PK_002172,PK,L_B_0279,START,,,,,2026-10-08T07:56:30,ISO8601,2026-10-08T07:58:30
IPC_SHP_002173,SHP,L_B_0279,START,,,,,2026-10-08T07:59:00,ISO8601,2026-10-08T08:01:00
IPC_INB_002174,INB,L_B_0280,START,FMEA-M2-001,,,,2026-10-08T16:24:00,ISO8601,2026-10-08T16:26:00
IPC_M1_002175,M1,L_B_0280,START,,,,2.8,2026-10-08T16:26:30,ISO8601,2026-10-08T16:28:30
IPC_HT_002176,HT,L_B_0280,START,,179.6,,,2026-10-08T16:29:00,ISO8601,2026-10-08T16:39:00
IPC_AS2_002177,AS2,L_B_0280,START,,,,,2026-10-08T16:45:16,ISO8601,2026-10-08T16:41:30
IPC_T1_002178,T1,L_B_0280,START,,,,,2026-10-08T16:42:00,ISO8601,2026-10-08T16:44:00
IPC_PK_002179,PK,L_B_0280,START,,,,,2026-10-08T16:44:30,ISO8601,2026-10-08T16:46:30
IPC_SHP_002180,SHP,L_B_0280,START,,,,,2026-10-08T16:47:00,ISO8601,2026-10-08T16:49:00
IPC_INB_002181,INB,L_A_0281,START,,,,,2026-10-08T09:12:00,ISO8601,2026-10-08T09:14:00
IPC_M1_002182,M1,L_A_0281,START,,,,3.7,2026-10-08T09:14:30,ISO8601,2026-10-08T09:16:30
IPC_M2_002183,M2,L_A_0281,START,,180.8,44.8,,2026-10-08T09:13:18,ISO8601,2026-10-08T09:19:00
IPC_HT_002184,HT,L_A_0281,START,,174.3,,,2026-10-08T09:19:30,ISO8601,2026-10-08T09:29:30
IPC_AS1_002185,AS1,L_A_0281,START,,,,,2026-10-08T09:30:00,ISO8601,2026-10-08T09:32:00
IPC_T1_002186,T1,L_A_0281,START,,,,,2026-10-08T09:32:30,ISO8601,2026-10-08T09:34:30
IPC_PK_002187,PK,L_A_0281,START,,,,,2026-10-08T09:35:00,ISO8601,2026-10-08T09:37:00
IPC_SHP_002188,SHP,L_A_0281,START,,,,,2026-10-08T09:37:30,ISO8601,2026-10-08T09:39:30
IPC_INB_002189,INB,L_A_0282,START,,,,,2026-10-08T18:00:00,ISO8601,2026-10-08T18:02:00
IPC_M1_002190,M1,L_A_0282,START,,,,3.5,2026-10-08T18:02:30,ISO8601,2026-10-08T18:04:30
IPC_M2_002191,M2,L_A_0282,START,,180.7,45.4,,2026-10-08T18:01:18,ISO8601,2026-10-08T18:07:00
IPC_HT_002192,HT,L_A_0282,START,,176.6,,,2026-10-08T18:07:30,ISO8601,2026-10-08T18:17:30
IPC_AS1_002193,AS1,L_A_0282,START,,,,,2026-10-08T18:18:00,ISO8601,2026-10-08T18:20:00
IPC_T1_002194,T1,L_A_0282,START,,,,,2026-10-08T18:20:30,ISO8601,2026-10-08T18:22:30
IPC_PK_002195,PK,L_A_0282,START,,,,,2026-10-08T18:23:00,ISO8601,2026-10-08T18:25:00
IPC_SHP_002196,SHP,L_A_0282,START,,,,,2026-10-08T18:25:30,ISO8601,2026-10-08T18:27:30
IPC_INB_002197,INB,L_B_0283,START,,,,,2026-10-08T10:48:00,ISO8601,2026-10-08T10:50:00
IPC_M1_002198,M1,L_B_0283,START,,,,3.7,2026-10-08T10:50:30,ISO8601,2026-10-08T10:52:30
IPC_HT_002199,HT,L_B_0283,START,,179.7,,,2026-10-08T10:53:00,ISO8601,2026-10-08T11:03:00
IPC_AS2_002200,AS2,L_B_0283,START,,,,,2026-10-08T11:09:16,ISO8601,2026-10-08T11:05:30
IPC_T1_002201,T1,L_B_0283,START,,,,,2026-10-08T11:06:00,ISO8601,2026-10-08T11:08:00
IPC_PK_002202,PK,L_B_0283,START,,,,,2026-10-08T11:08:30,ISO8601,2026-10-08T11:10:30
IPC_SHP_002203,SHP,L_B_0283,START,,,,,2026-10-08T11:11:00,ISO8601,2026-10-08T11:13:00
IPC_INB_002204,INB,L_B_0284,START,,,,,2026-10-08T19:36:00,ISO8601,2026-10-08T19:38:00
IPC_M1_002205,M1,L_B_0284,START,,,,4.5,2026-10-08T19:38:30,ISO8601,2026-10-08T19:40:30
IPC_HT_002206,HT,L_B_0284,START,,179.6,,,2026-10-08T19:41:00,ISO8601,2026-10-08T19:51:00
IPC_AS2_002207,AS2,L_B_0284,START,,,,,2026-10-08T19:57:16,ISO8601,2026-10-08T19:53:30
IPC_T1_002208,T1,L_B_0284,START,,,,,2026-10-08T19:54:00,ISO8601,2026-10-08T19:56:00
IPC_PK_002209,PK,L_B_0284,START,,,,,2026-10-08T19:56:30,ISO8601,2026-10-08T19:58:30
IPC_SHP_002210,SHP,L_B_0284,START,,,,,2026-10-08T19:59:00,ISO8601,2026-10-08T20:01:00
IPC_INB_002211,INB,L_A_0285,START,,,,,2026-10-08T06:00:00,ISO8601,2026-10-08T06:02:00
IPC_M1_002212,M1,L_A_0285,START,,,,3.8,2026-10-08T06:02:30,ISO8601,2026-10-08T06:04:30
IPC_M2_002213,M2,L_A_0285,START,FMEA-M2-001,173.3,44.3,,2026-10-08T06:01:18,ISO8601,2026-10-08T06:07:00
IPC_HT_002214,HT,L_A_0285,START,,182.3,,,2026-10-08T06:07:30,ISO8601,2026-10-08T06:17:30
IPC_AS1_002215,AS1,L_A_0285,START,,,,,2026-10-08T06:18:00,ISO8601,2026-10-08T06:20:00
IPC_T1_002216,T1,L_A_0285,START,,,,,2026-10-08T06:20:30,ISO8601,2026-10-08T06:22:30
IPC_PK_002217,PK,L_A_0285,START,,,,,2026-10-08T06:23:00,ISO8601,2026-10-08T06:25:00
IPC_SHP_002218,SHP,L_A_0285,START,,,,,2026-10-08T06:25:30,ISO8601,2026-10-08T06:27:30
IPC_INB_002219,INB,L_A_0286,START,,,,,2026-10-08T14:48:00,ISO8601,2026-10-08T14:50:00
IPC_M1_002220,M1,L_A_0286,START,,,,4.1,2026-10-08T14:50:30,ISO8601,2026-10-08T14:52:30
IPC_M2_002221,M2,L_A_0286,START,,180.7,49.9,,2026-10-08T14:49:18,ISO8601,2026-10-08T14:55:00
IPC_HT_002222,HT,L_A_0286,START,,174.5,,,2026-10-08T14:55:30,ISO8601,2026-10-08T15:05:30
IPC_AS1_002223,AS1,L_A_0286,START,,,,,2026-10-08T15:06:00,ISO8601,2026-10-08T15:08:00
IPC_T1_002224,T1,L_A_0286,START,,,,,2026-10-08T15:08:30,ISO8601,2026-10-08T15:10:30
IPC_PK_002225,PK,L_A_0286,START,,,,,2026-10-08T15:11:00,ISO8601,2026-10-08T15:13:00
IPC_SHP_002226,SHP,L_A_0286,START,,,,,2026-10-08T15:13:30,ISO8601,2026-10-08T15:15:30
IPC_INB_002227,INB,L_B_0287,START,,,,,2026-10-08T07:36:00,ISO8601,2026-10-08T07:38:00
IPC_M1_002228,M1,L_B_0287,START,FMEA-M2-001,,,4.1,2026-10-08T07:38:30,ISO8601,2026-10-08T07:40:30
IPC_HT_002229,HT,L_B_0287,START,,182.0,,,2026-10-08T07:41:00,ISO8601,2026-10-08T07:51:00
IPC_AS2_002230,AS2,L_B_0287,START,FMEA-M2-001,,,,2026-10-08T07:57:16,ISO8601,2026-10-08T07:53:30
IPC_T1_002231,T1,L_B_0287,START,,,,,2026-10-08T07:54:00,ISO8601,2026-10-08T07:56:00
IPC_PK_002232,PK,L_B_0287,START,FMEA-M2-001,,,,2026-10-08T07:56:30,ISO8601,2026-10-08T07:58:30
IPC_SHP_002233,SHP,L_B_0287,START,,,,,2026-10-08T07:59:00,ISO8601,2026-10-08T08:01:00
IPC_INB_002234,INB,L_B_0288,START,,,,,2026-10-08T16:24:00,ISO8601,2026-10-08T16:26:00
IPC_M1_002235,M1,L_B_0288,START,,,,3.6,2026-10-08T16:26:30,ISO8601,2026-10-08T16:28:30
IPC_HT_002236,HT,L_B_0288,START,,178.1,,,2026-10-08T16:29:00,ISO8601,2026-10-08T16:39:00
IPC_AS2_002237,AS2,L_B_0288,START,,,,,2026-10-08T16:45:16,ISO8601,2026-10-08T16:41:30
IPC_T1_002238,T1,L_B_0288,START,,,,,2026-10-08T16:42:00,ISO8601,2026-10-08T16:44:00
IPC_PK_002239,PK,L_B_0288,START,,,,,2026-10-08T16:44:30,ISO8601,2026-10-08T16:46:30
IPC_SHP_002240,SHP,L_B_0288,START,,,,,2026-10-08T16:47:00,ISO8601,2026-10-08T16:49:00
IPC_INB_002241,INB,L_A_0289,START,,,,,2026-10-09T06:00:00,ISO8601,2026-10-09T06:02:00
IPC_M1_002242,M1,L_A_0289,START,,,,3.3,2026-10-09T06:02:30,ISO8601,2026-10-09T06:04:30
IPC_M2_002243,M2,L_A_0289,START,,179.7,46.3,,2026-10-09T06:01:20,ISO8601,2026-10-09T06:07:00
IPC_HT_002244,HT,L_A_0289,START,,180.7,,,2026-10-09T06:07:30,ISO8601,2026-10-09T06:17:30
IPC_AS1_002245,AS1,L_A_0289,START,,,,,2026-10-09T06:18:00,ISO8601,2026-10-09T06:20:00
IPC_T1_002246,T1,L_A_0289,START,,,,,2026-10-09T06:20:30,ISO8601,2026-10-09T06:22:30
IPC_PK_002247,PK,L_A_0289,START,,,,,2026-10-09T06:23:00,ISO8601,2026-10-09T06:25:00
IPC_SHP_002248,SHP,L_A_0289,START,,,,,2026-10-09T06:25:30,ISO8601,2026-10-09T06:27:30
IPC_INB_002249,INB,L_A_0290,START,,,,,2026-10-09T14:48:00,ISO8601,2026-10-09T14:50:00
IPC_M1_002250,M1,L_A_0290,START,,,,3.5,2026-10-09T14:50:30,ISO8601,2026-10-09T14:52:30
IPC_M2_002251,M2,L_A_0290,START,,174.2,47.0,,2026-10-09T14:49:20,ISO8601,2026-10-09T14:55:00
IPC_HT_002252,HT,L_A_0290,START,,182.0,,,2026-10-09T14:55:30,ISO8601,2026-10-09T15:05:30
IPC_AS1_002253,AS1,L_A_0290,START,,,,,2026-10-09T15:06:00,ISO8601,2026-10-09T15:08:00
IPC_T1_002254,T1,L_A_0290,START,,,,,2026-10-09T15:08:30,ISO8601,2026-10-09T15:10:30
IPC_PK_002255,PK,L_A_0290,START,,,,,2026-10-09T15:11:00,ISO8601,2026-10-09T15:13:00
IPC_SHP_002256,SHP,L_A_0290,START,,,,,2026-10-09T15:13:30,ISO8601,2026-10-09T15:15:30
IPC_INB_002257,INB,L_B_0291,START,,,,,2026-10-09T07:36:00,ISO8601,2026-10-09T07:38:00
IPC_M1_002258,M1,L_B_0291,START,,,,4.5,2026-10-09T07:38:30,ISO8601,2026-10-09T07:40:30
IPC_HT_002259,HT,L_B_0291,START,,179.4,,,2026-10-09T07:41:00,ISO8601,2026-10-09T07:51:00
IPC_AS2_002260,AS2,L_B_0291,START,FMEA-M2-001,,,,2026-10-09T07:57:15,ISO8601,2026-10-09T07:53:30
IPC_T1_002261,T1,L_B_0291,START,,,,,2026-10-09T07:54:00,ISO8601,2026-10-09T07:56:00
IPC_PK_002262,PK,L_B_0291,START,,,,,2026-10-09T07:56:30,ISO8601,2026-10-09T07:58:30
IPC_SHP_002263,SHP,L_B_0291,START,,,,,2026-10-09T07:59:00,ISO8601,2026-10-09T08:01:00
IPC_INB_002264,INB,L_B_0292,START,,,,,2026-10-09T16:24:00,ISO8601,2026-10-09T16:26:00
IPC_M1_002265,M1,L_B_0292,START,,,,2.5,2026-10-09T16:26:30,ISO8601,2026-10-09T16:28:30
IPC_HT_002266,HT,L_B_0292,START,,187.2,,,2026-10-09T16:29:00,ISO8601,2026-10-09T16:39:00
IPC_AS2_002267,AS2,L_B_0292,START,,,,,2026-10-09T16:45:15,ISO8601,2026-10-09T16:41:30
IPC_T1_002268,T1,L_B_0292,START,,,,,2026-10-09T16:42:00,ISO8601,2026-10-09T16:44:00
IPC_PK_002269,PK,L_B_0292,START,,,,,2026-10-09T16:44:30,ISO8601,2026-10-09T16:46:30
IPC_SHP_002270,SHP,L_B_0292,START,,,,,2026-10-09T16:47:00,ISO8601,2026-10-09T16:49:00
IPC_INB_002271,INB,L_A_0293,START,,,,,2026-10-09T09:12:00,ISO8601,2026-10-09T09:14:00
IPC_M1_002272,M1,L_A_0293,START,,,,3.0,2026-10-09T09:14:30,ISO8601,2026-10-09T09:16:30
IPC_M2_002273,M2,L_A_0293,START,FMEA-M2-001,177.5,45.4,,2026-10-09T09:13:20,ISO8601,2026-10-09T09:19:00
IPC_HT_002274,HT,L_A_0293,START,,175.7,,,2026-10-09T09:19:30,ISO8601,2026-10-09T09:29:30
IPC_AS1_002275,AS1,L_A_0293,START,,,,,2026-10-09T09:30:00,ISO8601,2026-10-09T09:32:00
IPC_T1_002276,T1,L_A_0293,START,,,,,2026-10-09T09:32:30,ISO8601,2026-10-09T09:34:30
IPC_PK_002277,PK,L_A_0293,START,,,,,2026-10-09T09:35:00,ISO8601,2026-10-09T09:37:00
IPC_SHP_002278,SHP,L_A_0293,START,,,,,2026-10-09T09:37:30,ISO8601,2026-10-09T09:39:30
IPC_INB_002279,INB,L_A_0294,START,,,,,2026-10-09T18:00:00,ISO8601,2026-10-09T18:02:00
IPC_M1_002280,M1,L_A_0294,START,,,,2.6,2026-10-09T18:02:30,ISO8601,2026-10-09T18:04:30
IPC_M2_002281,M2,L_A_0294,START,,181.0,45.5,,2026-10-09T18:01:20,ISO8601,2026-10-09T18:07:00
IPC_HT_002282,HT,L_A_0294,START,,180.5,,,2026-10-09T18:07:30,ISO8601,2026-10-09T18:17:30
IPC_AS1_002283,AS1,L_A_0294,START,,,,,2026-10-09T18:18:00,ISO8601,2026-10-09T18:20:00
IPC_T1_002284,T1,L_A_0294,START,,,,,2026-10-09T18:20:30,ISO8601,2026-10-09T18:22:30
IPC_PK_002285,PK,L_A_0294,START,,,,,2026-10-09T18:23:00,ISO8601,2026-10-09T18:25:00
IPC_SHP_002286,SHP,L_A_0294,START,,,,,2026-10-09T18:25:30,ISO8601,2026-10-09T18:27:30
IPC_INB_002287,INB,L_B_0295,START,,,,,2026-10-09T10:48:00,ISO8601,2026-10-09T10:50:00
IPC_M1_002288,M1,L_B_0295,START,,,,3.8,2026-10-09T10:50:30,ISO8601,2026-10-09T10:52:30
IPC_HT_002289,HT,L_B_0295,START,,178.9,,,2026-10-09T10:53:00,ISO8601,2026-10-09T11:03:00
IPC_AS2_002290,AS2,L_B_0295,START,,,,,2026-10-09T11:09:15,ISO8601,2026-10-09T11:05:30
IPC_T1_002291,T1,L_B_0295,START,,,,,2026-10-09T11:06:00,ISO8601,2026-10-09T11:08:00
IPC_PK_002292,PK,L_B_0295,START,,,,,2026-10-09T11:08:30,ISO8601,2026-10-09T11:10:30
IPC_SHP_002293,SHP,L_B_0295,START,,,,,2026-10-09T11:11:00,ISO8601,2026-10-09T11:13:00
IPC_INB_002294,INB,L_B_0296,START,,,,,2026-10-09T19:36:00,ISO8601,2026-10-09T19:38:00
IPC_M1_002295,M1,L_B_0296,START,,,,3.0,2026-10-09T19:38:30,ISO8601,2026-10-09T19:40:30
IPC_HT_002296,HT,L_B_0296,START,,177.1,,,2026-10-09T19:41:00,ISO8601,2026-10-09T19:51:00
IPC_AS2_002297,AS2,L_B_0296,START,,,,,2026-10-09T19:57:15,ISO8601,2026-10-09T19:53:30
IPC_T1_002298,T1,L_B_0296,START,,,,,2026-10-09T19:54:00,ISO8601,2026-10-09T19:56:00
IPC_PK_002299,PK,L_B_0296,START,,,,,2026-10-09T19:56:30,ISO8601,2026-10-09T19:58:30
IPC_SHP_002300,SHP,L_B_0296,START,,,,,2026-10-09T19:59:00,ISO8601,2026-10-09T20:01:00
IPC_INB_002301,INB,L_A_0297,START,,,,,2026-10-09T06:00:00,ISO8601,2026-10-09T06:02:00
IPC_M1_002302,M1,L_A_0297,START,,,,2.9,2026-10-09T06:02:30,ISO8601,2026-10-09T06:04:30
IPC_M2_002303,M2,L_A_0297,START,,181.2,44.0,,2026-10-09T06:01:20,ISO8601,2026-10-09T06:07:00
IPC_HT_002304,HT,L_A_0297,START,,176.9,,,2026-10-09T06:07:30,ISO8601,2026-10-09T06:17:30
IPC_AS1_002305,AS1,L_A_0297,START,,,,,2026-10-09T06:18:00,ISO8601,2026-10-09T06:20:00
IPC_T1_002306,T1,L_A_0297,START,,,,,2026-10-09T06:20:30,ISO8601,2026-10-09T06:22:30
IPC_PK_002307,PK,L_A_0297,START,,,,,2026-10-09T06:23:00,ISO8601,2026-10-09T06:25:00
IPC_SHP_002308,SHP,L_A_0297,START,,,,,2026-10-09T06:25:30,ISO8601,2026-10-09T06:27:30
IPC_INB_002309,INB,L_A_0298,START,,,,,2026-10-09T14:48:00,ISO8601,2026-10-09T14:50:00
IPC_M1_002310,M1,L_A_0298,START,,,,4.4,2026-10-09T14:50:30,ISO8601,2026-10-09T14:52:30
IPC_M2_002311,M2,L_A_0298,START,,176.9,44.9,,2026-10-09T14:49:20,ISO8601,2026-10-09T14:55:00
IPC_HT_002312,HT,L_A_0298,START,,175.5,,,2026-10-09T14:55:30,ISO8601,2026-10-09T15:05:30
IPC_AS1_002313,AS1,L_A_0298,START,,,,,2026-10-09T15:06:00,ISO8601,2026-10-09T15:08:00
IPC_T1_002314,T1,L_A_0298,START,,,,,2026-10-09T15:08:30,ISO8601,2026-10-09T15:10:30
IPC_PK_002315,PK,L_A_0298,START,,,,,2026-10-09T15:11:00,ISO8601,2026-10-09T15:13:00
IPC_SHP_002316,SHP,L_A_0298,START,,,,,2026-10-09T15:13:30,ISO8601,2026-10-09T15:15:30
IPC_INB_002317,INB,L_B_0299,START,,,,,2026-10-09T07:36:00,ISO8601,2026-10-09T07:38:00
IPC_M1_002318,M1,L_B_0299,START,,,,2.1,2026-10-09T07:38:30,ISO8601,2026-10-09T07:40:30
IPC_HT_002319,HT,L_B_0299,START,,180.3,,,2026-10-09T07:41:00,ISO8601,2026-10-09T07:51:00
IPC_AS2_002320,AS2,L_B_0299,START,,,,,2026-10-09T07:57:15,ISO8601,2026-10-09T07:53:30
IPC_T1_002321,T1,L_B_0299,START,,,,,2026-10-09T07:54:00,ISO8601,2026-10-09T07:56:00
IPC_PK_002322,PK,L_B_0299,START,,,,,2026-10-09T07:56:30,ISO8601,2026-10-09T07:58:30
IPC_SHP_002323,SHP,L_B_0299,START,,,,,2026-10-09T07:59:00,ISO8601,2026-10-09T08:01:00
IPC_INB_002324,INB,L_B_0300,START,,,,,2026-10-09T16:24:00,ISO8601,2026-10-09T16:26:00
IPC_M1_002325,M1,L_B_0300,START,,,,5.2,2026-10-09T16:26:30,ISO8601,2026-10-09T16:28:30
IPC_HT_002326,HT,L_B_0300,START,,177.0,,,2026-10-09T16:29:00,ISO8601,2026-10-09T16:39:00
IPC_AS2_002327,AS2,L_B_0300,START,,,,,2026-10-09T16:45:15,ISO8601,2026-10-09T16:41:30
IPC_T1_002328,T1,L_B_0300,START,,,,,2026-10-09T16:42:00,ISO8601,2026-10-09T16:44:00
IPC_PK_002329,PK,L_B_0300,START,,,,,2026-10-09T16:44:30,ISO8601,2026-10-09T16:46:30
IPC_SHP_002330,SHP,L_B_0300,START,,,,,2026-10-09T16:47:00,ISO8601,2026-10-09T16:49:00
IPC_INB_002331,INB,L_A_0301,START,,,,,2026-10-09T09:12:00,ISO8601,2026-10-09T09:14:00
IPC_M1_002332,M1,L_A_0301,START,,,,2.3,2026-10-09T09:14:30,ISO8601,2026-10-09T09:16:30
IPC_M2_002333,M2,L_A_0301,START,,176.5,44.9,,2026-10-09T09:13:20,ISO8601,2026-10-09T09:19:00
IPC_HT_002334,HT,L_A_0301,START,,183.1,,,2026-10-09T09:19:30,ISO8601,2026-10-09T09:29:30
IPC_AS1_002335,AS1,L_A_0301,START,,,,,2026-10-09T09:30:00,ISO8601,2026-10-09T09:32:00
IPC_T1_002336,T1,L_A_0301,START,,,,,2026-10-09T09:32:30,ISO8601,2026-10-09T09:34:30
IPC_PK_002337,PK,L_A_0301,START,,,,,2026-10-09T09:35:00,ISO8601,2026-10-09T09:37:00
IPC_SHP_002338,SHP,L_A_0301,START,,,,,2026-10-09T09:37:30,ISO8601,2026-10-09T09:39:30
IPC_INB_002339,INB,L_A_0302,START,,,,,2026-10-09T18:00:00,ISO8601,2026-10-09T18:02:00
IPC_M1_002340,M1,L_A_0302,START,,,,3.0,2026-10-09T18:02:30,ISO8601,2026-10-09T18:04:30
IPC_M2_002341,M2,L_A_0302,START,,179.0,48.8,,2026-10-09T18:01:20,ISO8601,2026-10-09T18:07:00
IPC_HT_002342,HT,L_A_0302,START,,182.9,,,2026-10-09T18:07:30,ISO8601,2026-10-09T18:17:30
IPC_AS1_002343,AS1,L_A_0302,START,,,,,2026-10-09T18:18:00,ISO8601,2026-10-09T18:20:00
IPC_T1_002344,T1,L_A_0302,START,,,,,2026-10-09T18:20:30,ISO8601,2026-10-09T18:22:30
IPC_PK_002345,PK,L_A_0302,START,,,,,2026-10-09T18:23:00,ISO8601,2026-10-09T18:25:00
IPC_SHP_002346,SHP,L_A_0302,START,,,,,2026-10-09T18:25:30,ISO8601,2026-10-09T18:27:30
IPC_INB_002347,INB,L_B_0303,START,,,,,2026-10-09T10:48:00,ISO8601,2026-10-09T10:50:00
IPC_M1_002348,M1,L_B_0303,START,,,,2.2,2026-10-09T10:50:30,ISO8601,2026-10-09T10:52:30
IPC_HT_002349,HT,L_B_0303,START,,178.9,,,2026-10-09T10:53:00,ISO8601,2026-10-09T11:03:00
IPC_AS2_002350,AS2,L_B_0303,START,,,,,2026-10-09T11:09:15,ISO8601,2026-10-09T11:05:30
IPC_T1_002351,T1,L_B_0303,START,,,,,2026-10-09T11:06:00,ISO8601,2026-10-09T11:08:00
IPC_PK_002352,PK,L_B_0303,START,,,,,2026-10-09T11:08:30,ISO8601,2026-10-09T11:10:30
IPC_SHP_002353,SHP,L_B_0303,START,,,,,2026-10-09T11:11:00,ISO8601,2026-10-09T11:13:00
IPC_INB_002354,INB,L_B_0304,START,,,,,2026-10-09T19:36:00,ISO8601,2026-10-09T19:38:00
IPC_M1_002355,M1,L_B_0304,START,,,,2.4,2026-10-09T19:38:30,ISO8601,2026-10-09T19:40:30
IPC_HT_002356,HT,L_B_0304,START,,178.7,,,2026-10-09T19:41:00,ISO8601,2026-10-09T19:51:00
IPC_AS2_002357,AS2,L_B_0304,START,,,,,2026-10-09T19:57:15,ISO8601,2026-10-09T19:53:30
IPC_T1_002358,T1,L_B_0304,START,,,,,2026-10-09T19:54:00,ISO8601,2026-10-09T19:56:00
IPC_PK_002359,PK,L_B_0304,START,,,,,2026-10-09T19:56:30,ISO8601,2026-10-09T19:58:30
IPC_SHP_002360,SHP,L_B_0304,START,,,,,2026-10-09T19:59:00,ISO8601,2026-10-09T20:01:00
IPC_INB_002361,INB,L_A_0305,START,,,,,2026-10-09T06:00:00,ISO8601,2026-10-09T06:02:00
IPC_M1_002362,M1,L_A_0305,START,,,,4.0,2026-10-09T06:02:30,ISO8601,2026-10-09T06:04:30
IPC_M2_002363,M2,L_A_0305,START,,175.1,45.8,,2026-10-09T06:01:20,ISO8601,2026-10-09T06:07:00
IPC_HT_002364,HT,L_A_0305,START,,177.1,,,2026-10-09T06:07:30,ISO8601,2026-10-09T06:17:30
IPC_AS1_002365,AS1,L_A_0305,START,,,,,2026-10-09T06:18:00,ISO8601,2026-10-09T06:20:00
IPC_T1_002366,T1,L_A_0305,START,FMEA-M2-001,,,,2026-10-09T06:20:30,ISO8601,2026-10-09T06:22:30
IPC_PK_002367,PK,L_A_0305,START,,,,,2026-10-09T06:23:00,ISO8601,2026-10-09T06:25:00
IPC_SHP_002368,SHP,L_A_0305,START,,,,,2026-10-09T06:25:30,ISO8601,2026-10-09T06:27:30
IPC_INB_002369,INB,L_A_0306,START,,,,,2026-10-09T14:48:00,ISO8601,2026-10-09T14:50:00
IPC_M1_002370,M1,L_A_0306,START,,,,3.9,2026-10-09T14:50:30,ISO8601,2026-10-09T14:52:30
IPC_M2_002371,M2,L_A_0306,START,,173.0,43.0,,2026-10-09T14:49:20,ISO8601,2026-10-09T14:55:00
IPC_HT_002372,HT,L_A_0306,START,,175.6,,,2026-10-09T14:55:30,ISO8601,2026-10-09T15:05:30
IPC_AS1_002373,AS1,L_A_0306,START,,,,,2026-10-09T15:06:00,ISO8601,2026-10-09T15:08:00
IPC_T1_002374,T1,L_A_0306,START,,,,,2026-10-09T15:08:30,ISO8601,2026-10-09T15:10:30
IPC_PK_002375,PK,L_A_0306,START,,,,,2026-10-09T15:11:00,ISO8601,2026-10-09T15:13:00
IPC_SHP_002376,SHP,L_A_0306,START,,,,,2026-10-09T15:13:30,ISO8601,2026-10-09T15:15:30
IPC_INB_002377,INB,L_B_0307,START,,,,,2026-10-09T07:36:00,ISO8601,2026-10-09T07:38:00
IPC_M1_002378,M1,L_B_0307,START,FMEA-M2-001,,,4.4,2026-10-09T07:38:30,ISO8601,2026-10-09T07:40:30
IPC_HT_002379,HT,L_B_0307,START,,182.6,,,2026-10-09T07:41:00,ISO8601,2026-10-09T07:51:00
IPC_AS2_002380,AS2,L_B_0307,START,,,,,2026-10-09T07:57:15,ISO8601,2026-10-09T07:53:30
IPC_T1_002381,T1,L_B_0307,START,,,,,2026-10-09T07:54:00,ISO8601,2026-10-09T07:56:00
IPC_PK_002382,PK,L_B_0307,START,,,,,2026-10-09T07:56:30,ISO8601,2026-10-09T07:58:30
IPC_SHP_002383,SHP,L_B_0307,START,,,,,2026-10-09T07:59:00,ISO8601,2026-10-09T08:01:00
IPC_INB_002384,INB,L_B_0308,START,,,,,2026-10-09T16:24:00,ISO8601,2026-10-09T16:26:00
IPC_M1_002385,M1,L_B_0308,START,,,,4.6,2026-10-09T16:26:30,ISO8601,2026-10-09T16:28:30
IPC_HT_002386,HT,L_B_0308,START,,180.3,,,2026-10-09T16:29:00,ISO8601,2026-10-09T16:39:00
IPC_AS2_002387,AS2,L_B_0308,START,,,,,2026-10-09T16:45:15,ISO8601,2026-10-09T16:41:30
IPC_T1_002388,T1,L_B_0308,START,,,,,2026-10-09T16:42:00,ISO8601,2026-10-09T16:44:00
IPC_PK_002389,PK,L_B_0308,START,,,,,2026-10-09T16:44:30,ISO8601,2026-10-09T16:46:30
IPC_SHP_002390,SHP,L_B_0308,START,,,,,2026-10-09T16:47:00,ISO8601,2026-10-09T16:49:00
IPC_INB_002391,INB,L_A_0309,START,,,,,2026-10-09T09:12:00,ISO8601,2026-10-09T09:14:00
IPC_M1_002392,M1,L_A_0309,START,,,,2.1,2026-10-09T09:14:30,ISO8601,2026-10-09T09:16:30
IPC_M2_002393,M2,L_A_0309,START,,180.4,46.3,,2026-10-09T09:13:20,ISO8601,2026-10-09T09:19:00
IPC_HT_002394,HT,L_A_0309,START,,180.3,,,2026-10-09T09:19:30,ISO8601,2026-10-09T09:29:30
IPC_AS1_002395,AS1,L_A_0309,START,,,,,2026-10-09T09:30:00,ISO8601,2026-10-09T09:32:00
IPC_T1_002396,T1,L_A_0309,START,,,,,2026-10-09T09:32:30,ISO8601,2026-10-09T09:34:30
IPC_PK_002397,PK,L_A_0309,START,,,,,2026-10-09T09:35:00,ISO8601,2026-10-09T09:37:00
IPC_SHP_002398,SHP,L_A_0309,START,,,,,2026-10-09T09:37:30,ISO8601,2026-10-09T09:39:30
IPC_INB_002399,INB,L_A_0310,START,,,,,2026-10-09T18:00:00,ISO8601,2026-10-09T18:02:00
IPC_M1_002400,M1,L_A_0310,START,,,,4.4,2026-10-09T18:02:30,ISO8601,2026-10-09T18:04:30
IPC_M2_002401,M2,L_A_0310,START,,182.7,45.2,,2026-10-09T18:01:20,ISO8601,2026-10-09T18:07:00
IPC_HT_002402,HT,L_A_0310,START,,176.1,,,2026-10-09T18:07:30,ISO8601,2026-10-09T18:17:30
IPC_AS1_002403,AS1,L_A_0310,START,,,,,2026-10-09T18:18:00,ISO8601,2026-10-09T18:20:00
IPC_T1_002404,T1,L_A_0310,START,,,,,2026-10-09T18:20:30,ISO8601,2026-10-09T18:22:30
IPC_PK_002405,PK,L_A_0310,START,,,,,2026-10-09T18:23:00,ISO8601,2026-10-09T18:25:00
IPC_SHP_002406,SHP,L_A_0310,START,,,,,2026-10-09T18:25:30,ISO8601,2026-10-09T18:27:30
IPC_INB_002407,INB,L_B_0311,START,,,,,2026-10-09T10:48:00,ISO8601,2026-10-09T10:50:00
IPC_M1_002408,M1,L_B_0311,START,,,,4.6,2026-10-09T10:50:30,ISO8601,2026-10-09T10:52:30
IPC_HT_002409,HT,L_B_0311,START,,175.5,,,2026-10-09T10:53:00,ISO8601,2026-10-09T11:03:00
IPC_AS2_002410,AS2,L_B_0311,START,,,,,2026-10-09T11:09:15,ISO8601,2026-10-09T11:05:30
IPC_T1_002411,T1,L_B_0311,START,,,,,2026-10-09T11:06:00,ISO8601,2026-10-09T11:08:00
IPC_PK_002412,PK,L_B_0311,START,,,,,2026-10-09T11:08:30,ISO8601,2026-10-09T11:10:30
IPC_SHP_002413,SHP,L_B_0311,START,,,,,2026-10-09T11:11:00,ISO8601,2026-10-09T11:13:00
IPC_INB_002414,INB,L_B_0312,START,,,,,2026-10-09T19:36:00,ISO8601,2026-10-09T19:38:00
IPC_M1_002415,M1,L_B_0312,START,,,,3.6,2026-10-09T19:38:30,ISO8601,2026-10-09T19:40:30
IPC_HT_002416,HT,L_B_0312,START,,176.8,,,2026-10-09T19:41:00,ISO8601,2026-10-09T19:51:00
IPC_AS2_002417,AS2,L_B_0312,START,,,,,2026-10-09T19:57:15,ISO8601,2026-10-09T19:53:30
IPC_T1_002418,T1,L_B_0312,START,,,,,2026-10-09T19:54:00,ISO8601,2026-10-09T19:56:00
IPC_PK_002419,PK,L_B_0312,START,,,,,2026-10-09T19:56:30,ISO8601,2026-10-09T19:58:30
IPC_SHP_002420,SHP,L_B_0312,START,,,,,2026-10-09T19:59:00,ISO8601,2026-10-09T20:01:00
IPC_INB_002421,INB,L_A_0313,START,,,,,2026-10-09T06:00:00,ISO8601,2026-10-09T06:02:00
IPC_M1_002422,M1,L_A_0313,START,,,,4.2,2026-10-09T06:02:30,ISO8601,2026-10-09T06:04:30
IPC_M2_002423,M2,L_A_0313,START,,177.3,48.9,,2026-10-09T06:01:20,ISO8601,2026-10-09T06:07:00
IPC_HT_002424,HT,L_A_0313,START,,176.5,,,2026-10-09T06:07:30,ISO8601,2026-10-09T06:17:30
IPC_AS1_002425,AS1,L_A_0313,START,,,,,2026-10-09T06:18:00,ISO8601,2026-10-09T06:20:00
IPC_T1_002426,T1,L_A_0313,START,,,,,2026-10-09T06:20:30,ISO8601,2026-10-09T06:22:30
IPC_PK_002427,PK,L_A_0313,START,,,,,2026-10-09T06:23:00,ISO8601,2026-10-09T06:25:00
IPC_SHP_002428,SHP,L_A_0313,START,,,,,2026-10-09T06:25:30,ISO8601,2026-10-09T06:27:30
IPC_INB_002429,INB,L_A_0314,START,,,,,2026-10-09T14:48:00,ISO8601,2026-10-09T14:50:00
IPC_M1_002430,M1,L_A_0314,START,,,,3.5,2026-10-09T14:50:30,ISO8601,2026-10-09T14:52:30
IPC_M2_002431,M2,L_A_0314,START,,178.7,44.8,,2026-10-09T14:49:20,ISO8601,2026-10-09T14:55:00
IPC_HT_002432,HT,L_A_0314,START,,180.1,,,2026-10-09T14:55:30,ISO8601,2026-10-09T15:05:30
IPC_AS1_002433,AS1,L_A_0314,START,,,,,2026-10-09T15:06:00,ISO8601,2026-10-09T15:08:00
IPC_T1_002434,T1,L_A_0314,START,,,,,2026-10-09T15:08:30,ISO8601,2026-10-09T15:10:30
IPC_PK_002435,PK,L_A_0314,START,,,,,2026-10-09T15:11:00,ISO8601,2026-10-09T15:13:00
IPC_SHP_002436,SHP,L_A_0314,START,,,,,2026-10-09T15:13:30,ISO8601,2026-10-09T15:15:30
IPC_INB_002437,INB,L_B_0315,START,,,,,2026-10-09T07:36:00,ISO8601,2026-10-09T07:38:00
IPC_M1_002438,M1,L_B_0315,START,,,,3.8,2026-10-09T07:38:30,ISO8601,2026-10-09T07:40:30
IPC_HT_002439,HT,L_B_0315,START,,180.2,,,2026-10-09T07:41:00,ISO8601,2026-10-09T07:51:00
IPC_AS2_002440,AS2,L_B_0315,START,,,,,2026-10-09T07:57:15,ISO8601,2026-10-09T07:53:30
IPC_T1_002441,T1,L_B_0315,START,,,,,2026-10-09T07:54:00,ISO8601,2026-10-09T07:56:00
IPC_PK_002442,PK,L_B_0315,START,,,,,2026-10-09T07:56:30,ISO8601,2026-10-09T07:58:30
IPC_SHP_002443,SHP,L_B_0315,START,,,,,2026-10-09T07:59:00,ISO8601,2026-10-09T08:01:00
IPC_INB_002444,INB,L_B_0316,START,,,,,2026-10-09T16:24:00,ISO8601,2026-10-09T16:26:00
IPC_M1_002445,M1,L_B_0316,START,,,,3.1,2026-10-09T16:26:30,ISO8601,2026-10-09T16:28:30
IPC_HT_002446,HT,L_B_0316,START,,179.7,,,2026-10-09T16:29:00,ISO8601,2026-10-09T16:39:00
IPC_AS2_002447,AS2,L_B_0316,START,,,,,2026-10-09T16:45:15,ISO8601,2026-10-09T16:41:30
IPC_T1_002448,T1,L_B_0316,START,,,,,2026-10-09T16:42:00,ISO8601,2026-10-09T16:44:00
IPC_PK_002449,PK,L_B_0316,START,,,,,2026-10-09T16:44:30,ISO8601,2026-10-09T16:46:30
IPC_SHP_002450,SHP,L_B_0316,START,,,,,2026-10-09T16:47:00,ISO8601,2026-10-09T16:49:00
IPC_INB_002451,INB,L_A_0317,START,,,,,2026-10-10T06:00:00,ISO8601,2026-10-10T06:02:00
IPC_M1_002452,M1,L_A_0317,START,,,,5.2,2026-10-10T06:02:30,ISO8601,2026-10-10T06:04:30
IPC_M2_002453,M2,L_A_0317,START,,176.7,47.0,,2026-10-10T06:01:22,ISO8601,2026-10-10T06:07:00
IPC_HT_002454,HT,L_A_0317,START,,178.9,,,2026-10-10T06:07:30,ISO8601,2026-10-10T06:17:30
IPC_AS1_002455,AS1,L_A_0317,START,,,,,2026-10-10T06:18:00,ISO8601,2026-10-10T06:20:00
IPC_T1_002456,T1,L_A_0317,START,,,,,2026-10-10T06:20:30,ISO8601,2026-10-10T06:22:30
IPC_PK_002457,PK,L_A_0317,START,,,,,2026-10-10T06:23:00,ISO8601,2026-10-10T06:25:00
IPC_SHP_002458,SHP,L_A_0317,START,,,,,2026-10-10T06:25:30,ISO8601,2026-10-10T06:27:30
IPC_INB_002459,INB,L_A_0318,START,,,,,2026-10-10T14:48:00,ISO8601,2026-10-10T14:50:00
IPC_M1_002460,M1,L_A_0318,START,,,,4.3,2026-10-10T14:50:30,ISO8601,2026-10-10T14:52:30
IPC_M2_002461,M2,L_A_0318,START,,182.1,41.8,,2026-10-10T14:49:22,ISO8601,2026-10-10T14:55:00
IPC_HT_002462,HT,L_A_0318,START,,174.4,,,2026-10-10T14:55:30,ISO8601,2026-10-10T15:05:30
IPC_AS1_002463,AS1,L_A_0318,START,,,,,2026-10-10T15:06:00,ISO8601,2026-10-10T15:08:00
IPC_T1_002464,T1,L_A_0318,START,FMEA-M2-001,,,,2026-10-10T15:08:30,ISO8601,2026-10-10T15:10:30
IPC_PK_002465,PK,L_A_0318,START,,,,,2026-10-10T15:11:00,ISO8601,2026-10-10T15:13:00
IPC_SHP_002466,SHP,L_A_0318,START,,,,,2026-10-10T15:13:30,ISO8601,2026-10-10T15:15:30
IPC_INB_002467,INB,L_B_0319,START,,,,,2026-10-10T07:36:00,ISO8601,2026-10-10T07:38:00
IPC_M1_002468,M1,L_B_0319,START,,,,3.3,2026-10-10T07:38:30,ISO8601,2026-10-10T07:40:30
IPC_HT_002469,HT,L_B_0319,START,,180.6,,,2026-10-10T07:41:00,ISO8601,2026-10-10T07:51:00
IPC_AS2_002470,AS2,L_B_0319,START,FMEA-M2-001,,,,2026-10-10T07:57:13,ISO8601,2026-10-10T07:53:30
IPC_T1_002471,T1,L_B_0319,START,,,,,2026-10-10T07:54:00,ISO8601,2026-10-10T07:56:00
IPC_PK_002472,PK,L_B_0319,START,,,,,2026-10-10T07:56:30,ISO8601,2026-10-10T07:58:30
IPC_SHP_002473,SHP,L_B_0319,START,,,,,2026-10-10T07:59:00,ISO8601,2026-10-10T08:01:00
IPC_INB_002474,INB,L_B_0320,START,,,,,2026-10-10T16:24:00,ISO8601,2026-10-10T16:26:00
IPC_M1_002475,M1,L_B_0320,START,,,,3.7,2026-10-10T16:26:30,ISO8601,2026-10-10T16:28:30
IPC_HT_002476,HT,L_B_0320,START,,175.5,,,2026-10-10T16:29:00,ISO8601,2026-10-10T16:39:00
IPC_AS2_002477,AS2,L_B_0320,START,,,,,2026-10-10T16:45:13,ISO8601,2026-10-10T16:41:30
IPC_T1_002478,T1,L_B_0320,START,,,,,2026-10-10T16:42:00,ISO8601,2026-10-10T16:44:00
IPC_PK_002479,PK,L_B_0320,START,,,,,2026-10-10T16:44:30,ISO8601,2026-10-10T16:46:30
IPC_SHP_002480,SHP,L_B_0320,START,,,,,2026-10-10T16:47:00,ISO8601,2026-10-10T16:49:00
IPC_INB_002481,INB,L_A_0321,START,,,,,2026-10-10T09:12:00,ISO8601,2026-10-10T09:14:00
IPC_M1_002482,M1,L_A_0321,START,,,,3.8,2026-10-10T09:14:30,ISO8601,2026-10-10T09:16:30
IPC_M2_002483,M2,L_A_0321,START,,179.1,41.9,,2026-10-10T09:13:22,ISO8601,2026-10-10T09:19:00
IPC_HT_002484,HT,L_A_0321,START,,179.1,,,2026-10-10T09:19:30,ISO8601,2026-10-10T09:29:30
IPC_AS1_002485,AS1,L_A_0321,START,,,,,2026-10-10T09:30:00,ISO8601,2026-10-10T09:32:00
IPC_T1_002486,T1,L_A_0321,START,FMEA-M2-001,,,,2026-10-10T09:32:30,ISO8601,2026-10-10T09:34:30
IPC_PK_002487,PK,L_A_0321,START,,,,,2026-10-10T09:35:00,ISO8601,2026-10-10T09:37:00
IPC_SHP_002488,SHP,L_A_0321,START,,,,,2026-10-10T09:37:30,ISO8601,2026-10-10T09:39:30
IPC_INB_002489,INB,L_A_0322,START,,,,,2026-10-10T18:00:00,ISO8601,2026-10-10T18:02:00
IPC_M1_002490,M1,L_A_0322,START,,,,3.1,2026-10-10T18:02:30,ISO8601,2026-10-10T18:04:30
IPC_M2_002491,M2,L_A_0322,START,,183.7,42.2,,2026-10-10T18:01:22,ISO8601,2026-10-10T18:07:00
IPC_HT_002492,HT,L_A_0322,START,,180.0,,,2026-10-10T18:07:30,ISO8601,2026-10-10T18:17:30
IPC_AS1_002493,AS1,L_A_0322,START,,,,,2026-10-10T18:18:00,ISO8601,2026-10-10T18:20:00
IPC_T1_002494,T1,L_A_0322,START,,,,,2026-10-10T18:20:30,ISO8601,2026-10-10T18:22:30
IPC_PK_002495,PK,L_A_0322,START,,,,,2026-10-10T18:23:00,ISO8601,2026-10-10T18:25:00
IPC_SHP_002496,SHP,L_A_0322,START,,,,,2026-10-10T18:25:30,ISO8601,2026-10-10T18:27:30
IPC_INB_002497,INB,L_B_0323,START,,,,,2026-10-10T10:48:00,ISO8601,2026-10-10T10:50:00
IPC_M1_002498,M1,L_B_0323,START,,,,2.9,2026-10-10T10:50:30,ISO8601,2026-10-10T10:52:30
IPC_HT_002499,HT,L_B_0323,START,,181.1,,,2026-10-10T10:53:00,ISO8601,2026-10-10T11:03:00
IPC_AS2_002500,AS2,L_B_0323,START,,,,,2026-10-10T11:09:13,ISO8601,2026-10-10T11:05:30
IPC_T1_002501,T1,L_B_0323,START,,,,,2026-10-10T11:06:00,ISO8601,2026-10-10T11:08:00
IPC_PK_002502,PK,L_B_0323,START,,,,,2026-10-10T11:08:30,ISO8601,2026-10-10T11:10:30
IPC_SHP_002503,SHP,L_B_0323,START,,,,,2026-10-10T11:11:00,ISO8601,2026-10-10T11:13:00
IPC_INB_002504,INB,L_B_0324,START,,,,,2026-10-10T19:36:00,ISO8601,2026-10-10T19:38:00
IPC_M1_002505,M1,L_B_0324,START,,,,4.0,2026-10-10T19:38:30,ISO8601,2026-10-10T19:40:30
IPC_HT_002506,HT,L_B_0324,START,,179.4,,,2026-10-10T19:41:00,ISO8601,2026-10-10T19:51:00
IPC_AS2_002507,AS2,L_B_0324,START,,,,,2026-10-10T19:57:13,ISO8601,2026-10-10T19:53:30
IPC_T1_002508,T1,L_B_0324,START,,,,,2026-10-10T19:54:00,ISO8601,2026-10-10T19:56:00
IPC_PK_002509,PK,L_B_0324,START,,,,,2026-10-10T19:56:30,ISO8601,2026-10-10T19:58:30
IPC_SHP_002510,SHP,L_B_0324,START,,,,,2026-10-10T19:59:00,ISO8601,2026-10-10T20:01:00
IPC_INB_002511,INB,L_A_0325,START,,,,,2026-10-10T06:00:00,ISO8601,2026-10-10T06:02:00
IPC_M1_002512,M1,L_A_0325,START,,,,3.0,2026-10-10T06:02:30,ISO8601,2026-10-10T06:04:30
IPC_M2_002513,M2,L_A_0325,START,,178.1,42.7,,2026-10-10T06:01:22,ISO8601,2026-10-10T06:07:00
IPC_HT_002514,HT,L_A_0325,START,,177.1,,,2026-10-10T06:07:30,ISO8601,2026-10-10T06:17:30
IPC_AS1_002515,AS1,L_A_0325,START,,,,,2026-10-10T06:18:00,ISO8601,2026-10-10T06:20:00
IPC_T1_002516,T1,L_A_0325,START,,,,,2026-10-10T06:20:30,ISO8601,2026-10-10T06:22:30
IPC_PK_002517,PK,L_A_0325,START,,,,,2026-10-10T06:23:00,ISO8601,2026-10-10T06:25:00
IPC_SHP_002518,SHP,L_A_0325,START,,,,,2026-10-10T06:25:30,ISO8601,2026-10-10T06:27:30
IPC_INB_002519,INB,L_A_0326,START,,,,,2026-10-10T14:48:00,ISO8601,2026-10-10T14:50:00
IPC_M1_002520,M1,L_A_0326,START,,,,4.1,2026-10-10T14:50:30,ISO8601,2026-10-10T14:52:30
IPC_M2_002521,M2,L_A_0326,START,,178.5,44.6,,2026-10-10T14:49:22,ISO8601,2026-10-10T14:55:00
IPC_HT_002522,HT,L_A_0326,START,,176.1,,,2026-10-10T14:55:30,ISO8601,2026-10-10T15:05:30
IPC_AS1_002523,AS1,L_A_0326,START,,,,,2026-10-10T15:06:00,ISO8601,2026-10-10T15:08:00
IPC_T1_002524,T1,L_A_0326,START,,,,,2026-10-10T15:08:30,ISO8601,2026-10-10T15:10:30
IPC_PK_002525,PK,L_A_0326,START,,,,,2026-10-10T15:11:00,ISO8601,2026-10-10T15:13:00
IPC_SHP_002526,SHP,L_A_0326,START,,,,,2026-10-10T15:13:30,ISO8601,2026-10-10T15:15:30
IPC_INB_002527,INB,L_B_0327,START,,,,,2026-10-10T07:36:00,ISO8601,2026-10-10T07:38:00
IPC_M1_002528,M1,L_B_0327,START,,,,3.2,2026-10-10T07:38:30,ISO8601,2026-10-10T07:40:30
IPC_HT_002529,HT,L_B_0327,START,,175.6,,,2026-10-10T07:41:00,ISO8601,2026-10-10T07:51:00
IPC_AS2_002530,AS2,L_B_0327,START,,,,,2026-10-10T07:57:13,ISO8601,2026-10-10T07:53:30
IPC_T1_002531,T1,L_B_0327,START,,,,,2026-10-10T07:54:00,ISO8601,2026-10-10T07:56:00
IPC_PK_002532,PK,L_B_0327,START,,,,,2026-10-10T07:56:30,ISO8601,2026-10-10T07:58:30
IPC_SHP_002533,SHP,L_B_0327,START,,,,,2026-10-10T07:59:00,ISO8601,2026-10-10T08:01:00
IPC_INB_002534,INB,L_B_0328,START,,,,,2026-10-10T16:24:00,ISO8601,2026-10-10T16:26:00
IPC_M1_002535,M1,L_B_0328,START,,,,2.3,2026-10-10T16:26:30,ISO8601,2026-10-10T16:28:30
IPC_HT_002536,HT,L_B_0328,START,,177.1,,,2026-10-10T16:29:00,ISO8601,2026-10-10T16:39:00
IPC_AS2_002537,AS2,L_B_0328,START,,,,,2026-10-10T16:45:13,ISO8601,2026-10-10T16:41:30
IPC_T1_002538,T1,L_B_0328,START,,,,,2026-10-10T16:42:00,ISO8601,2026-10-10T16:44:00
IPC_PK_002539,PK,L_B_0328,START,,,,,2026-10-10T16:44:30,ISO8601,2026-10-10T16:46:30
IPC_SHP_002540,SHP,L_B_0328,START,,,,,2026-10-10T16:47:00,ISO8601,2026-10-10T16:49:00
IPC_INB_002541,INB,L_A_0329,START,,,,,2026-10-10T09:12:00,ISO8601,2026-10-10T09:14:00
IPC_M1_002542,M1,L_A_0329,START,,,,3.7,2026-10-10T09:14:30,ISO8601,2026-10-10T09:16:30
IPC_M2_002543,M2,L_A_0329,START,,180.1,47.9,,2026-10-10T09:13:22,ISO8601,2026-10-10T09:19:00
IPC_HT_002544,HT,L_A_0329,START,,176.3,,,2026-10-10T09:19:30,ISO8601,2026-10-10T09:29:30
IPC_AS1_002545,AS1,L_A_0329,START,,,,,2026-10-10T09:30:00,ISO8601,2026-10-10T09:32:00
IPC_T1_002546,T1,L_A_0329,START,,,,,2026-10-10T09:32:30,ISO8601,2026-10-10T09:34:30
IPC_PK_002547,PK,L_A_0329,START,,,,,2026-10-10T09:35:00,ISO8601,2026-10-10T09:37:00
IPC_SHP_002548,SHP,L_A_0329,START,,,,,2026-10-10T09:37:30,ISO8601,2026-10-10T09:39:30
IPC_INB_002549,INB,L_A_0330,START,,,,,2026-10-10T18:00:00,ISO8601,2026-10-10T18:02:00
IPC_M1_002550,M1,L_A_0330,START,,,,4.7,2026-10-10T18:02:30,ISO8601,2026-10-10T18:04:30
IPC_M2_002551,M2,L_A_0330,START,,178.4,46.5,,2026-10-10T18:01:22,ISO8601,2026-10-10T18:07:00
IPC_HT_002552,HT,L_A_0330,START,,177.4,,,2026-10-10T18:07:30,ISO8601,2026-10-10T18:17:30
IPC_AS1_002553,AS1,L_A_0330,START,,,,,2026-10-10T18:18:00,ISO8601,2026-10-10T18:20:00
IPC_T1_002554,T1,L_A_0330,START,,,,,2026-10-10T18:20:30,ISO8601,2026-10-10T18:22:30
IPC_PK_002555,PK,L_A_0330,START,,,,,2026-10-10T18:23:00,ISO8601,2026-10-10T18:25:00
IPC_SHP_002556,SHP,L_A_0330,START,,,,,2026-10-10T18:25:30,ISO8601,2026-10-10T18:27:30
IPC_INB_002557,INB,L_B_0331,START,,,,,2026-10-10T10:48:00,ISO8601,2026-10-10T10:50:00
IPC_M1_002558,M1,L_B_0331,START,,,,3.4,2026-10-10T10:50:30,ISO8601,2026-10-10T10:52:30
IPC_HT_002559,HT,L_B_0331,START,,179.3,,,2026-10-10T10:53:00,ISO8601,2026-10-10T11:03:00
IPC_AS2_002560,AS2,L_B_0331,START,,,,,2026-10-10T11:09:13,ISO8601,2026-10-10T11:05:30
IPC_T1_002561,T1,L_B_0331,START,,,,,2026-10-10T11:06:00,ISO8601,2026-10-10T11:08:00
IPC_PK_002562,PK,L_B_0331,START,,,,,2026-10-10T11:08:30,ISO8601,2026-10-10T11:10:30
IPC_SHP_002563,SHP,L_B_0331,START,,,,,2026-10-10T11:11:00,ISO8601,2026-10-10T11:13:00
IPC_INB_002564,INB,L_B_0332,START,,,,,2026-10-10T19:36:00,ISO8601,2026-10-10T19:38:00
IPC_M1_002565,M1,L_B_0332,START,,,,3.6,2026-10-10T19:38:30,ISO8601,2026-10-10T19:40:30
IPC_HT_002566,HT,L_B_0332,START,,177.0,,,2026-10-10T19:41:00,ISO8601,2026-10-10T19:51:00
IPC_AS2_002567,AS2,L_B_0332,START,,,,,2026-10-10T19:57:13,ISO8601,2026-10-10T19:53:30
IPC_T1_002568,T1,L_B_0332,START,,,,,2026-10-10T19:54:00,ISO8601,2026-10-10T19:56:00
IPC_PK_002569,PK,L_B_0332,START,,,,,2026-10-10T19:56:30,ISO8601,2026-10-10T19:58:30
IPC_SHP_002570,SHP,L_B_0332,START,,,,,2026-10-10T19:59:00,ISO8601,2026-10-10T20:01:00
IPC_INB_002571,INB,L_A_0333,START,,,,,2026-10-10T06:00:00,ISO8601,2026-10-10T06:02:00
IPC_M1_002572,M1,L_A_0333,START,,,,4.0,2026-10-10T06:02:30,ISO8601,2026-10-10T06:04:30
IPC_M2_002573,M2,L_A_0333,START,,172.4,44.3,,2026-10-10T06:01:22,ISO8601,2026-10-10T06:07:00
IPC_HT_002574,HT,L_A_0333,START,,177.0,,,2026-10-10T06:07:30,ISO8601,2026-10-10T06:17:30
IPC_AS1_002575,AS1,L_A_0333,START,,,,,2026-10-10T06:18:00,ISO8601,2026-10-10T06:20:00
IPC_T1_002576,T1,L_A_0333,START,,,,,2026-10-10T06:20:30,ISO8601,2026-10-10T06:22:30
IPC_PK_002577,PK,L_A_0333,START,,,,,2026-10-10T06:23:00,ISO8601,2026-10-10T06:25:00
IPC_SHP_002578,SHP,L_A_0333,START,,,,,2026-10-10T06:25:30,ISO8601,2026-10-10T06:27:30
IPC_INB_002579,INB,L_A_0334,START,,,,,2026-10-10T14:48:00,ISO8601,2026-10-10T14:50:00
IPC_M1_002580,M1,L_A_0334,START,FMEA-M2-001,,,3.0,2026-10-10T14:50:30,ISO8601,2026-10-10T14:52:30
IPC_M2_002581,M2,L_A_0334,START,,175.1,46.3,,2026-10-10T14:49:22,ISO8601,2026-10-10T14:55:00
IPC_HT_002582,HT,L_A_0334,START,,176.5,,,2026-10-10T14:55:30,ISO8601,2026-10-10T15:05:30
IPC_AS1_002583,AS1,L_A_0334,START,,,,,2026-10-10T15:06:00,ISO8601,2026-10-10T15:08:00
IPC_T1_002584,T1,L_A_0334,START,,,,,2026-10-10T15:08:30,ISO8601,2026-10-10T15:10:30
IPC_PK_002585,PK,L_A_0334,START,,,,,2026-10-10T15:11:00,ISO8601,2026-10-10T15:13:00
IPC_SHP_002586,SHP,L_A_0334,START,,,,,2026-10-10T15:13:30,ISO8601,2026-10-10T15:15:30
IPC_INB_002587,INB,L_B_0335,START,FMEA-M2-001,,,,2026-10-10T07:36:00,ISO8601,2026-10-10T07:38:00
IPC_M1_002588,M1,L_B_0335,START,,,,3.6,2026-10-10T07:38:30,ISO8601,2026-10-10T07:40:30
IPC_HT_002589,HT,L_B_0335,START,,176.4,,,2026-10-10T07:41:00,ISO8601,2026-10-10T07:51:00
IPC_AS2_002590,AS2,L_B_0335,START,FMEA-M2-001,,,,2026-10-10T07:57:13,ISO8601,2026-10-10T07:53:30
IPC_T1_002591,T1,L_B_0335,START,,,,,2026-10-10T07:54:00,ISO8601,2026-10-10T07:56:00
IPC_PK_002592,PK,L_B_0335,START,,,,,2026-10-10T07:56:30,ISO8601,2026-10-10T07:58:30
IPC_SHP_002593,SHP,L_B_0335,START,,,,,2026-10-10T07:59:00,ISO8601,2026-10-10T08:01:00
IPC_INB_002594,INB,L_B_0336,START,,,,,2026-10-10T16:24:00,ISO8601,2026-10-10T16:26:00
IPC_M1_002595,M1,L_B_0336,START,,,,4.5,2026-10-10T16:26:30,ISO8601,2026-10-10T16:28:30
IPC_HT_002596,HT,L_B_0336,START,FMEA-M2-001,172.1,,,2026-10-10T16:29:00,ISO8601,2026-10-10T16:39:00
IPC_AS2_002597,AS2,L_B_0336,START,,,,,2026-10-10T16:45:13,ISO8601,2026-10-10T16:41:30
IPC_T1_002598,T1,L_B_0336,START,,,,,2026-10-10T16:42:00,ISO8601,2026-10-10T16:44:00
IPC_PK_002599,PK,L_B_0336,START,,,,,2026-10-10T16:44:30,ISO8601,2026-10-10T16:46:30
IPC_SHP_002600,SHP,L_B_0336,START,,,,,2026-10-10T16:47:00,ISO8601,2026-10-10T16:49:00
IPC_INB_002601,INB,L_A_0337,START,,,,,2026-10-10T09:12:00,ISO8601,2026-10-10T09:14:00
IPC_M1_002602,M1,L_A_0337,START,,,,3.4,2026-10-10T09:14:30,ISO8601,2026-10-10T09:16:30
IPC_M2_002603,M2,L_A_0337,START,,176.2,43.8,,2026-10-10T09:13:22,ISO8601,2026-10-10T09:19:00
IPC_HT_002604,HT,L_A_0337,START,,180.0,,,2026-10-10T09:19:30,ISO8601,2026-10-10T09:29:30
IPC_AS1_002605,AS1,L_A_0337,START,,,,,2026-10-10T09:30:00,ISO8601,2026-10-10T09:32:00
IPC_T1_002606,T1,L_A_0337,START,,,,,2026-10-10T09:32:30,ISO8601,2026-10-10T09:34:30
IPC_PK_002607,PK,L_A_0337,START,,,,,2026-10-10T09:35:00,ISO8601,2026-10-10T09:37:00
IPC_SHP_002608,SHP,L_A_0337,START,,,,,2026-10-10T09:37:30,ISO8601,2026-10-10T09:39:30
IPC_INB_002609,INB,L_A_0338,START,,,,,2026-10-10T18:00:00,ISO8601,2026-10-10T18:02:00
IPC_M1_002610,M1,L_A_0338,START,,,,0.6,2026-10-10T18:02:30,ISO8601,2026-10-10T18:04:30
IPC_M2_002611,M2,L_A_0338,START,,176.9,46.3,,2026-10-10T18:01:22,ISO8601,2026-10-10T18:07:00
IPC_HT_002612,HT,L_A_0338,START,,170.9,,,2026-10-10T18:07:30,ISO8601,2026-10-10T18:17:30
IPC_AS1_002613,AS1,L_A_0338,START,,,,,2026-10-10T18:18:00,ISO8601,2026-10-10T18:20:00
IPC_T1_002614,T1,L_A_0338,START,,,,,2026-10-10T18:20:30,ISO8601,2026-10-10T18:22:30
IPC_PK_002615,PK,L_A_0338,START,,,,,2026-10-10T18:23:00,ISO8601,2026-10-10T18:25:00
IPC_SHP_002616,SHP,L_A_0338,START,,,,,2026-10-10T18:25:30,ISO8601,2026-10-10T18:27:30
IPC_INB_002617,INB,L_B_0339,START,,,,,2026-10-10T10:48:00,ISO8601,2026-10-10T10:50:00
IPC_M1_002618,M1,L_B_0339,START,,,,2.3,2026-10-10T10:50:30,ISO8601,2026-10-10T10:52:30
IPC_HT_002619,HT,L_B_0339,START,,172.7,,,2026-10-10T10:53:00,ISO8601,2026-10-10T11:03:00
IPC_AS2_002620,AS2,L_B_0339,START,,,,,2026-10-10T11:09:13,ISO8601,2026-10-10T11:05:30
IPC_T1_002621,T1,L_B_0339,START,FMEA-M2-001,,,,2026-10-10T11:06:00,ISO8601,2026-10-10T11:08:00
IPC_PK_002622,PK,L_B_0339,START,,,,,2026-10-10T11:08:30,ISO8601,2026-10-10T11:10:30
IPC_SHP_002623,SHP,L_B_0339,START,,,,,2026-10-10T11:11:00,ISO8601,2026-10-10T11:13:00
IPC_INB_002624,INB,L_B_0340,START,,,,,2026-10-10T19:36:00,ISO8601,2026-10-10T19:38:00
IPC_M1_002625,M1,L_B_0340,START,,,,2.2,2026-10-10T19:38:30,ISO8601,2026-10-10T19:40:30
IPC_HT_002626,HT,L_B_0340,START,,174.3,,,2026-10-10T19:41:00,ISO8601,2026-10-10T19:51:00
IPC_AS2_002627,AS2,L_B_0340,START,,,,,2026-10-10T19:57:13,ISO8601,2026-10-10T19:53:30
IPC_T1_002628,T1,L_B_0340,START,,,,,2026-10-10T19:54:00,ISO8601,2026-10-10T19:56:00
IPC_PK_002629,PK,L_B_0340,START,,,,,2026-10-10T19:56:30,ISO8601,2026-10-10T19:58:30
IPC_SHP_002630,SHP,L_B_0340,START,,,,,2026-10-10T19:59:00,ISO8601,2026-10-10T20:01:00
IPC_INB_002631,INB,L_A_0341,START,,,,,2026-10-10T06:00:00,ISO8601,2026-10-10T06:02:00
IPC_M1_002632,M1,L_A_0341,START,,,,2.5,2026-10-10T06:02:30,ISO8601,2026-10-10T06:04:30
IPC_M2_002633,M2,L_A_0341,START,,178.3,45.9,,2026-10-10T06:01:22,ISO8601,2026-10-10T06:07:00
IPC_HT_002634,HT,L_A_0341,START,,184.2,,,2026-10-10T06:07:30,ISO8601,2026-10-10T06:17:30
IPC_AS1_002635,AS1,L_A_0341,START,FMEA-M2-001,,,,2026-10-10T06:18:00,ISO8601,2026-10-10T06:20:00
IPC_T1_002636,T1,L_A_0341,START,FMEA-M2-001,,,,2026-10-10T06:20:30,ISO8601,2026-10-10T06:22:30
IPC_PK_002637,PK,L_A_0341,START,,,,,2026-10-10T06:23:00,ISO8601,2026-10-10T06:25:00
IPC_SHP_002638,SHP,L_A_0341,START,,,,,2026-10-10T06:25:30,ISO8601,2026-10-10T06:27:30
IPC_INB_002639,INB,L_A_0342,START,,,,,2026-10-10T14:48:00,ISO8601,2026-10-10T14:50:00
IPC_M1_002640,M1,L_A_0342,START,,,,4.4,2026-10-10T14:50:30,ISO8601,2026-10-10T14:52:30
IPC_M2_002641,M2,L_A_0342,START,,183.5,44.4,,2026-10-10T14:49:22,ISO8601,2026-10-10T14:55:00
IPC_HT_002642,HT,L_A_0342,START,,172.5,,,2026-10-10T14:55:30,ISO8601,2026-10-10T15:05:30
IPC_AS1_002643,AS1,L_A_0342,START,,,,,2026-10-10T15:06:00,ISO8601,2026-10-10T15:08:00
IPC_T1_002644,T1,L_A_0342,START,,,,,2026-10-10T15:08:30,ISO8601,2026-10-10T15:10:30
IPC_PK_002645,PK,L_A_0342,START,,,,,2026-10-10T15:11:00,ISO8601,2026-10-10T15:13:00
IPC_SHP_002646,SHP,L_A_0342,START,,,,,2026-10-10T15:13:30,ISO8601,2026-10-10T15:15:30
IPC_INB_002647,INB,L_B_0343,START,,,,,2026-10-10T07:36:00,ISO8601,2026-10-10T07:38:00
IPC_M1_002648,M1,L_B_0343,START,,,,3.7,2026-10-10T07:38:30,ISO8601,2026-10-10T07:40:30
IPC_HT_002649,HT,L_B_0343,START,,179.3,,,2026-10-10T07:41:00,ISO8601,2026-10-10T07:51:00
IPC_AS2_002650,AS2,L_B_0343,START,,,,,2026-10-10T07:57:13,ISO8601,2026-10-10T07:53:30
IPC_T1_002651,T1,L_B_0343,START,,,,,2026-10-10T07:54:00,ISO8601,2026-10-10T07:56:00
IPC_PK_002652,PK,L_B_0343,START,FMEA-M2-001,,,,2026-10-10T07:56:30,ISO8601,2026-10-10T07:58:30
IPC_SHP_002653,SHP,L_B_0343,START,,,,,2026-10-10T07:59:00,ISO8601,2026-10-10T08:01:00
IPC_INB_002654,INB,L_B_0344,START,,,,,2026-10-10T16:24:00,ISO8601,2026-10-10T16:26:00
IPC_M1_002655,M1,L_B_0344,START,,,,4.1,2026-10-10T16:26:30,ISO8601,2026-10-10T16:28:30
IPC_HT_002656,HT,L_B_0344,START,,174.7,,,2026-10-10T16:29:00,ISO8601,2026-10-10T16:39:00
IPC_AS2_002657,AS2,L_B_0344,START,,,,,2026-10-10T16:45:13,ISO8601,2026-10-10T16:41:30
IPC_T1_002658,T1,L_B_0344,START,,,,,2026-10-10T16:42:00,ISO8601,2026-10-10T16:44:00
IPC_PK_002659,PK,L_B_0344,START,,,,,2026-10-10T16:44:30,ISO8601,2026-10-10T16:46:30
IPC_SHP_002660,SHP,L_B_0344,START,,,,,2026-10-10T16:47:00,ISO8601,2026-10-10T16:49:00
IPC_INB_002661,INB,L_A_0345,START,,,,,2026-10-11T06:00:00,ISO8601,2026-10-11T06:02:00
IPC_M1_002662,M1,L_A_0345,START,,,,2.5,2026-10-11T06:02:30,ISO8601,2026-10-11T06:04:30
IPC_M2_002663,M2,L_A_0345,START,FMEA-M2-001,177.0,42.9,,2026-10-11T06:01:24,ISO8601,2026-10-11T06:07:00
IPC_HT_002664,HT,L_A_0345,START,,180.3,,,2026-10-11T06:07:30,ISO8601,2026-10-11T06:17:30
IPC_AS1_002665,AS1,L_A_0345,START,,,,,2026-10-11T06:18:00,ISO8601,2026-10-11T06:20:00
IPC_T1_002666,T1,L_A_0345,START,,,,,2026-10-11T06:20:30,ISO8601,2026-10-11T06:22:30
IPC_PK_002667,PK,L_A_0345,START,,,,,2026-10-11T06:23:00,ISO8601,2026-10-11T06:25:00
IPC_SHP_002668,SHP,L_A_0345,START,,,,,2026-10-11T06:25:30,ISO8601,2026-10-11T06:27:30
IPC_INB_002669,INB,L_A_0346,START,,,,,2026-10-11T14:48:00,ISO8601,2026-10-11T14:50:00
IPC_M1_002670,M1,L_A_0346,START,,,,3.2,2026-10-11T14:50:30,ISO8601,2026-10-11T14:52:30
IPC_M2_002671,M2,L_A_0346,START,,171.7,44.2,,2026-10-11T14:49:24,ISO8601,2026-10-11T14:55:00
IPC_HT_002672,HT,L_A_0346,START,FMEA-M2-001,186.9,,,2026-10-11T14:55:30,ISO8601,2026-10-11T15:05:30
IPC_AS1_002673,AS1,L_A_0346,START,,,,,2026-10-11T15:06:00,ISO8601,2026-10-11T15:08:00
IPC_T1_002674,T1,L_A_0346,START,FMEA-M2-001,,,,2026-10-11T15:08:30,ISO8601,2026-10-11T15:10:30
IPC_PK_002675,PK,L_A_0346,START,,,,,2026-10-11T15:11:00,ISO8601,2026-10-11T15:13:00
IPC_SHP_002676,SHP,L_A_0346,START,,,,,2026-10-11T15:13:30,ISO8601,2026-10-11T15:15:30
IPC_INB_002677,INB,L_B_0347,START,,,,,2026-10-11T07:36:00,ISO8601,2026-10-11T07:38:00
IPC_M1_002678,M1,L_B_0347,START,,,,3.7,2026-10-11T07:38:30,ISO8601,2026-10-11T07:40:30
IPC_HT_002679,HT,L_B_0347,START,,178.2,,,2026-10-11T07:41:00,ISO8601,2026-10-11T07:51:00
IPC_AS2_002680,AS2,L_B_0347,START,,,,,2026-10-11T07:57:12,ISO8601,2026-10-11T07:53:30
IPC_T1_002681,T1,L_B_0347,START,,,,,2026-10-11T07:54:00,ISO8601,2026-10-11T07:56:00
IPC_PK_002682,PK,L_B_0347,START,,,,,2026-10-11T07:56:30,ISO8601,2026-10-11T07:58:30
IPC_SHP_002683,SHP,L_B_0347,START,,,,,2026-10-11T07:59:00,ISO8601,2026-10-11T08:01:00
IPC_INB_002684,INB,L_B_0348,START,,,,,2026-10-11T16:24:00,ISO8601,2026-10-11T16:26:00
IPC_M1_002685,M1,L_B_0348,START,,,,1.8,2026-10-11T16:26:30,ISO8601,2026-10-11T16:28:30
IPC_HT_002686,HT,L_B_0348,START,,181.2,,,2026-10-11T16:29:00,ISO8601,2026-10-11T16:39:00
IPC_AS2_002687,AS2,L_B_0348,START,,,,,2026-10-11T16:45:12,ISO8601,2026-10-11T16:41:30
IPC_T1_002688,T1,L_B_0348,START,,,,,2026-10-11T16:42:00,ISO8601,2026-10-11T16:44:00
IPC_PK_002689,PK,L_B_0348,START,,,,,2026-10-11T16:44:30,ISO8601,2026-10-11T16:46:30
IPC_SHP_002690,SHP,L_B_0348,START,,,,,2026-10-11T16:47:00,ISO8601,2026-10-11T16:49:00
IPC_INB_002691,INB,L_A_0349,START,,,,,2026-10-11T09:12:00,ISO8601,2026-10-11T09:14:00
IPC_M1_002692,M1,L_A_0349,START,,,,3.6,2026-10-11T09:14:30,ISO8601,2026-10-11T09:16:30
IPC_M2_002693,M2,L_A_0349,START,,178.5,45.7,,2026-10-11T09:13:24,ISO8601,2026-10-11T09:19:00
IPC_HT_002694,HT,L_A_0349,START,,178.4,,,2026-10-11T09:19:30,ISO8601,2026-10-11T09:29:30
IPC_AS1_002695,AS1,L_A_0349,START,FMEA-M2-001,,,,2026-10-11T09:30:00,ISO8601,2026-10-11T09:32:00
IPC_T1_002696,T1,L_A_0349,START,,,,,2026-10-11T09:32:30,ISO8601,2026-10-11T09:34:30
IPC_PK_002697,PK,L_A_0349,START,,,,,2026-10-11T09:35:00,ISO8601,2026-10-11T09:37:00
IPC_SHP_002698,SHP,L_A_0349,START,,,,,2026-10-11T09:37:30,ISO8601,2026-10-11T09:39:30
IPC_INB_002699,INB,L_A_0350,START,,,,,2026-10-11T18:00:00,ISO8601,2026-10-11T18:02:00
IPC_M1_002700,M1,L_A_0350,START,,,,3.6,2026-10-11T18:02:30,ISO8601,2026-10-11T18:04:30
IPC_M2_002701,M2,L_A_0350,START,,177.4,45.4,,2026-10-11T18:01:24,ISO8601,2026-10-11T18:07:00
IPC_HT_002702,HT,L_A_0350,START,,177.3,,,2026-10-11T18:07:30,ISO8601,2026-10-11T18:17:30
IPC_AS1_002703,AS1,L_A_0350,START,,,,,2026-10-11T18:18:00,ISO8601,2026-10-11T18:20:00
IPC_T1_002704,T1,L_A_0350,START,,,,,2026-10-11T18:20:30,ISO8601,2026-10-11T18:22:30
IPC_PK_002705,PK,L_A_0350,START,,,,,2026-10-11T18:23:00,ISO8601,2026-10-11T18:25:00
IPC_SHP_002706,SHP,L_A_0350,START,,,,,2026-10-11T18:25:30,ISO8601,2026-10-11T18:27:30
IPC_INB_002707,INB,L_B_0351,START,,,,,2026-10-11T10:48:00,ISO8601,2026-10-11T10:50:00
IPC_M1_002708,M1,L_B_0351,START,,,,4.1,2026-10-11T10:50:30,ISO8601,2026-10-11T10:52:30
IPC_HT_002709,HT,L_B_0351,START,FMEA-M2-001,177.0,,,2026-10-11T10:53:00,ISO8601,2026-10-11T11:03:00
IPC_AS2_002710,AS2,L_B_0351,START,,,,,2026-10-11T11:09:12,ISO8601,2026-10-11T11:05:30
IPC_T1_002711,T1,L_B_0351,START,,,,,2026-10-11T11:06:00,ISO8601,2026-10-11T11:08:00
IPC_PK_002712,PK,L_B_0351,START,FMEA-M2-001,,,,2026-10-11T11:08:30,ISO8601,2026-10-11T11:10:30
IPC_SHP_002713,SHP,L_B_0351,START,,,,,2026-10-11T11:11:00,ISO8601,2026-10-11T11:13:00
IPC_INB_002714,INB,L_B_0352,START,,,,,2026-10-11T19:36:00,ISO8601,2026-10-11T19:38:00
IPC_M1_002715,M1,L_B_0352,START,,,,3.6,2026-10-11T19:38:30,ISO8601,2026-10-11T19:40:30
IPC_HT_002716,HT,L_B_0352,START,,180.8,,,2026-10-11T19:41:00,ISO8601,2026-10-11T19:51:00
IPC_AS2_002717,AS2,L_B_0352,START,,,,,2026-10-11T19:57:12,ISO8601,2026-10-11T19:53:30
IPC_T1_002718,T1,L_B_0352,START,,,,,2026-10-11T19:54:00,ISO8601,2026-10-11T19:56:00
IPC_PK_002719,PK,L_B_0352,START,,,,,2026-10-11T19:56:30,ISO8601,2026-10-11T19:58:30
IPC_SHP_002720,SHP,L_B_0352,START,,,,,2026-10-11T19:59:00,ISO8601,2026-10-11T20:01:00
IPC_INB_002721,INB,L_A_0353,START,,,,,2026-10-11T06:00:00,ISO8601,2026-10-11T06:02:00
IPC_M1_002722,M1,L_A_0353,START,,,,2.7,2026-10-11T06:02:30,ISO8601,2026-10-11T06:04:30
IPC_M2_002723,M2,L_A_0353,START,,177.4,44.8,,2026-10-11T06:01:24,ISO8601,2026-10-11T06:07:00
IPC_HT_002724,HT,L_A_0353,START,,180.9,,,2026-10-11T06:07:30,ISO8601,2026-10-11T06:17:30
IPC_AS1_002725,AS1,L_A_0353,START,,,,,2026-10-11T06:18:00,ISO8601,2026-10-11T06:20:00
IPC_T1_002726,T1,L_A_0353,START,,,,,2026-10-11T06:20:30,ISO8601,2026-10-11T06:22:30
IPC_PK_002727,PK,L_A_0353,START,,,,,2026-10-11T06:23:00,ISO8601,2026-10-11T06:25:00
IPC_SHP_002728,SHP,L_A_0353,START,,,,,2026-10-11T06:25:30,ISO8601,2026-10-11T06:27:30
IPC_INB_002729,INB,L_A_0354,START,,,,,2026-10-11T14:48:00,ISO8601,2026-10-11T14:50:00
IPC_M1_002730,M1,L_A_0354,START,,,,4.8,2026-10-11T14:50:30,ISO8601,2026-10-11T14:52:30
IPC_M2_002731,M2,L_A_0354,START,,175.7,45.4,,2026-10-11T14:49:24,ISO8601,2026-10-11T14:55:00
IPC_HT_002732,HT,L_A_0354,START,,175.0,,,2026-10-11T14:55:30,ISO8601,2026-10-11T15:05:30
IPC_AS1_002733,AS1,L_A_0354,START,,,,,2026-10-11T15:06:00,ISO8601,2026-10-11T15:08:00
IPC_T1_002734,T1,L_A_0354,START,,,,,2026-10-11T15:08:30,ISO8601,2026-10-11T15:10:30
IPC_PK_002735,PK,L_A_0354,START,,,,,2026-10-11T15:11:00,ISO8601,2026-10-11T15:13:00
IPC_SHP_002736,SHP,L_A_0354,START,,,,,2026-10-11T15:13:30,ISO8601,2026-10-11T15:15:30
IPC_INB_002737,INB,L_B_0355,START,,,,,2026-10-11T07:36:00,ISO8601,2026-10-11T07:38:00
IPC_M1_002738,M1,L_B_0355,START,,,,2.7,2026-10-11T07:38:30,ISO8601,2026-10-11T07:40:30
IPC_HT_002739,HT,L_B_0355,START,,181.1,,,2026-10-11T07:41:00,ISO8601,2026-10-11T07:51:00
IPC_AS2_002740,AS2,L_B_0355,START,,,,,2026-10-11T07:57:12,ISO8601,2026-10-11T07:53:30
IPC_T1_002741,T1,L_B_0355,START,,,,,2026-10-11T07:54:00,ISO8601,2026-10-11T07:56:00
IPC_PK_002742,PK,L_B_0355,START,,,,,2026-10-11T07:56:30,ISO8601,2026-10-11T07:58:30
IPC_SHP_002743,SHP,L_B_0355,START,,,,,2026-10-11T07:59:00,ISO8601,2026-10-11T08:01:00
IPC_INB_002744,INB,L_B_0356,START,,,,,2026-10-11T16:24:00,ISO8601,2026-10-11T16:26:00
IPC_M1_002745,M1,L_B_0356,START,,,,2.4,2026-10-11T16:26:30,ISO8601,2026-10-11T16:28:30
IPC_HT_002746,HT,L_B_0356,START,,175.1,,,2026-10-11T16:29:00,ISO8601,2026-10-11T16:39:00
IPC_AS2_002747,AS2,L_B_0356,START,,,,,2026-10-11T16:45:12,ISO8601,2026-10-11T16:41:30
IPC_T1_002748,T1,L_B_0356,START,,,,,2026-10-11T16:42:00,ISO8601,2026-10-11T16:44:00
IPC_PK_002749,PK,L_B_0356,START,,,,,2026-10-11T16:44:30,ISO8601,2026-10-11T16:46:30
IPC_SHP_002750,SHP,L_B_0356,START,,,,,2026-10-11T16:47:00,ISO8601,2026-10-11T16:49:00
IPC_INB_002751,INB,L_A_0357,START,,,,,2026-10-11T09:12:00,ISO8601,2026-10-11T09:14:00
IPC_M1_002752,M1,L_A_0357,START,,,,3.9,2026-10-11T09:14:30,ISO8601,2026-10-11T09:16:30
IPC_M2_002753,M2,L_A_0357,START,,177.5,43.7,,2026-10-11T09:13:24,ISO8601,2026-10-11T09:19:00
IPC_HT_002754,HT,L_A_0357,START,,173.4,,,2026-10-11T09:19:30,ISO8601,2026-10-11T09:29:30
IPC_AS1_002755,AS1,L_A_0357,START,,,,,2026-10-11T09:30:00,ISO8601,2026-10-11T09:32:00
IPC_T1_002756,T1,L_A_0357,START,,,,,2026-10-11T09:32:30,ISO8601,2026-10-11T09:34:30
IPC_PK_002757,PK,L_A_0357,START,,,,,2026-10-11T09:35:00,ISO8601,2026-10-11T09:37:00
IPC_SHP_002758,SHP,L_A_0357,START,,,,,2026-10-11T09:37:30,ISO8601,2026-10-11T09:39:30
IPC_INB_002759,INB,L_A_0358,START,,,,,2026-10-11T18:00:00,ISO8601,2026-10-11T18:02:00
IPC_M1_002760,M1,L_A_0358,START,,,,2.8,2026-10-11T18:02:30,ISO8601,2026-10-11T18:04:30
IPC_M2_002761,M2,L_A_0358,START,,181.5,48.5,,2026-10-11T18:01:24,ISO8601,2026-10-11T18:07:00
IPC_HT_002762,HT,L_A_0358,START,,178.7,,,2026-10-11T18:07:30,ISO8601,2026-10-11T18:17:30
IPC_AS1_002763,AS1,L_A_0358,START,,,,,2026-10-11T18:18:00,ISO8601,2026-10-11T18:20:00
IPC_T1_002764,T1,L_A_0358,START,,,,,2026-10-11T18:20:30,ISO8601,2026-10-11T18:22:30
IPC_PK_002765,PK,L_A_0358,START,,,,,2026-10-11T18:23:00,ISO8601,2026-10-11T18:25:00
IPC_SHP_002766,SHP,L_A_0358,START,,,,,2026-10-11T18:25:30,ISO8601,2026-10-11T18:27:30
IPC_INB_002767,INB,L_B_0359,START,,,,,2026-10-11T10:48:00,ISO8601,2026-10-11T10:50:00
IPC_M1_002768,M1,L_B_0359,START,,,,2.3,2026-10-11T10:50:30,ISO8601,2026-10-11T10:52:30
IPC_HT_002769,HT,L_B_0359,START,,181.3,,,2026-10-11T10:53:00,ISO8601,2026-10-11T11:03:00
IPC_AS2_002770,AS2,L_B_0359,START,,,,,2026-10-11T11:09:12,ISO8601,2026-10-11T11:05:30
IPC_T1_002771,T1,L_B_0359,START,,,,,2026-10-11T11:06:00,ISO8601,2026-10-11T11:08:00
IPC_PK_002772,PK,L_B_0359,START,,,,,2026-10-11T11:08:30,ISO8601,2026-10-11T11:10:30
IPC_SHP_002773,SHP,L_B_0359,START,,,,,2026-10-11T11:11:00,ISO8601,2026-10-11T11:13:00
IPC_INB_002774,INB,L_B_0360,START,,,,,2026-10-11T19:36:00,ISO8601,2026-10-11T19:38:00
IPC_M1_002775,M1,L_B_0360,START,,,,2.7,2026-10-11T19:38:30,ISO8601,2026-10-11T19:40:30
IPC_HT_002776,HT,L_B_0360,START,,177.8,,,2026-10-11T19:41:00,ISO8601,2026-10-11T19:51:00
IPC_AS2_002777,AS2,L_B_0360,START,,,,,2026-10-11T19:57:12,ISO8601,2026-10-11T19:53:30
IPC_T1_002778,T1,L_B_0360,START,,,,,2026-10-11T19:54:00,ISO8601,2026-10-11T19:56:00
IPC_PK_002779,PK,L_B_0360,START,,,,,2026-10-11T19:56:30,ISO8601,2026-10-11T19:58:30
IPC_SHP_002780,SHP,L_B_0360,START,,,,,2026-10-11T19:59:00,ISO8601,2026-10-11T20:01:00
IPC_INB_002781,INB,L_A_0361,START,,,,,2026-10-11T06:00:00,ISO8601,2026-10-11T06:02:00
IPC_M1_002782,M1,L_A_0361,START,,,,3.8,2026-10-11T06:02:30,ISO8601,2026-10-11T06:04:30
IPC_M2_002783,M2,L_A_0361,START,FMEA-M2-001,177.9,43.6,,2026-10-11T06:01:24,ISO8601,2026-10-11T06:07:00
IPC_HT_002784,HT,L_A_0361,START,,183.9,,,2026-10-11T06:07:30,ISO8601,2026-10-11T06:17:30
IPC_AS1_002785,AS1,L_A_0361,START,,,,,2026-10-11T06:18:00,ISO8601,2026-10-11T06:20:00
IPC_T1_002786,T1,L_A_0361,START,,,,,2026-10-11T06:20:30,ISO8601,2026-10-11T06:22:30
IPC_PK_002787,PK,L_A_0361,START,,,,,2026-10-11T06:23:00,ISO8601,2026-10-11T06:25:00
IPC_SHP_002788,SHP,L_A_0361,START,,,,,2026-10-11T06:25:30,ISO8601,2026-10-11T06:27:30
IPC_INB_002789,INB,L_A_0362,START,,,,,2026-10-11T14:48:00,ISO8601,2026-10-11T14:50:00
IPC_M1_002790,M1,L_A_0362,START,,,,5.9,2026-10-11T14:50:30,ISO8601,2026-10-11T14:52:30
IPC_M2_002791,M2,L_A_0362,START,,176.4,41.6,,2026-10-11T14:49:24,ISO8601,2026-10-11T14:55:00
IPC_HT_002792,HT,L_A_0362,START,,174.9,,,2026-10-11T14:55:30,ISO8601,2026-10-11T15:05:30
IPC_AS1_002793,AS1,L_A_0362,START,,,,,2026-10-11T15:06:00,ISO8601,2026-10-11T15:08:00
IPC_T1_002794,T1,L_A_0362,START,,,,,2026-10-11T15:08:30,ISO8601,2026-10-11T15:10:30
IPC_PK_002795,PK,L_A_0362,START,,,,,2026-10-11T15:11:00,ISO8601,2026-10-11T15:13:00
IPC_SHP_002796,SHP,L_A_0362,START,,,,,2026-10-11T15:13:30,ISO8601,2026-10-11T15:15:30
IPC_INB_002797,INB,L_B_0363,START,,,,,2026-10-11T07:36:00,ISO8601,2026-10-11T07:38:00
IPC_M1_002798,M1,L_B_0363,START,,,,4.5,2026-10-11T07:38:30,ISO8601,2026-10-11T07:40:30
IPC_HT_002799,HT,L_B_0363,START,,178.8,,,2026-10-11T07:41:00,ISO8601,2026-10-11T07:51:00
IPC_AS2_002800,AS2,L_B_0363,START,,,,,2026-10-11T07:57:12,ISO8601,2026-10-11T07:53:30
IPC_T1_002801,T1,L_B_0363,START,,,,,2026-10-11T07:54:00,ISO8601,2026-10-11T07:56:00
IPC_PK_002802,PK,L_B_0363,START,,,,,2026-10-11T07:56:30,ISO8601,2026-10-11T07:58:30
IPC_SHP_002803,SHP,L_B_0363,START,,,,,2026-10-11T07:59:00,ISO8601,2026-10-11T08:01:00
IPC_INB_002804,INB,L_B_0364,START,,,,,2026-10-11T16:24:00,ISO8601,2026-10-11T16:26:00
IPC_M1_002805,M1,L_B_0364,START,,,,1.9,2026-10-11T16:26:30,ISO8601,2026-10-11T16:28:30
IPC_HT_002806,HT,L_B_0364,START,,175.6,,,2026-10-11T16:29:00,ISO8601,2026-10-11T16:39:00
IPC_AS2_002807,AS2,L_B_0364,START,,,,,2026-10-11T16:45:12,ISO8601,2026-10-11T16:41:30
IPC_T1_002808,T1,L_B_0364,START,,,,,2026-10-11T16:42:00,ISO8601,2026-10-11T16:44:00
IPC_PK_002809,PK,L_B_0364,START,,,,,2026-10-11T16:44:30,ISO8601,2026-10-11T16:46:30
IPC_SHP_002810,SHP,L_B_0364,START,,,,,2026-10-11T16:47:00,ISO8601,2026-10-11T16:49:00
IPC_INB_002811,INB,L_A_0365,START,,,,,2026-10-11T09:12:00,ISO8601,2026-10-11T09:14:00
IPC_M1_002812,M1,L_A_0365,START,,,,4.7,2026-10-11T09:14:30,ISO8601,2026-10-11T09:16:30
IPC_M2_002813,M2,L_A_0365,START,,179.0,49.5,,2026-10-11T09:13:24,ISO8601,2026-10-11T09:19:00
IPC_HT_002814,HT,L_A_0365,START,,176.8,,,2026-10-11T09:19:30,ISO8601,2026-10-11T09:29:30
IPC_AS1_002815,AS1,L_A_0365,START,,,,,2026-10-11T09:30:00,ISO8601,2026-10-11T09:32:00
IPC_T1_002816,T1,L_A_0365,START,,,,,2026-10-11T09:32:30,ISO8601,2026-10-11T09:34:30
IPC_PK_002817,PK,L_A_0365,START,,,,,2026-10-11T09:35:00,ISO8601,2026-10-11T09:37:00
IPC_SHP_002818,SHP,L_A_0365,START,,,,,2026-10-11T09:37:30,ISO8601,2026-10-11T09:39:30
IPC_INB_002819,INB,L_A_0366,START,,,,,2026-10-11T18:00:00,ISO8601,2026-10-11T18:02:00
IPC_M1_002820,M1,L_A_0366,START,,,,4.1,2026-10-11T18:02:30,ISO8601,2026-10-11T18:04:30
IPC_M2_002821,M2,L_A_0366,START,,175.6,45.9,,2026-10-11T18:01:24,ISO8601,2026-10-11T18:07:00
IPC_HT_002822,HT,L_A_0366,START,,170.4,,,2026-10-11T18:07:30,ISO8601,2026-10-11T18:17:30
IPC_AS1_002823,AS1,L_A_0366,START,,,,,2026-10-11T18:18:00,ISO8601,2026-10-11T18:20:00
IPC_T1_002824,T1,L_A_0366,START,,,,,2026-10-11T18:20:30,ISO8601,2026-10-11T18:22:30
IPC_PK_002825,PK,L_A_0366,START,,,,,2026-10-11T18:23:00,ISO8601,2026-10-11T18:25:00
IPC_SHP_002826,SHP,L_A_0366,START,,,,,2026-10-11T18:25:30,ISO8601,2026-10-11T18:27:30
IPC_INB_002827,INB,L_B_0367,START,,,,,2026-10-11T10:48:00,ISO8601,2026-10-11T10:50:00
IPC_M1_002828,M1,L_B_0367,START,FMEA-M2-001,,,3.9,2026-10-11T10:50:30,ISO8601,2026-10-11T10:52:30
IPC_HT_002829,HT,L_B_0367,START,,173.6,,,2026-10-11T10:53:00,ISO8601,2026-10-11T11:03:00
IPC_AS2_002830,AS2,L_B_0367,START,,,,,2026-10-11T11:09:12,ISO8601,2026-10-11T11:05:30
IPC_T1_002831,T1,L_B_0367,START,FMEA-M2-001,,,,2026-10-11T11:06:00,ISO8601,2026-10-11T11:08:00
IPC_PK_002832,PK,L_B_0367,START,,,,,2026-10-11T11:08:30,ISO8601,2026-10-11T11:10:30
IPC_SHP_002833,SHP,L_B_0367,START,,,,,2026-10-11T11:11:00,ISO8601,2026-10-11T11:13:00
IPC_INB_002834,INB,L_B_0368,START,,,,,2026-10-11T19:36:00,ISO8601,2026-10-11T19:38:00
IPC_M1_002835,M1,L_B_0368,START,,,,3.2,2026-10-11T19:38:30,ISO8601,2026-10-11T19:40:30
IPC_HT_002836,HT,L_B_0368,START,,173.9,,,2026-10-11T19:41:00,ISO8601,2026-10-11T19:51:00
IPC_AS2_002837,AS2,L_B_0368,START,,,,,2026-10-11T19:57:12,ISO8601,2026-10-11T19:53:30
IPC_T1_002838,T1,L_B_0368,START,,,,,2026-10-11T19:54:00,ISO8601,2026-10-11T19:56:00
IPC_PK_002839,PK,L_B_0368,START,,,,,2026-10-11T19:56:30,ISO8601,2026-10-11T19:58:30
IPC_SHP_002840,SHP,L_B_0368,START,,,,,2026-10-11T19:59:00,ISO8601,2026-10-11T20:01:00
IPC_INB_002841,INB,L_A_0369,START,,,,,2026-10-11T06:00:00,ISO8601,2026-10-11T06:02:00
IPC_M1_002842,M1,L_A_0369,START,,,,3.2,2026-10-11T06:02:30,ISO8601,2026-10-11T06:04:30
IPC_M2_002843,M2,L_A_0369,START,,177.9,44.8,,2026-10-11T06:01:24,ISO8601,2026-10-11T06:07:00
IPC_HT_002844,HT,L_A_0369,START,,178.4,,,2026-10-11T06:07:30,ISO8601,2026-10-11T06:17:30
IPC_AS1_002845,AS1,L_A_0369,START,FMEA-M2-001,,,,2026-10-11T06:18:00,ISO8601,2026-10-11T06:20:00
IPC_T1_002846,T1,L_A_0369,START,,,,,2026-10-11T06:20:30,ISO8601,2026-10-11T06:22:30
IPC_PK_002847,PK,L_A_0369,START,,,,,2026-10-11T06:23:00,ISO8601,2026-10-11T06:25:00
IPC_SHP_002848,SHP,L_A_0369,START,,,,,2026-10-11T06:25:30,ISO8601,2026-10-11T06:27:30
IPC_INB_002849,INB,L_A_0370,START,,,,,2026-10-11T14:48:00,ISO8601,2026-10-11T14:50:00
IPC_M1_002850,M1,L_A_0370,START,,,,2.0,2026-10-11T14:50:30,ISO8601,2026-10-11T14:52:30
IPC_M2_002851,M2,L_A_0370,START,,178.4,44.8,,2026-10-11T14:49:24,ISO8601,2026-10-11T14:55:00
IPC_HT_002852,HT,L_A_0370,START,,175.6,,,2026-10-11T14:55:30,ISO8601,2026-10-11T15:05:30
IPC_AS1_002853,AS1,L_A_0370,START,,,,,2026-10-11T15:06:00,ISO8601,2026-10-11T15:08:00
IPC_T1_002854,T1,L_A_0370,START,,,,,2026-10-11T15:08:30,ISO8601,2026-10-11T15:10:30
IPC_PK_002855,PK,L_A_0370,START,,,,,2026-10-11T15:11:00,ISO8601,2026-10-11T15:13:00
IPC_SHP_002856,SHP,L_A_0370,START,,,,,2026-10-11T15:13:30,ISO8601,2026-10-11T15:15:30
IPC_INB_002857,INB,L_B_0371,START,,,,,2026-10-11T07:36:00,ISO8601,2026-10-11T07:38:00
IPC_M1_002858,M1,L_B_0371,START,,,,1.1,2026-10-11T07:38:30,ISO8601,2026-10-11T07:40:30
IPC_HT_002859,HT,L_B_0371,START,,177.0,,,2026-10-11T07:41:00,ISO8601,2026-10-11T07:51:00
IPC_AS2_002860,AS2,L_B_0371,START,,,,,2026-10-11T07:57:12,ISO8601,2026-10-11T07:53:30
IPC_T1_002861,T1,L_B_0371,START,,,,,2026-10-11T07:54:00,ISO8601,2026-10-11T07:56:00
IPC_PK_002862,PK,L_B_0371,START,,,,,2026-10-11T07:56:30,ISO8601,2026-10-11T07:58:30
IPC_SHP_002863,SHP,L_B_0371,START,,,,,2026-10-11T07:59:00,ISO8601,2026-10-11T08:01:00
IPC_INB_002864,INB,L_B_0372,START,,,,,2026-10-11T16:24:00,ISO8601,2026-10-11T16:26:00
IPC_M1_002865,M1,L_B_0372,START,,,,3.7,2026-10-11T16:26:30,ISO8601,2026-10-11T16:28:30
IPC_HT_002866,HT,L_B_0372,START,,181.1,,,2026-10-11T16:29:00,ISO8601,2026-10-11T16:39:00
IPC_AS2_002867,AS2,L_B_0372,START,,,,,2026-10-11T16:45:12,ISO8601,2026-10-11T16:41:30
IPC_T1_002868,T1,L_B_0372,START,,,,,2026-10-11T16:42:00,ISO8601,2026-10-11T16:44:00
IPC_PK_002869,PK,L_B_0372,START,,,,,2026-10-11T16:44:30,ISO8601,2026-10-11T16:46:30
IPC_SHP_002870,SHP,L_B_0372,START,,,,,2026-10-11T16:47:00,ISO8601,2026-10-11T16:49:00
IPC_INB_002871,INB,L_A_0373,START,,,,,2026-10-12T06:00:00,ISO8601,2026-10-12T06:02:00
IPC_M1_002872,M1,L_A_0373,START,,,,3.0,2026-10-12T06:02:30,ISO8601,2026-10-12T06:04:30
IPC_M2_002873,M2,L_A_0373,START,,180.5,44.8,,2026-10-12T06:01:26,ISO8601,2026-10-12T06:07:00
IPC_HT_002874,HT,L_A_0373,START,,177.8,,,2026-10-12T06:07:30,ISO8601,2026-10-12T06:17:30
IPC_AS1_002875,AS1,L_A_0373,START,,,,,2026-10-12T06:18:00,ISO8601,2026-10-12T06:20:00
IPC_T1_002876,T1,L_A_0373,START,,,,,2026-10-12T06:20:30,ISO8601,2026-10-12T06:22:30
IPC_PK_002877,PK,L_A_0373,START,,,,,2026-10-12T06:23:00,ISO8601,2026-10-12T06:25:00
IPC_SHP_002878,SHP,L_A_0373,START,,,,,2026-10-12T06:25:30,ISO8601,2026-10-12T06:27:30
IPC_INB_002879,INB,L_A_0374,START,,,,,2026-10-12T14:48:00,ISO8601,2026-10-12T14:50:00
IPC_M1_002880,M1,L_A_0374,START,,,,3.2,2026-10-12T14:50:30,ISO8601,2026-10-12T14:52:30
IPC_M2_002881,M2,L_A_0374,START,,175.0,47.3,,2026-10-12T14:49:26,ISO8601,2026-10-12T14:55:00
IPC_HT_002882,HT,L_A_0374,START,,182.2,,,2026-10-12T14:55:30,ISO8601,2026-10-12T15:05:30
IPC_AS1_002883,AS1,L_A_0374,START,,,,,2026-10-12T15:06:00,ISO8601,2026-10-12T15:08:00
IPC_T1_002884,T1,L_A_0374,START,,,,,2026-10-12T15:08:30,ISO8601,2026-10-12T15:10:30
IPC_PK_002885,PK,L_A_0374,START,FMEA-M2-001,,,,2026-10-12T15:11:00,ISO8601,2026-10-12T15:13:00
IPC_SHP_002886,SHP,L_A_0374,START,FMEA-M2-001,,,,2026-10-12T15:13:30,ISO8601,2026-10-12T15:15:30
IPC_INB_002887,INB,L_B_0375,START,,,,,2026-10-12T07:36:00,ISO8601,2026-10-12T07:38:00
IPC_M1_002888,M1,L_B_0375,START,,,,5.0,2026-10-12T07:38:30,ISO8601,2026-10-12T07:40:30
IPC_HT_002889,HT,L_B_0375,START,,180.0,,,2026-10-12T07:41:00,ISO8601,2026-10-12T07:51:00
IPC_AS2_002890,AS2,L_B_0375,START,,,,,2026-10-12T07:57:10,ISO8601,2026-10-12T07:53:30
IPC_T1_002891,T1,L_B_0375,START,,,,,2026-10-12T07:54:00,ISO8601,2026-10-12T07:56:00
IPC_PK_002892,PK,L_B_0375,START,,,,,2026-10-12T07:56:30,ISO8601,2026-10-12T07:58:30
IPC_SHP_002893,SHP,L_B_0375,START,,,,,2026-10-12T07:59:00,ISO8601,2026-10-12T08:01:00
IPC_INB_002894,INB,L_B_0376,START,,,,,2026-10-12T16:24:00,ISO8601,2026-10-12T16:26:00
IPC_M1_002895,M1,L_B_0376,START,,,,2.1,2026-10-12T16:26:30,ISO8601,2026-10-12T16:28:30
IPC_HT_002896,HT,L_B_0376,START,,185.9,,,2026-10-12T16:29:00,ISO8601,2026-10-12T16:39:00
IPC_AS2_002897,AS2,L_B_0376,START,,,,,2026-10-12T16:45:10,ISO8601,2026-10-12T16:41:30
IPC_T1_002898,T1,L_B_0376,START,,,,,2026-10-12T16:42:00,ISO8601,2026-10-12T16:44:00
IPC_PK_002899,PK,L_B_0376,START,,,,,2026-10-12T16:44:30,ISO8601,2026-10-12T16:46:30
IPC_SHP_002900,SHP,L_B_0376,START,,,,,2026-10-12T16:47:00,ISO8601,2026-10-12T16:49:00
IPC_INB_002901,INB,L_A_0377,START,,,,,2026-10-12T09:12:00,ISO8601,2026-10-12T09:14:00
IPC_M1_002902,M1,L_A_0377,START,,,,3.5,2026-10-12T09:14:30,ISO8601,2026-10-12T09:16:30
IPC_M2_002903,M2,L_A_0377,START,,178.2,41.9,,2026-10-12T09:13:26,ISO8601,2026-10-12T09:19:00
IPC_HT_002904,HT,L_A_0377,START,,172.9,,,2026-10-12T09:19:30,ISO8601,2026-10-12T09:29:30
IPC_AS1_002905,AS1,L_A_0377,START,,,,,2026-10-12T09:30:00,ISO8601,2026-10-12T09:32:00
IPC_T1_002906,T1,L_A_0377,START,,,,,2026-10-12T09:32:30,ISO8601,2026-10-12T09:34:30
IPC_PK_002907,PK,L_A_0377,START,,,,,2026-10-12T09:35:00,ISO8601,2026-10-12T09:37:00
IPC_SHP_002908,SHP,L_A_0377,START,,,,,2026-10-12T09:37:30,ISO8601,2026-10-12T09:39:30
IPC_INB_002909,INB,L_A_0378,START,,,,,2026-10-12T18:00:00,ISO8601,2026-10-12T18:02:00
IPC_M1_002910,M1,L_A_0378,START,,,,3.9,2026-10-12T18:02:30,ISO8601,2026-10-12T18:04:30
IPC_M2_002911,M2,L_A_0378,START,,179.4,45.3,,2026-10-12T18:01:26,ISO8601,2026-10-12T18:07:00
IPC_HT_002912,HT,L_A_0378,START,,176.9,,,2026-10-12T18:07:30,ISO8601,2026-10-12T18:17:30
IPC_AS1_002913,AS1,L_A_0378,START,,,,,2026-10-12T18:18:00,ISO8601,2026-10-12T18:20:00
IPC_T1_002914,T1,L_A_0378,START,,,,,2026-10-12T18:20:30,ISO8601,2026-10-12T18:22:30
IPC_PK_002915,PK,L_A_0378,START,,,,,2026-10-12T18:23:00,ISO8601,2026-10-12T18:25:00
IPC_SHP_002916,SHP,L_A_0378,START,,,,,2026-10-12T18:25:30,ISO8601,2026-10-12T18:27:30
IPC_INB_002917,INB,L_B_0379,START,,,,,2026-10-12T10:48:00,ISO8601,2026-10-12T10:50:00
IPC_M1_002918,M1,L_B_0379,START,,,,2.5,2026-10-12T10:50:30,ISO8601,2026-10-12T10:52:30
IPC_HT_002919,HT,L_B_0379,START,,182.9,,,2026-10-12T10:53:00,ISO8601,2026-10-12T11:03:00
IPC_AS2_002920,AS2,L_B_0379,START,,,,,2026-10-12T11:09:10,ISO8601,2026-10-12T11:05:30
IPC_T1_002921,T1,L_B_0379,START,,,,,2026-10-12T11:06:00,ISO8601,2026-10-12T11:08:00
IPC_PK_002922,PK,L_B_0379,START,,,,,2026-10-12T11:08:30,ISO8601,2026-10-12T11:10:30
IPC_SHP_002923,SHP,L_B_0379,START,,,,,2026-10-12T11:11:00,ISO8601,2026-10-12T11:13:00
IPC_INB_002924,INB,L_B_0380,START,,,,,2026-10-12T19:36:00,ISO8601,2026-10-12T19:38:00
IPC_M1_002925,M1,L_B_0380,START,,,,4.9,2026-10-12T19:38:30,ISO8601,2026-10-12T19:40:30
IPC_HT_002926,HT,L_B_0380,START,,174.5,,,2026-10-12T19:41:00,ISO8601,2026-10-12T19:51:00
IPC_AS2_002927,AS2,L_B_0380,START,,,,,2026-10-12T19:57:10,ISO8601,2026-10-12T19:53:30
IPC_T1_002928,T1,L_B_0380,START,,,,,2026-10-12T19:54:00,ISO8601,2026-10-12T19:56:00
IPC_PK_002929,PK,L_B_0380,START,,,,,2026-10-12T19:56:30,ISO8601,2026-10-12T19:58:30
IPC_SHP_002930,SHP,L_B_0380,START,,,,,2026-10-12T19:59:00,ISO8601,2026-10-12T20:01:00
IPC_INB_002931,INB,L_A_0381,START,,,,,2026-10-12T06:00:00,ISO8601,2026-10-12T06:02:00
IPC_M1_002932,M1,L_A_0381,START,,,,5.6,2026-10-12T06:02:30,ISO8601,2026-10-12T06:04:30
IPC_M2_002933,M2,L_A_0381,START,,182.8,47.4,,2026-10-12T06:01:26,ISO8601,2026-10-12T06:07:00
IPC_HT_002934,HT,L_A_0381,START,,176.1,,,2026-10-12T06:07:30,ISO8601,2026-10-12T06:17:30
IPC_AS1_002935,AS1,L_A_0381,START,,,,,2026-10-12T06:18:00,ISO8601,2026-10-12T06:20:00
IPC_T1_002936,T1,L_A_0381,START,,,,,2026-10-12T06:20:30,ISO8601,2026-10-12T06:22:30
IPC_PK_002937,PK,L_A_0381,START,,,,,2026-10-12T06:23:00,ISO8601,2026-10-12T06:25:00
IPC_SHP_002938,SHP,L_A_0381,START,,,,,2026-10-12T06:25:30,ISO8601,2026-10-12T06:27:30
IPC_INB_002939,INB,L_A_0382,START,,,,,2026-10-12T14:48:00,ISO8601,2026-10-12T14:50:00
IPC_M1_002940,M1,L_A_0382,START,,,,2.4,2026-10-12T14:50:30,ISO8601,2026-10-12T14:52:30
IPC_M2_002941,M2,L_A_0382,START,,177.9,48.6,,2026-10-12T14:49:26,ISO8601,2026-10-12T14:55:00
IPC_HT_002942,HT,L_A_0382,START,,173.6,,,2026-10-12T14:55:30,ISO8601,2026-10-12T15:05:30
IPC_AS1_002943,AS1,L_A_0382,START,,,,,2026-10-12T15:06:00,ISO8601,2026-10-12T15:08:00
IPC_T1_002944,T1,L_A_0382,START,FMEA-M2-001,,,,2026-10-12T15:08:30,ISO8601,2026-10-12T15:10:30
IPC_PK_002945,PK,L_A_0382,START,,,,,2026-10-12T15:11:00,ISO8601,2026-10-12T15:13:00
IPC_SHP_002946,SHP,L_A_0382,START,,,,,2026-10-12T15:13:30,ISO8601,2026-10-12T15:15:30
IPC_INB_002947,INB,L_B_0383,START,,,,,2026-10-12T07:36:00,ISO8601,2026-10-12T07:38:00
IPC_M1_002948,M1,L_B_0383,START,,,,2.8,2026-10-12T07:38:30,ISO8601,2026-10-12T07:40:30
IPC_HT_002949,HT,L_B_0383,START,FMEA-M2-001,193.3,,,2026-10-12T07:41:00,ISO8601,2026-10-12T07:51:00
IPC_AS2_002950,AS2,L_B_0383,START,,,,,2026-10-12T07:57:10,ISO8601,2026-10-12T07:53:30
IPC_T1_002951,T1,L_B_0383,START,,,,,2026-10-12T07:54:00,ISO8601,2026-10-12T07:56:00
IPC_PK_002952,PK,L_B_0383,START,,,,,2026-10-12T07:56:30,ISO8601,2026-10-12T07:58:30
IPC_SHP_002953,SHP,L_B_0383,START,,,,,2026-10-12T07:59:00,ISO8601,2026-10-12T08:01:00
IPC_INB_002954,INB,L_B_0384,START,,,,,2026-10-12T16:24:00,ISO8601,2026-10-12T16:26:00
IPC_M1_002955,M1,L_B_0384,START,,,,3.7,2026-10-12T16:26:30,ISO8601,2026-10-12T16:28:30
IPC_HT_002956,HT,L_B_0384,START,,175.1,,,2026-10-12T16:29:00,ISO8601,2026-10-12T16:39:00
IPC_AS2_002957,AS2,L_B_0384,START,,,,,2026-10-12T16:45:10,ISO8601,2026-10-12T16:41:30
IPC_T1_002958,T1,L_B_0384,START,,,,,2026-10-12T16:42:00,ISO8601,2026-10-12T16:44:00
IPC_PK_002959,PK,L_B_0384,START,,,,,2026-10-12T16:44:30,ISO8601,2026-10-12T16:46:30
IPC_SHP_002960,SHP,L_B_0384,START,,,,,2026-10-12T16:47:00,ISO8601,2026-10-12T16:49:00
IPC_INB_002961,INB,L_A_0385,START,,,,,2026-10-12T09:12:00,ISO8601,2026-10-12T09:14:00
IPC_M1_002962,M1,L_A_0385,START,,,,3.1,2026-10-12T09:14:30,ISO8601,2026-10-12T09:16:30
IPC_M2_002963,M2,L_A_0385,START,,176.8,42.8,,2026-10-12T09:13:26,ISO8601,2026-10-12T09:19:00
IPC_HT_002964,HT,L_A_0385,START,,171.9,,,2026-10-12T09:19:30,ISO8601,2026-10-12T09:29:30
IPC_AS1_002965,AS1,L_A_0385,START,,,,,2026-10-12T09:30:00,ISO8601,2026-10-12T09:32:00
IPC_T1_002966,T1,L_A_0385,START,,,,,2026-10-12T09:32:30,ISO8601,2026-10-12T09:34:30
IPC_PK_002967,PK,L_A_0385,START,,,,,2026-10-12T09:35:00,ISO8601,2026-10-12T09:37:00
IPC_SHP_002968,SHP,L_A_0385,START,,,,,2026-10-12T09:37:30,ISO8601,2026-10-12T09:39:30
IPC_INB_002969,INB,L_A_0386,START,,,,,2026-10-12T18:00:00,ISO8601,2026-10-12T18:02:00
IPC_M1_002970,M1,L_A_0386,START,,,,4.1,2026-10-12T18:02:30,ISO8601,2026-10-12T18:04:30
IPC_M2_002971,M2,L_A_0386,START,FMEA-M2-001,198.0,47.7,,2026-10-12T18:01:26,ISO8601,2026-10-12T18:07:00
IPC_HT_002972,HT,L_A_0386,START,,181.5,,,2026-10-12T18:07:30,ISO8601,2026-10-12T18:17:30
IPC_AS1_002973,AS1,L_A_0386,START,,,,,2026-10-12T18:18:00,ISO8601,2026-10-12T18:20:00
IPC_T1_002974,T1,L_A_0386,START,FMEA-M2-001,,,,2026-10-12T18:20:30,ISO8601,2026-10-12T18:22:30
IPC_PK_002975,PK,L_A_0386,START,,,,,2026-10-12T18:23:00,ISO8601,2026-10-12T18:25:00
IPC_SHP_002976,SHP,L_A_0386,START,,,,,2026-10-12T18:25:30,ISO8601,2026-10-12T18:27:30
IPC_INB_002977,INB,L_B_0387,START,,,,,2026-10-12T10:48:00,ISO8601,2026-10-12T10:50:00
IPC_M1_002978,M1,L_B_0387,START,,,,3.6,2026-10-12T10:50:30,ISO8601,2026-10-12T10:52:30
IPC_HT_002979,HT,L_B_0387,START,FMEA-M2-001,193.2,,,2026-10-12T10:53:00,ISO8601,2026-10-12T11:03:00
IPC_AS2_002980,AS2,L_B_0387,START,,,,,2026-10-12T11:09:10,ISO8601,2026-10-12T11:05:30
IPC_T1_002981,T1,L_B_0387,START,,,,,2026-10-12T11:06:00,ISO8601,2026-10-12T11:08:00
IPC_PK_002982,PK,L_B_0387,START,,,,,2026-10-12T11:08:30,ISO8601,2026-10-12T11:10:30
IPC_SHP_002983,SHP,L_B_0387,START,,,,,2026-10-12T11:11:00,ISO8601,2026-10-12T11:13:00
IPC_INB_002984,INB,L_B_0388,START,,,,,2026-10-12T19:36:00,ISO8601,2026-10-12T19:38:00
IPC_M1_002985,M1,L_B_0388,START,,,,2.7,2026-10-12T19:38:30,ISO8601,2026-10-12T19:40:30
IPC_HT_002986,HT,L_B_0388,START,,175.8,,,2026-10-12T19:41:00,ISO8601,2026-10-12T19:51:00
IPC_AS2_002987,AS2,L_B_0388,START,,,,,2026-10-12T19:57:10,ISO8601,2026-10-12T19:53:30
IPC_T1_002988,T1,L_B_0388,START,,,,,2026-10-12T19:54:00,ISO8601,2026-10-12T19:56:00
IPC_PK_002989,PK,L_B_0388,START,,,,,2026-10-12T19:56:30,ISO8601,2026-10-12T19:58:30
IPC_SHP_002990,SHP,L_B_0388,START,,,,,2026-10-12T19:59:00,ISO8601,2026-10-12T20:01:00
IPC_INB_002991,INB,L_A_0389,START,,,,,2026-10-12T06:00:00,ISO8601,2026-10-12T06:02:00
IPC_M1_002992,M1,L_A_0389,START,,,,2.7,2026-10-12T06:02:30,ISO8601,2026-10-12T06:04:30
IPC_M2_002993,M2,L_A_0389,START,,172.9,45.1,,2026-10-12T06:01:26,ISO8601,2026-10-12T06:07:00
IPC_HT_002994,HT,L_A_0389,START,,178.3,,,2026-10-12T06:07:30,ISO8601,2026-10-12T06:17:30
IPC_AS1_002995,AS1,L_A_0389,START,,,,,2026-10-12T06:18:00,ISO8601,2026-10-12T06:20:00
IPC_T1_002996,T1,L_A_0389,START,,,,,2026-10-12T06:20:30,ISO8601,2026-10-12T06:22:30
IPC_PK_002997,PK,L_A_0389,START,,,,,2026-10-12T06:23:00,ISO8601,2026-10-12T06:25:00
IPC_SHP_002998,SHP,L_A_0389,START,,,,,2026-10-12T06:25:30,ISO8601,2026-10-12T06:27:30
IPC_INB_002999,INB,L_A_0390,START,,,,,2026-10-12T14:48:00,ISO8601,2026-10-12T14:50:00
IPC_M1_003000,M1,L_A_0390,START,,,,3.9,2026-10-12T14:50:30,ISO8601,2026-10-12T14:52:30
IPC_M2_003001,M2,L_A_0390,START,,175.5,42.3,,2026-10-12T14:49:26,ISO8601,2026-10-12T14:55:00
IPC_HT_003002,HT,L_A_0390,START,,179.1,,,2026-10-12T14:55:30,ISO8601,2026-10-12T15:05:30
IPC_AS1_003003,AS1,L_A_0390,START,,,,,2026-10-12T15:06:00,ISO8601,2026-10-12T15:08:00
IPC_T1_003004,T1,L_A_0390,START,,,,,2026-10-12T15:08:30,ISO8601,2026-10-12T15:10:30
IPC_PK_003005,PK,L_A_0390,START,,,,,2026-10-12T15:11:00,ISO8601,2026-10-12T15:13:00
IPC_SHP_003006,SHP,L_A_0390,START,,,,,2026-10-12T15:13:30,ISO8601,2026-10-12T15:15:30
IPC_INB_003007,INB,L_B_0391,START,,,,,2026-10-12T07:36:00,ISO8601,2026-10-12T07:38:00
IPC_M1_003008,M1,L_B_0391,START,,,,2.7,2026-10-12T07:38:30,ISO8601,2026-10-12T07:40:30
IPC_HT_003009,HT,L_B_0391,START,,176.1,,,2026-10-12T07:41:00,ISO8601,2026-10-12T07:51:00
IPC_AS2_003010,AS2,L_B_0391,START,,,,,2026-10-12T07:57:10,ISO8601,2026-10-12T07:53:30
IPC_T1_003011,T1,L_B_0391,START,,,,,2026-10-12T07:54:00,ISO8601,2026-10-12T07:56:00
IPC_PK_003012,PK,L_B_0391,START,,,,,2026-10-12T07:56:30,ISO8601,2026-10-12T07:58:30
IPC_SHP_003013,SHP,L_B_0391,START,,,,,2026-10-12T07:59:00,ISO8601,2026-10-12T08:01:00
IPC_INB_003014,INB,L_B_0392,START,,,,,2026-10-12T16:24:00,ISO8601,2026-10-12T16:26:00
IPC_M1_003015,M1,L_B_0392,START,,,,3.4,2026-10-12T16:26:30,ISO8601,2026-10-12T16:28:30
IPC_HT_003016,HT,L_B_0392,START,,179.4,,,2026-10-12T16:29:00,ISO8601,2026-10-12T16:39:00
IPC_AS2_003017,AS2,L_B_0392,START,,,,,2026-10-12T16:45:10,ISO8601,2026-10-12T16:41:30
IPC_T1_003018,T1,L_B_0392,START,,,,,2026-10-12T16:42:00,ISO8601,2026-10-12T16:44:00
IPC_PK_003019,PK,L_B_0392,START,,,,,2026-10-12T16:44:30,ISO8601,2026-10-12T16:46:30
IPC_SHP_003020,SHP,L_B_0392,START,,,,,2026-10-12T16:47:00,ISO8601,2026-10-12T16:49:00
IPC_INB_003021,INB,L_A_0393,START,,,,,2026-10-12T09:12:00,ISO8601,2026-10-12T09:14:00
IPC_M1_003022,M1,L_A_0393,START,,,,3.1,2026-10-12T09:14:30,ISO8601,2026-10-12T09:16:30
IPC_M2_003023,M2,L_A_0393,START,,180.2,45.8,,2026-10-12T09:13:26,ISO8601,2026-10-12T09:19:00
IPC_HT_003024,HT,L_A_0393,START,,179.7,,,2026-10-12T09:19:30,ISO8601,2026-10-12T09:29:30
IPC_AS1_003025,AS1,L_A_0393,START,,,,,2026-10-12T09:30:00,ISO8601,2026-10-12T09:32:00
IPC_T1_003026,T1,L_A_0393,START,,,,,2026-10-12T09:32:30,ISO8601,2026-10-12T09:34:30
IPC_PK_003027,PK,L_A_0393,START,,,,,2026-10-12T09:35:00,ISO8601,2026-10-12T09:37:00
IPC_SHP_003028,SHP,L_A_0393,START,,,,,2026-10-12T09:37:30,ISO8601,2026-10-12T09:39:30
IPC_INB_003029,INB,L_A_0394,START,,,,,2026-10-12T18:00:00,ISO8601,2026-10-12T18:02:00
IPC_M1_003030,M1,L_A_0394,START,,,,2.5,2026-10-12T18:02:30,ISO8601,2026-10-12T18:04:30
IPC_M2_003031,M2,L_A_0394,START,,178.1,45.7,,2026-10-12T18:01:26,ISO8601,2026-10-12T18:07:00
IPC_HT_003032,HT,L_A_0394,START,,178.9,,,2026-10-12T18:07:30,ISO8601,2026-10-12T18:17:30
IPC_AS1_003033,AS1,L_A_0394,START,,,,,2026-10-12T18:18:00,ISO8601,2026-10-12T18:20:00
IPC_T1_003034,T1,L_A_0394,START,,,,,2026-10-12T18:20:30,ISO8601,2026-10-12T18:22:30
IPC_PK_003035,PK,L_A_0394,START,,,,,2026-10-12T18:23:00,ISO8601,2026-10-12T18:25:00
IPC_SHP_003036,SHP,L_A_0394,START,,,,,2026-10-12T18:25:30,ISO8601,2026-10-12T18:27:30
IPC_INB_003037,INB,L_B_0395,START,,,,,2026-10-12T10:48:00,ISO8601,2026-10-12T10:50:00
IPC_M1_003038,M1,L_B_0395,START,,,,4.3,2026-10-12T10:50:30,ISO8601,2026-10-12T10:52:30
IPC_HT_003039,HT,L_B_0395,START,,176.7,,,2026-10-12T10:53:00,ISO8601,2026-10-12T11:03:00
IPC_AS2_003040,AS2,L_B_0395,START,,,,,2026-10-12T11:09:10,ISO8601,2026-10-12T11:05:30
IPC_T1_003041,T1,L_B_0395,START,,,,,2026-10-12T11:06:00,ISO8601,2026-10-12T11:08:00
IPC_PK_003042,PK,L_B_0395,START,,,,,2026-10-12T11:08:30,ISO8601,2026-10-12T11:10:30
IPC_SHP_003043,SHP,L_B_0395,START,,,,,2026-10-12T11:11:00,ISO8601,2026-10-12T11:13:00
IPC_INB_003044,INB,L_B_0396,START,,,,,2026-10-12T19:36:00,ISO8601,2026-10-12T19:38:00
IPC_M1_003045,M1,L_B_0396,START,,,,3.6,2026-10-12T19:38:30,ISO8601,2026-10-12T19:40:30
IPC_HT_003046,HT,L_B_0396,START,,177.5,,,2026-10-12T19:41:00,ISO8601,2026-10-12T19:51:00
IPC_AS2_003047,AS2,L_B_0396,START,,,,,2026-10-12T19:57:10,ISO8601,2026-10-12T19:53:30
IPC_T1_003048,T1,L_B_0396,START,,,,,2026-10-12T19:54:00,ISO8601,2026-10-12T19:56:00
IPC_PK_003049,PK,L_B_0396,START,,,,,2026-10-12T19:56:30,ISO8601,2026-10-12T19:58:30
IPC_SHP_003050,SHP,L_B_0396,START,,,,,2026-10-12T19:59:00,ISO8601,2026-10-12T20:01:00
IPC_INB_003051,INB,L_A_0397,START,,,,,2026-10-12T06:00:00,ISO8601,2026-10-12T06:02:00
IPC_M1_003052,M1,L_A_0397,START,,,,3.6,2026-10-12T06:02:30,ISO8601,2026-10-12T06:04:30
IPC_M2_003053,M2,L_A_0397,START,,183.4,47.6,,2026-10-12T06:01:26,ISO8601,2026-10-12T06:07:00
IPC_HT_003054,HT,L_A_0397,START,,177.5,,,2026-10-12T06:07:30,ISO8601,2026-10-12T06:17:30
IPC_AS1_003055,AS1,L_A_0397,START,,,,,2026-10-12T06:18:00,ISO8601,2026-10-12T06:20:00
IPC_T1_003056,T1,L_A_0397,START,,,,,2026-10-12T06:20:30,ISO8601,2026-10-12T06:22:30
IPC_PK_003057,PK,L_A_0397,START,,,,,2026-10-12T06:23:00,ISO8601,2026-10-12T06:25:00
IPC_SHP_003058,SHP,L_A_0397,START,,,,,2026-10-12T06:25:30,ISO8601,2026-10-12T06:27:30
IPC_INB_003059,INB,L_A_0398,START,,,,,2026-10-12T14:48:00,ISO8601,2026-10-12T14:50:00
IPC_M1_003060,M1,L_A_0398,START,,,,3.9,2026-10-12T14:50:30,ISO8601,2026-10-12T14:52:30
IPC_M2_003061,M2,L_A_0398,START,,179.8,46.9,,2026-10-12T14:49:26,ISO8601,2026-10-12T14:55:00
IPC_HT_003062,HT,L_A_0398,START,,177.3,,,2026-10-12T14:55:30,ISO8601,2026-10-12T15:05:30
IPC_AS1_003063,AS1,L_A_0398,START,,,,,2026-10-12T15:06:00,ISO8601,2026-10-12T15:08:00
IPC_T1_003064,T1,L_A_0398,START,,,,,2026-10-12T15:08:30,ISO8601,2026-10-12T15:10:30
IPC_PK_003065,PK,L_A_0398,START,,,,,2026-10-12T15:11:00,ISO8601,2026-10-12T15:13:00
IPC_SHP_003066,SHP,L_A_0398,START,,,,,2026-10-12T15:13:30,ISO8601,2026-10-12T15:15:30
IPC_INB_003067,INB,L_B_0399,START,,,,,2026-10-12T07:36:00,ISO8601,2026-10-12T07:38:00
IPC_M1_003068,M1,L_B_0399,START,,,,4.5,2026-10-12T07:38:30,ISO8601,2026-10-12T07:40:30
IPC_HT_003069,HT,L_B_0399,START,,175.8,,,2026-10-12T07:41:00,ISO8601,2026-10-12T07:51:00
IPC_AS2_003070,AS2,L_B_0399,START,,,,,2026-10-12T07:57:10,ISO8601,2026-10-12T07:53:30
IPC_T1_003071,T1,L_B_0399,START,FMEA-M2-001,,,,2026-10-12T07:54:00,ISO8601,2026-10-12T07:56:00
IPC_PK_003072,PK,L_B_0399,START,,,,,2026-10-12T07:56:30,ISO8601,2026-10-12T07:58:30
IPC_SHP_003073,SHP,L_B_0399,START,,,,,2026-10-12T07:59:00,ISO8601,2026-10-12T08:01:00
IPC_INB_003074,INB,L_B_0400,START,,,,,2026-10-12T16:24:00,ISO8601,2026-10-12T16:26:00
IPC_M1_003075,M1,L_B_0400,START,,,,3.1,2026-10-12T16:26:30,ISO8601,2026-10-12T16:28:30
IPC_HT_003076,HT,L_B_0400,START,,176.9,,,2026-10-12T16:29:00,ISO8601,2026-10-12T16:39:00
IPC_AS2_003077,AS2,L_B_0400,START,FMEA-M2-001,,,,2026-10-12T16:45:10,ISO8601,2026-10-12T16:41:30
IPC_T1_003078,T1,L_B_0400,START,,,,,2026-10-12T16:42:00,ISO8601,2026-10-12T16:44:00
IPC_PK_003079,PK,L_B_0400,START,,,,,2026-10-12T16:44:30,ISO8601,2026-10-12T16:46:30
IPC_SHP_003080,SHP,L_B_0400,START,,,,,2026-10-12T16:47:00,ISO8601,2026-10-12T16:49:00
